Workbook
Name ActiveSrc: Workings!$BD$2
Name ATAtt: Attendance!$E$4:$CN$4
Name ATDates: Attendance!$E$3:$CN$3
Name ATWR: Attendance!$F$4:$CO$4
Name Opponents: Attendance!$D$46:$D$56
Name PlayerList: Attendance!$D$5:$D$24
Name PSAtt: 'Pre season'!$E$4:$AB$4
Name PSDates: 'Pre season'!$E$3:$AB$3
Name PSWR: 'Pre season'!$F$4:$AC$4
Name WinDays: Workings!$BB$1
Name WinEnd: Workings!$BD$1

Sheet Dashboard
B2: LUCAN UTD YOUTHS — GIRLS YOUTH | 2026/2027 LEAGUE SEASON
B3: Everything on this tab updates automatically from the Attendance tab. Only the player dropdown in the Individual Progress section is an input.
B5: {="Girls Youth Squad | GW "&MAX(1,SUMPRODUCT((Attendance!$CP$4:$FY$4="Att")*(Attendance!$CP$2:$FY$2<>"")))&" of 22 | "&SUMPRODUCT((Attendance!$E$4:$CN$4="Att")*(Attendance!$E$3:$CN$3<>""))&" sessions held | "&SUMPRODUCT((Attendance!$CP$4:$FY$4="Att")*(Attendance!$CP$28:$FY$28<>""))&" matches played | "&COUNTA(Attendance!$D$5:$D$24)&" players tracked"} -> Girls Youth Squad | GW 1 of 22 | 1 sessions held | 1 matches played | 18 players tracked
B7: Season Score | D7: Avg Training Attendance | F7: Avg Work Rate | H7: Avg Matchday Attendance | J7: Avg Match Rating | L7: Record (W-D-L) | N7: Full Attenders
B8: =IFERROR(AVERAGE(Workings!$H$6:$H$25),0) -> 0.65478395 | D8: =IFERROR(AVERAGE(Workings!$D$6:$D$25),0) -> 0.7962963 | F8: =IFERROR(AVERAGE(Workings!$E$6:$E$25),0) -> 3.1145833 | H8: =IFERROR(AVERAGE(Workings!$F$6:$F$25),0) -> 0 | J8: =IFERROR(AVERAGE(Workings!$G$6:$G$25),0) -> 7.78125 | L8: =COUNTIF(Attendance!$CP$28:$FY$28,"W")&" - "&COUNTIF(Attendance!$CP$28:$FY$28,"D")&" - "&COUNTIF(Attendance!$CP$28:$FY$28,"L") -> 1 - 0 - 0 | N8: =COUNTIF(Workings!$D$6:$D$25,1) -> 12
B32: PRE-SEASON READINESS — baseline for Game 1
B33: Work rate averaged over sessions attended only; work-rate credit tapers below the attendance threshold. Cancelled session (bad weather) excluded. Readiness band needs 5+ attended sessions — thresholds editable on the Pre season tab (AM4/AM5). | AF33: PLAYER SCORECARD — training work-rate trend (44 sessions), matchday trend (22 fixtures) and season metrics
B34: Sessions Held | C34: Squad Attendance % | D34: Squad Avg Work Rate | E34: Match Ready | F34: Below 2.50 Work Rate | G34: Under 5 Sessions | AF34: Player | AG34: Training work-rate trend (▁▃▅▆█ = 1–5, · = missed) | AH34: Matchday trend (rating bands, · = no minutes) | AI34: 1 | AJ34: 2 | AK34: 3 | AL34: 4 | AM34: 5 | AN34: 6 | AO34: 7 | AP34: 8 | AQ34: 9 | AR34: 10 | AS34: 11 | AT34: 12 | AU34: 13 | AV34: 14 | AW34: 15 | AX34: 16 | AY34: 17 | AZ34: 18 | BA34: 19 | BB34: 20 | BC34: 21 | BD34: 22 | BE34: Att % | BF34: Avg WR | BG34: Avg Rating | BH34: Season Score %
B35: =IFERROR(MAX(Workings!$AQ$6:$AQ$25),"") -> 11 | C35: =IFERROR(SUM(Workings!$AP$6:$AP$25)/SUM(Workings!$AQ$6:$AQ$25),"") -> 0.57754011 | D35: =IFERROR(AVERAGE(Workings!$AS$6:$AS$25),"") -> 3.1430906 | E35: =COUNTIF(Workings!$AU$6:$AU$25,"Match Ready") -> 4 | F35: =COUNTIFS(Workings!$AS$6:$AS$25,"<2.5",Workings!$AS$6:$AS$25,">0") -> 2 | G35: =COUNTIF(Workings!$AU$6:$AU$25,"Insufficient data") -> 5 | AF35: =IF(Attendance!$D5="","",Attendance!$D5) -> Aoife Kennan | AG35: {=IF($AF35="","",_xlfn.TEXTJOIN("",TRUE(),IF(Attendance!$E$4:$CN$4="WR",IFERROR(CHOOSE(Attendance!$E5:$CN5,"▁","▃","▅","▆","█"),"·"),"")))} -> ▅▅▅········································· | AH35: {=IF($AF35="","",_xlfn.TEXTJOIN("",TRUE(),IF(Attendance!$CP$4:$FY$4="Rating",IFERROR(CHOOSE(ROUNDUP(Attendance!$CP5:$FY5/2,0),"▁","▃","▅","▆","█"),"·"),"")))} -> ▆····················· | AI35: =IF($AF35="","",IFERROR(AVERAGE(OFFSET(Attendance!$A$1,4,5+(1-1)*4),OFFSET(Attendance!$A$1,4,7+(1-1)*4)),"")) -> 3 | AJ35: =IF($AF35="","",IFERROR(AVERAGE(OFFSET(Attendance!$A$1,4,5+(2-1)*4),OFFSET(Attendance!$A$1,4,7+(2-1)*4)),"")) -> 3 | AK35: =IF($AF35="","",IFERROR(AVERAGE(OFFSET(Attendance!$A$1,4,5+(3-1)*4),OFFSET(Attendance!$A$1,4,7+(3-1)*4)),"")) | AL35: =IF($AF35="","",IFERROR(AVERAGE(OFFSET(Attendance!$A$1,4,5+(4-1)*4),OFFSET(Attendance!$A$1,4,7+(4-1)*4)),"")) | AM35: =IF($AF35="","",IFERROR(AVERAGE(OFFSET(Attendance!$A$1,4,5+(5-1)*4),OFFSET(Attendance!$A$1,4,7+(5-1)*4)),"")) | AN35: =IF($AF35="","",IFERROR(AVERAGE(OFFSET(Attendance!$A$1,4,5+(6-1)*4),OFFSET(Attendance!$A$1,4,7+(6-1)*4)),"")) | AO35: =IF($AF35="","",IFERROR(AVERAGE(OFFSET(Attendance!$A$1,4,5+(7-1)*4),OFFSET(Attendance!$A$1,4,7+(7-1)*4)),"")) | AP35: =IF($AF35="","",IFERROR(AVERAGE(OFFSET(Attendance!$A$1,4,5+(8-1)*4),OFFSET(Attendance!$A$1,4,7+(8-1)*4)),"")) | AQ35: =IF($AF35="","",IFERROR(AVERAGE(OFFSET(Attendance!$A$1,4,5+(9-1)*4),OFFSET(Attendance!$A$1,4,7+(9-1)*4)),"")) | AR35: =IF($AF35="","",IFERROR(AVERAGE(OFFSET(Attendance!$A$1,4,5+(10-1)*4),OFFSET(Attendance!$A$1,4,7+(10-1)*4)),"")) | AS35: =IF($AF35="","",IFERROR(AVERAGE(OFFSET(Attendance!$A$1,4,5+(11-1)*4),OFFSET(Attendance!$A$1,4,7+(11-1)*4)),"")) | AT35: =IF($AF35="","",IFERROR(AVERAGE(OFFSET(Attendance!$A$1,4,5+(12-1)*4),OFFSET(Attendance!$A$1,4,7+(12-1)*4)),"")) | AU35: =IF($AF35="","",IFERROR(AVERAGE(OFFSET(Attendance!$A$1,4,5+(13-1)*4),OFFSET(Attendance!$A$1,4,7+(13-1)*4)),"")) | AV35: =IF($AF35="","",IFERROR(AVERAGE(OFFSET(Attendance!$A$1,4,5+(14-1)*4),OFFSET(Attendance!$A$1,4,7+(14-1)*4)),"")) | AW35: =IF($AF35="","",IFERROR(AVERAGE(OFFSET(Attendance!$A$1,4,5+(15-1)*4),OFFSET(Attendance!$A$1,4,7+(15-1)*4)),"")) | AX35: =IF($AF35="","",IFERROR(AVERAGE(OFFSET(Attendance!$A$1,4,5+(16-1)*4),OFFSET(Attendance!$A$1,4,7+(16-1)*4)),"")) | AY35: =IF($AF35="","",IFERROR(AVERAGE(OFFSET(Attendance!$A$1,4,5+(17-1)*4),OFFSET(Attendance!$A$1,4,7+(17-1)*4)),"")) | AZ35: =IF($AF35="","",IFERROR(AVERAGE(OFFSET(Attendance!$A$1,4,5+(18-1)*4),OFFSET(Attendance!$A$1,4,7+(18-1)*4)),"")) | BA35: =IF($AF35="","",IFERROR(AVERAGE(OFFSET(Attendance!$A$1,4,5+(19-1)*4),OFFSET(Attendance!$A$1,4,7+(19-1)*4)),"")) | BB35: =IF($AF35="","",IFERROR(AVERAGE(OFFSET(Attendance!$A$1,4,5+(20-1)*4),OFFSET(Attendance!$A$1,4,7+(20-1)*4)),"")) | BC35: =IF($AF35="","",IFERROR(AVERAGE(OFFSET(Attendance!$A$1,4,5+(21-1)*4),OFFSET(Attendance!$A$1,4,7+(21-1)*4)),"")) | BD35: =IF($AF35="","",IFERROR(AVERAGE(OFFSET(Attendance!$A$1,4,5+(22-1)*4),OFFSET(Attendance!$A$1,4,7+(22-1)*4)),"")) | BE35: =IF($AF35="","",IFERROR(Workings!$D6,"")) -> 1 | BF35: =IF($AF35="","",IFERROR(Workings!$E6,"")) -> 3 | BG35: =IF($AF35="","",IFERROR(Workings!$G6,"")) -> 6.5 | BH35: =IF($AF35="","",IFERROR(Workings!$H6,"")) -> 0.76666667
AF36: =IF(Attendance!$D6="","",Attendance!$D6) -> Stella McEvoy | AG36: {=IF($AF36="","",_xlfn.TEXTJOIN("",TRUE(),IF(Attendance!$E$4:$CN$4="WR",IFERROR(CHOOSE(Attendance!$E6:$CN6,"▁","▃","▅","▆","█"),"·"),"")))} -> ▅▅▅········································· | AH36: {=IF($AF36="","",_xlfn.TEXTJOIN("",TRUE(),IF(Attendance!$CP$4:$FY$4="Rating",IFERROR(CHOOSE(ROUNDUP(Attendance!$CP6:$FY6/2,0),"▁","▃","▅","▆","█"),"·"),"")))} -> ▆····················· | AI36: =IF($AF36="","",IFERROR(AVERAGE(OFFSET(Attendance!$A$1,5,5+(1-1)*4),OFFSET(Attendance!$A$1,5,7+(1-1)*4)),"")) -> 3 | AJ36: =IF($AF36="","",IFERROR(AVERAGE(OFFSET(Attendance!$A$1,5,5+(2-1)*4),OFFSET(Attendance!$A$1,5,7+(2-1)*4)),"")) -> 3 | AK36: =IF($AF36="","",IFERROR(AVERAGE(OFFSET(Attendance!$A$1,5,5+(3-1)*4),OFFSET(Attendance!$A$1,5,7+(3-1)*4)),"")) | AL36: =IF($AF36="","",IFERROR(AVERAGE(OFFSET(Attendance!$A$1,5,5+(4-1)*4),OFFSET(Attendance!$A$1,5,7+(4-1)*4)),"")) | AM36: =IF($AF36="","",IFERROR(AVERAGE(OFFSET(Attendance!$A$1,5,5+(5-1)*4),OFFSET(Attendance!$A$1,5,7+(5-1)*4)),"")) | AN36: =IF($AF36="","",IFERROR(AVERAGE(OFFSET(Attendance!$A$1,5,5+(6-1)*4),OFFSET(Attendance!$A$1,5,7+(6-1)*4)),"")) | AO36: =IF($AF36="","",IFERROR(AVERAGE(OFFSET(Attendance!$A$1,5,5+(7-1)*4),OFFSET(Attendance!$A$1,5,7+(7-1)*4)),"")) | AP36: =IF($AF36="","",IFERROR(AVERAGE(OFFSET(Attendance!$A$1,5,5+(8-1)*4),OFFSET(Attendance!$A$1,5,7+(8-1)*4)),"")) | AQ36: =IF($AF36="","",IFERROR(AVERAGE(OFFSET(Attendance!$A$1,5,5+(9-1)*4),OFFSET(Attendance!$A$1,5,7+(9-1)*4)),"")) | AR36: =IF($AF36="","",IFERROR(AVERAGE(OFFSET(Attendance!$A$1,5,5+(10-1)*4),OFFSET(Attendance!$A$1,5,7+(10-1)*4)),"")) | AS36: =IF($AF36="","",IFERROR(AVERAGE(OFFSET(Attendance!$A$1,5,5+(11-1)*4),OFFSET(Attendance!$A$1,5,7+(11-1)*4)),"")) | AT36: =IF($AF36="","",IFERROR(AVERAGE(OFFSET(Attendance!$A$1,5,5+(12-1)*4),OFFSET(Attendance!$A$1,5,7+(12-1)*4)),"")) | AU36: =IF($AF36="","",IFERROR(AVERAGE(OFFSET(Attendance!$A$1,5,5+(13-1)*4),OFFSET(Attendance!$A$1,5,7+(13-1)*4)),"")) | AV36: =IF($AF36="","",IFERROR(AVERAGE(OFFSET(Attendance!$A$1,5,5+(14-1)*4),OFFSET(Attendance!$A$1,5,7+(14-1)*4)),"")) | AW36: =IF($AF36="","",IFERROR(AVERAGE(OFFSET(Attendance!$A$1,5,5+(15-1)*4),OFFSET(Attendance!$A$1,5,7+(15-1)*4)),"")) | AX36: =IF($AF36="","",IFERROR(AVERAGE(OFFSET(Attendance!$A$1,5,5+(16-1)*4),OFFSET(Attendance!$A$1,5,7+(16-1)*4)),"")) | AY36: =IF($AF36="","",IFERROR(AVERAGE(OFFSET(Attendance!$A$1,5,5+(17-1)*4),OFFSET(Attendance!$A$1,5,7+(17-1)*4)),"")) | AZ36: =IF($AF36="","",IFERROR(AVERAGE(OFFSET(Attendance!$A$1,5,5+(18-1)*4),OFFSET(Attendance!$A$1,5,7+(18-1)*4)),"")) | BA36: =IF($AF36="","",IFERROR(AVERAGE(OFFSET(Attendance!$A$1,5,5+(19-1)*4),OFFSET(Attendance!$A$1,5,7+(19-1)*4)),"")) | BB36: =IF($AF36="","",IFERROR(AVERAGE(OFFSET(Attendance!$A$1,5,5+(20-1)*4),OFFSET(Attendance!$A$1,5,7+(20-1)*4)),"")) | BC36: =IF($AF36="","",IFERROR(AVERAGE(OFFSET(Attendance!$A$1,5,5+(21-1)*4),OFFSET(Attendance!$A$1,5,7+(21-1)*4)),"")) | BD36: =IF($AF36="","",IFERROR(AVERAGE(OFFSET(Attendance!$A$1,5,5+(22-1)*4),OFFSET(Attendance!$A$1,5,7+(22-1)*4)),"")) | BE36: =IF($AF36="","",IFERROR(Workings!$D7,"")) -> 1 | BF36: =IF($AF36="","",IFERROR(Workings!$E7,"")) -> 3 | BG36: =IF($AF36="","",IFERROR(Workings!$G7,"")) -> 7.5 | BH36: =IF($AF36="","",IFERROR(Workings!$H7,"")) -> 0.76666667
B37: Rank | C37: Player | D37: Attended | E37: Held | F37: Attendance % | G37: Avg Work Rate | H37: Readiness Band | I37: Pre-Season Grade % | AF37: =IF(Attendance!$D7="","",Attendance!$D7) -> Zara Power | AG37: {=IF($AF37="","",_xlfn.TEXTJOIN("",TRUE(),IF(Attendance!$E$4:$CN$4="WR",IFERROR(CHOOSE(Attendance!$E7:$CN7,"▁","▃","▅","▆","█"),"·"),"")))} -> ············································ | AH37: {=IF($AF37="","",_xlfn.TEXTJOIN("",TRUE(),IF(Attendance!$CP$4:$FY$4="Rating",IFERROR(CHOOSE(ROUNDUP(Attendance!$CP7:$FY7/2,0),"▁","▃","▅","▆","█"),"·"),"")))} -> ······················ | AI37: =IF($AF37="","",IFERROR(AVERAGE(OFFSET(Attendance!$A$1,6,5+(1-1)*4),OFFSET(Attendance!$A$1,6,7+(1-1)*4)),"")) | AJ37: =IF($AF37="","",IFERROR(AVERAGE(OFFSET(Attendance!$A$1,6,5+(2-1)*4),OFFSET(Attendance!$A$1,6,7+(2-1)*4)),"")) | AK37: =IF($AF37="","",IFERROR(AVERAGE(OFFSET(Attendance!$A$1,6,5+(3-1)*4),OFFSET(Attendance!$A$1,6,7+(3-1)*4)),"")) | AL37: =IF($AF37="","",IFERROR(AVERAGE(OFFSET(Attendance!$A$1,6,5+(4-1)*4),OFFSET(Attendance!$A$1,6,7+(4-1)*4)),"")) | AM37: =IF($AF37="","",IFERROR(AVERAGE(OFFSET(Attendance!$A$1,6,5+(5-1)*4),OFFSET(Attendance!$A$1,6,7+(5-1)*4)),"")) | AN37: =IF($AF37="","",IFERROR(AVERAGE(OFFSET(Attendance!$A$1,6,5+(6-1)*4),OFFSET(Attendance!$A$1,6,7+(6-1)*4)),"")) | AO37: =IF($AF37="","",IFERROR(AVERAGE(OFFSET(Attendance!$A$1,6,5+(7-1)*4),OFFSET(Attendance!$A$1,6,7+(7-1)*4)),"")) | AP37: =IF($AF37="","",IFERROR(AVERAGE(OFFSET(Attendance!$A$1,6,5+(8-1)*4),OFFSET(Attendance!$A$1,6,7+(8-1)*4)),"")) | AQ37: =IF($AF37="","",IFERROR(AVERAGE(OFFSET(Attendance!$A$1,6,5+(9-1)*4),OFFSET(Attendance!$A$1,6,7+(9-1)*4)),"")) | AR37: =IF($AF37="","",IFERROR(AVERAGE(OFFSET(Attendance!$A$1,6,5+(10-1)*4),OFFSET(Attendance!$A$1,6,7+(10-1)*4)),"")) | AS37: =IF($AF37="","",IFERROR(AVERAGE(OFFSET(Attendance!$A$1,6,5+(11-1)*4),OFFSET(Attendance!$A$1,6,7+(11-1)*4)),"")) | AT37: =IF($AF37="","",IFERROR(AVERAGE(OFFSET(Attendance!$A$1,6,5+(12-1)*4),OFFSET(Attendance!$A$1,6,7+(12-1)*4)),"")) | AU37: =IF($AF37="","",IFERROR(AVERAGE(OFFSET(Attendance!$A$1,6,5+(13-1)*4),OFFSET(Attendance!$A$1,6,7+(13-1)*4)),"")) | AV37: =IF($AF37="","",IFERROR(AVERAGE(OFFSET(Attendance!$A$1,6,5+(14-1)*4),OFFSET(Attendance!$A$1,6,7+(14-1)*4)),"")) | AW37: =IF($AF37="","",IFERROR(AVERAGE(OFFSET(Attendance!$A$1,6,5+(15-1)*4),OFFSET(Attendance!$A$1,6,7+(15-1)*4)),"")) | AX37: =IF($AF37="","",IFERROR(AVERAGE(OFFSET(Attendance!$A$1,6,5+(16-1)*4),OFFSET(Attendance!$A$1,6,7+(16-1)*4)),"")) | AY37: =IF($AF37="","",IFERROR(AVERAGE(OFFSET(Attendance!$A$1,6,5+(17-1)*4),OFFSET(Attendance!$A$1,6,7+(17-1)*4)),"")) | AZ37: =IF($AF37="","",IFERROR(AVERAGE(OFFSET(Attendance!$A$1,6,5+(18-1)*4),OFFSET(Attendance!$A$1,6,7+(18-1)*4)),"")) | BA37: =IF($AF37="","",IFERROR(AVERAGE(OFFSET(Attendance!$A$1,6,5+(19-1)*4),OFFSET(Attendance!$A$1,6,7+(19-1)*4)),"")) | BB37: =IF($AF37="","",IFERROR(AVERAGE(OFFSET(Attendance!$A$1,6,5+(20-1)*4),OFFSET(Attendance!$A$1,6,7+(20-1)*4)),"")) | BC37: =IF($AF37="","",IFERROR(AVERAGE(OFFSET(Attendance!$A$1,6,5+(21-1)*4),OFFSET(Attendance!$A$1,6,7+(21-1)*4)),"")) | BD37: =IF($AF37="","",IFERROR(AVERAGE(OFFSET(Attendance!$A$1,6,5+(22-1)*4),OFFSET(Attendance!$A$1,6,7+(22-1)*4)),"")) | BE37: =IF($AF37="","",IFERROR(Workings!$D8,"")) -> 0 | BF37: =IF($AF37="","",IFERROR(Workings!$E8,"")) | BG37: =IF($AF37="","",IFERROR(Workings!$G8,"")) | BH37: =IF($AF37="","",IFERROR(Workings!$H8,"")) -> 0
B38: =IF(ROW()-37>COUNT(Workings!$AX$6:$AX$25),"",ROW()-37) -> 1 | C38: =IF($B38="","",IFERROR(INDEX(Workings!$AO$6:$AO$25,MATCH($B38,Workings!$AX$6:$AX$25,0)),"")) -> Stella McEvoy | D38: =IF($B38="","",IFERROR(INDEX(Workings!$AP$6:$AP$25,MATCH($B38,Workings!$AX$6:$AX$25,0)),"")) -> 9 | E38: =IF($B38="","",IFERROR(INDEX(Workings!$AQ$6:$AQ$25,MATCH($B38,Workings!$AX$6:$AX$25,0)),"")) -> 11 | F38: =IF($B38="","",IFERROR(INDEX(Workings!$AR$6:$AR$25,MATCH($B38,Workings!$AX$6:$AX$25,0)),"")) -> 0.81818182 | G38: =IF($B38="","",IFERROR(INDEX(Workings!$AS$6:$AS$25,MATCH($B38,Workings!$AX$6:$AX$25,0)),"")) -> 3.6666667 | H38: =IF($B38="","",IFERROR(INDEX(Workings!$AU$6:$AU$25,MATCH($B38,Workings!$AX$6:$AX$25,0)),"")) -> Match Ready | I38: =IF($B38="","",IFERROR(INDEX(Workings!$AT$6:$AT$25,MATCH($B38,Workings!$AX$6:$AX$25,0)),"")) -> 0.76727273 | AF38: =IF(Attendance!$D8="","",Attendance!$D8) -> Heidi Cerubini Dunne | AG38: {=IF($AF38="","",_xlfn.TEXTJOIN("",TRUE(),IF(Attendance!$E$4:$CN$4="WR",IFERROR(CHOOSE(Attendance!$E8:$CN8,"▁","▃","▅","▆","█"),"·"),"")))} -> ············································ | AH38: {=IF($AF38="","",_xlfn.TEXTJOIN("",TRUE(),IF(Attendance!$CP$4:$FY$4="Rating",IFERROR(CHOOSE(ROUNDUP(Attendance!$CP8:$FY8/2,0),"▁","▃","▅","▆","█"),"·"),"")))} -> ······················ | AI38: =IF($AF38="","",IFERROR(AVERAGE(OFFSET(Attendance!$A$1,7,5+(1-1)*4),OFFSET(Attendance!$A$1,7,7+(1-1)*4)),"")) | AJ38: =IF($AF38="","",IFERROR(AVERAGE(OFFSET(Attendance!$A$1,7,5+(2-1)*4),OFFSET(Attendance!$A$1,7,7+(2-1)*4)),"")) | AK38: =IF($AF38="","",IFERROR(AVERAGE(OFFSET(Attendance!$A$1,7,5+(3-1)*4),OFFSET(Attendance!$A$1,7,7+(3-1)*4)),"")) | AL38: =IF($AF38="","",IFERROR(AVERAGE(OFFSET(Attendance!$A$1,7,5+(4-1)*4),OFFSET(Attendance!$A$1,7,7+(4-1)*4)),"")) | AM38: =IF($AF38="","",IFERROR(AVERAGE(OFFSET(Attendance!$A$1,7,5+(5-1)*4),OFFSET(Attendance!$A$1,7,7+(5-1)*4)),"")) | AN38: =IF($AF38="","",IFERROR(AVERAGE(OFFSET(Attendance!$A$1,7,5+(6-1)*4),OFFSET(Attendance!$A$1,7,7+(6-1)*4)),"")) | AO38: =IF($AF38="","",IFERROR(AVERAGE(OFFSET(Attendance!$A$1,7,5+(7-1)*4),OFFSET(Attendance!$A$1,7,7+(7-1)*4)),"")) | AP38: =IF($AF38="","",IFERROR(AVERAGE(OFFSET(Attendance!$A$1,7,5+(8-1)*4),OFFSET(Attendance!$A$1,7,7+(8-1)*4)),"")) | AQ38: =IF($AF38="","",IFERROR(AVERAGE(OFFSET(Attendance!$A$1,7,5+(9-1)*4),OFFSET(Attendance!$A$1,7,7+(9-1)*4)),"")) | AR38: =IF($AF38="","",IFERROR(AVERAGE(OFFSET(Attendance!$A$1,7,5+(10-1)*4),OFFSET(Attendance!$A$1,7,7+(10-1)*4)),"")) | AS38: =IF($AF38="","",IFERROR(AVERAGE(OFFSET(Attendance!$A$1,7,5+(11-1)*4),OFFSET(Attendance!$A$1,7,7+(11-1)*4)),"")) | AT38: =IF($AF38="","",IFERROR(AVERAGE(OFFSET(Attendance!$A$1,7,5+(12-1)*4),OFFSET(Attendance!$A$1,7,7+(12-1)*4)),"")) | AU38: =IF($AF38="","",IFERROR(AVERAGE(OFFSET(Attendance!$A$1,7,5+(13-1)*4),OFFSET(Attendance!$A$1,7,7+(13-1)*4)),"")) | AV38: =IF($AF38="","",IFERROR(AVERAGE(OFFSET(Attendance!$A$1,7,5+(14-1)*4),OFFSET(Attendance!$A$1,7,7+(14-1)*4)),"")) | AW38: =IF($AF38="","",IFERROR(AVERAGE(OFFSET(Attendance!$A$1,7,5+(15-1)*4),OFFSET(Attendance!$A$1,7,7+(15-1)*4)),"")) | AX38: =IF($AF38="","",IFERROR(AVERAGE(OFFSET(Attendance!$A$1,7,5+(16-1)*4),OFFSET(Attendance!$A$1,7,7+(16-1)*4)),"")) | AY38: =IF($AF38="","",IFERROR(AVERAGE(OFFSET(Attendance!$A$1,7,5+(17-1)*4),OFFSET(Attendance!$A$1,7,7+(17-1)*4)),"")) | AZ38: =IF($AF38="","",IFERROR(AVERAGE(OFFSET(Attendance!$A$1,7,5+(18-1)*4),OFFSET(Attendance!$A$1,7,7+(18-1)*4)),"")) | BA38: =IF($AF38="","",IFERROR(AVERAGE(OFFSET(Attendance!$A$1,7,5+(19-1)*4),OFFSET(Attendance!$A$1,7,7+(19-1)*4)),"")) | BB38: =IF($AF38="","",IFERROR(AVERAGE(OFFSET(Attendance!$A$1,7,5+(20-1)*4),OFFSET(Attendance!$A$1,7,7+(20-1)*4)),"")) | BC38: =IF($AF38="","",IFERROR(AVERAGE(OFFSET(Attendance!$A$1,7,5+(21-1)*4),OFFSET(Attendance!$A$1,7,7+(21-1)*4)),"")) | BD38: =IF($AF38="","",IFERROR(AVERAGE(OFFSET(Attendance!$A$1,7,5+(22-1)*4),OFFSET(Attendance!$A$1,7,7+(22-1)*4)),"")) | BE38: =IF($AF38="","",IFERROR(Workings!$D9,"")) -> 0 | BF38: =IF($AF38="","",IFERROR(Workings!$E9,"")) | BG38: =IF($AF38="","",IFERROR(Workings!$G9,"")) | BH38: =IF($AF38="","",IFERROR(Workings!$H9,"")) -> 0
B39: =IF(ROW()-37>COUNT(Workings!$AX$6:$AX$25),"",ROW()-37) -> 2 | C39: =IF($B39="","",IFERROR(INDEX(Workings!$AO$6:$AO$25,MATCH($B39,Workings!$AX$6:$AX$25,0)),"")) -> Roisin Offenhausen | D39: =IF($B39="","",IFERROR(INDEX(Workings!$AP$6:$AP$25,MATCH($B39,Workings!$AX$6:$AX$25,0)),"")) -> 8 | E39: =IF($B39="","",IFERROR(INDEX(Workings!$AQ$6:$AQ$25,MATCH($B39,Workings!$AX$6:$AX$25,0)),"")) -> 11 | F39: =IF($B39="","",IFERROR(INDEX(Workings!$AR$6:$AR$25,MATCH($B39,Workings!$AX$6:$AX$25,0)),"")) -> 0.72727273 | G39: =IF($B39="","",IFERROR(INDEX(Workings!$AS$6:$AS$25,MATCH($B39,Workings!$AX$6:$AX$25,0)),"")) -> 3.875 | H39: =IF($B39="","",IFERROR(INDEX(Workings!$AU$6:$AU$25,MATCH($B39,Workings!$AX$6:$AX$25,0)),"")) -> Match Ready | I39: =IF($B39="","",IFERROR(INDEX(Workings!$AT$6:$AT$25,MATCH($B39,Workings!$AX$6:$AX$25,0)),"")) -> 0.74181818 | AF39: =IF(Attendance!$D9="","",Attendance!$D9) -> Roisin Offenhausen | AG39: {=IF($AF39="","",_xlfn.TEXTJOIN("",TRUE(),IF(Attendance!$E$4:$CN$4="WR",IFERROR(CHOOSE(Attendance!$E9:$CN9,"▁","▃","▅","▆","█"),"·"),"")))} -> ▅▅█········································· | AH39: {=IF($AF39="","",_xlfn.TEXTJOIN("",TRUE(),IF(Attendance!$CP$4:$FY$4="Rating",IFERROR(CHOOSE(ROUNDUP(Attendance!$CP9:$FY9/2,0),"▁","▃","▅","▆","█"),"·"),"")))} -> █····················· | AI39: =IF($AF39="","",IFERROR(AVERAGE(OFFSET(Attendance!$A$1,8,5+(1-1)*4),OFFSET(Attendance!$A$1,8,7+(1-1)*4)),"")) -> 3 | AJ39: =IF($AF39="","",IFERROR(AVERAGE(OFFSET(Attendance!$A$1,8,5+(2-1)*4),OFFSET(Attendance!$A$1,8,7+(2-1)*4)),"")) -> 5 | AK39: =IF($AF39="","",IFERROR(AVERAGE(OFFSET(Attendance!$A$1,8,5+(3-1)*4),OFFSET(Attendance!$A$1,8,7+(3-1)*4)),"")) | AL39: =IF($AF39="","",IFERROR(AVERAGE(OFFSET(Attendance!$A$1,8,5+(4-1)*4),OFFSET(Attendance!$A$1,8,7+(4-1)*4)),"")) | AM39: =IF($AF39="","",IFERROR(AVERAGE(OFFSET(Attendance!$A$1,8,5+(5-1)*4),OFFSET(Attendance!$A$1,8,7+(5-1)*4)),"")) | AN39: =IF($AF39="","",IFERROR(AVERAGE(OFFSET(Attendance!$A$1,8,5+(6-1)*4),OFFSET(Attendance!$A$1,8,7+(6-1)*4)),"")) | AO39: =IF($AF39="","",IFERROR(AVERAGE(OFFSET(Attendance!$A$1,8,5+(7-1)*4),OFFSET(Attendance!$A$1,8,7+(7-1)*4)),"")) | AP39: =IF($AF39="","",IFERROR(AVERAGE(OFFSET(Attendance!$A$1,8,5+(8-1)*4),OFFSET(Attendance!$A$1,8,7+(8-1)*4)),"")) | AQ39: =IF($AF39="","",IFERROR(AVERAGE(OFFSET(Attendance!$A$1,8,5+(9-1)*4),OFFSET(Attendance!$A$1,8,7+(9-1)*4)),"")) | AR39: =IF($AF39="","",IFERROR(AVERAGE(OFFSET(Attendance!$A$1,8,5+(10-1)*4),OFFSET(Attendance!$A$1,8,7+(10-1)*4)),"")) | AS39: =IF($AF39="","",IFERROR(AVERAGE(OFFSET(Attendance!$A$1,8,5+(11-1)*4),OFFSET(Attendance!$A$1,8,7+(11-1)*4)),"")) | AT39: =IF($AF39="","",IFERROR(AVERAGE(OFFSET(Attendance!$A$1,8,5+(12-1)*4),OFFSET(Attendance!$A$1,8,7+(12-1)*4)),"")) | AU39: =IF($AF39="","",IFERROR(AVERAGE(OFFSET(Attendance!$A$1,8,5+(13-1)*4),OFFSET(Attendance!$A$1,8,7+(13-1)*4)),"")) | AV39: =IF($AF39="","",IFERROR(AVERAGE(OFFSET(Attendance!$A$1,8,5+(14-1)*4),OFFSET(Attendance!$A$1,8,7+(14-1)*4)),"")) | AW39: =IF($AF39="","",IFERROR(AVERAGE(OFFSET(Attendance!$A$1,8,5+(15-1)*4),OFFSET(Attendance!$A$1,8,7+(15-1)*4)),"")) | AX39: =IF($AF39="","",IFERROR(AVERAGE(OFFSET(Attendance!$A$1,8,5+(16-1)*4),OFFSET(Attendance!$A$1,8,7+(16-1)*4)),"")) | AY39: =IF($AF39="","",IFERROR(AVERAGE(OFFSET(Attendance!$A$1,8,5+(17-1)*4),OFFSET(Attendance!$A$1,8,7+(17-1)*4)),"")) | AZ39: =IF($AF39="","",IFERROR(AVERAGE(OFFSET(Attendance!$A$1,8,5+(18-1)*4),OFFSET(Attendance!$A$1,8,7+(18-1)*4)),"")) | BA39: =IF($AF39="","",IFERROR(AVERAGE(OFFSET(Attendance!$A$1,8,5+(19-1)*4),OFFSET(Attendance!$A$1,8,7+(19-1)*4)),"")) | BB39: =IF($AF39="","",IFERROR(AVERAGE(OFFSET(Attendance!$A$1,8,5+(20-1)*4),OFFSET(Attendance!$A$1,8,7+(20-1)*4)),"")) | BC39: =IF($AF39="","",IFERROR(AVERAGE(OFFSET(Attendance!$A$1,8,5+(21-1)*4),OFFSET(Attendance!$A$1,8,7+(21-1)*4)),"")) | BD39: =IF($AF39="","",IFERROR(AVERAGE(OFFSET(Attendance!$A$1,8,5+(22-1)*4),OFFSET(Attendance!$A$1,8,7+(22-1)*4)),"")) | BE39: =IF($AF39="","",IFERROR(Workings!$D10,"")) -> 1 | BF39: =IF($AF39="","",IFERROR(Workings!$E10,"")) -> 3.6666667 | BG39: =IF($AF39="","",IFERROR(Workings!$G10,"")) -> 10 | BH39: =IF($AF39="","",IFERROR(Workings!$H10,"")) -> 0.84444444
B40: =IF(ROW()-37>COUNT(Workings!$AX$6:$AX$25),"",ROW()-37) -> 3 | C40: =IF($B40="","",IFERROR(INDEX(Workings!$AO$6:$AO$25,MATCH($B40,Workings!$AX$6:$AX$25,0)),"")) -> Elsie Morrison | D40: =IF($B40="","",IFERROR(INDEX(Workings!$AP$6:$AP$25,MATCH($B40,Workings!$AX$6:$AX$25,0)),"")) -> 9 | E40: =IF($B40="","",IFERROR(INDEX(Workings!$AQ$6:$AQ$25,MATCH($B40,Workings!$AX$6:$AX$25,0)),"")) -> 11 | F40: =IF($B40="","",IFERROR(INDEX(Workings!$AR$6:$AR$25,MATCH($B40,Workings!$AX$6:$AX$25,0)),"")) -> 0.81818182 | G40: =IF($B40="","",IFERROR(INDEX(Workings!$AS$6:$AS$25,MATCH($B40,Workings!$AX$6:$AX$25,0)),"")) -> 3.2222222 | H40: =IF($B40="","",IFERROR(INDEX(Workings!$AU$6:$AU$25,MATCH($B40,Workings!$AX$6:$AX$25,0)),"")) -> Not Ready for 90 min | I40: =IF($B40="","",IFERROR(INDEX(Workings!$AT$6:$AT$25,MATCH($B40,Workings!$AX$6:$AX$25,0)),"")) -> 0.71393939 | AF40: =IF(Attendance!$D10="","",Attendance!$D10) -> Naomi Adewoyin | AG40: {=IF($AF40="","",_xlfn.TEXTJOIN("",TRUE(),IF(Attendance!$E$4:$CN$4="WR",IFERROR(CHOOSE(Attendance!$E10:$CN10,"▁","▃","▅","▆","█"),"·"),"")))} -> ▅▅▅········································· | AH40: {=IF($AF40="","",_xlfn.TEXTJOIN("",TRUE(),IF(Attendance!$CP$4:$FY$4="Rating",IFERROR(CHOOSE(ROUNDUP(Attendance!$CP10:$FY10/2,0),"▁","▃","▅","▆","█"),"·"),"")))} -> ▆····················· | AI40: =IF($AF40="","",IFERROR(AVERAGE(OFFSET(Attendance!$A$1,9,5+(1-1)*4),OFFSET(Attendance!$A$1,9,7+(1-1)*4)),"")) -> 3 | AJ40: =IF($AF40="","",IFERROR(AVERAGE(OFFSET(Attendance!$A$1,9,5+(2-1)*4),OFFSET(Attendance!$A$1,9,7+(2-1)*4)),"")) -> 3 | AK40: =IF($AF40="","",IFERROR(AVERAGE(OFFSET(Attendance!$A$1,9,5+(3-1)*4),OFFSET(Attendance!$A$1,9,7+(3-1)*4)),"")) | AL40: =IF($AF40="","",IFERROR(AVERAGE(OFFSET(Attendance!$A$1,9,5+(4-1)*4),OFFSET(Attendance!$A$1,9,7+(4-1)*4)),"")) | AM40: =IF($AF40="","",IFERROR(AVERAGE(OFFSET(Attendance!$A$1,9,5+(5-1)*4),OFFSET(Attendance!$A$1,9,7+(5-1)*4)),"")) | AN40: =IF($AF40="","",IFERROR(AVERAGE(OFFSET(Attendance!$A$1,9,5+(6-1)*4),OFFSET(Attendance!$A$1,9,7+(6-1)*4)),"")) | AO40: =IF($AF40="","",IFERROR(AVERAGE(OFFSET(Attendance!$A$1,9,5+(7-1)*4),OFFSET(Attendance!$A$1,9,7+(7-1)*4)),"")) | AP40: =IF($AF40="","",IFERROR(AVERAGE(OFFSET(Attendance!$A$1,9,5+(8-1)*4),OFFSET(Attendance!$A$1,9,7+(8-1)*4)),"")) | AQ40: =IF($AF40="","",IFERROR(AVERAGE(OFFSET(Attendance!$A$1,9,5+(9-1)*4),OFFSET(Attendance!$A$1,9,7+(9-1)*4)),"")) | AR40: =IF($AF40="","",IFERROR(AVERAGE(OFFSET(Attendance!$A$1,9,5+(10-1)*4),OFFSET(Attendance!$A$1,9,7+(10-1)*4)),"")) | AS40: =IF($AF40="","",IFERROR(AVERAGE(OFFSET(Attendance!$A$1,9,5+(11-1)*4),OFFSET(Attendance!$A$1,9,7+(11-1)*4)),"")) | AT40: =IF($AF40="","",IFERROR(AVERAGE(OFFSET(Attendance!$A$1,9,5+(12-1)*4),OFFSET(Attendance!$A$1,9,7+(12-1)*4)),"")) | AU40: =IF($AF40="","",IFERROR(AVERAGE(OFFSET(Attendance!$A$1,9,5+(13-1)*4),OFFSET(Attendance!$A$1,9,7+(13-1)*4)),"")) | AV40: =IF($AF40="","",IFERROR(AVERAGE(OFFSET(Attendance!$A$1,9,5+(14-1)*4),OFFSET(Attendance!$A$1,9,7+(14-1)*4)),"")) | AW40: =IF($AF40="","",IFERROR(AVERAGE(OFFSET(Attendance!$A$1,9,5+(15-1)*4),OFFSET(Attendance!$A$1,9,7+(15-1)*4)),"")) | AX40: =IF($AF40="","",IFERROR(AVERAGE(OFFSET(Attendance!$A$1,9,5+(16-1)*4),OFFSET(Attendance!$A$1,9,7+(16-1)*4)),"")) | AY40: =IF($AF40="","",IFERROR(AVERAGE(OFFSET(Attendance!$A$1,9,5+(17-1)*4),OFFSET(Attendance!$A$1,9,7+(17-1)*4)),"")) | AZ40: =IF($AF40="","",IFERROR(AVERAGE(OFFSET(Attendance!$A$1,9,5+(18-1)*4),OFFSET(Attendance!$A$1,9,7+(18-1)*4)),"")) | BA40: =IF($AF40="","",IFERROR(AVERAGE(OFFSET(Attendance!$A$1,9,5+(19-1)*4),OFFSET(Attendance!$A$1,9,7+(19-1)*4)),"")) | BB40: =IF($AF40="","",IFERROR(AVERAGE(OFFSET(Attendance!$A$1,9,5+(20-1)*4),OFFSET(Attendance!$A$1,9,7+(20-1)*4)),"")) | BC40: =IF($AF40="","",IFERROR(AVERAGE(OFFSET(Attendance!$A$1,9,5+(21-1)*4),OFFSET(Attendance!$A$1,9,7+(21-1)*4)),"")) | BD40: =IF($AF40="","",IFERROR(AVERAGE(OFFSET(Attendance!$A$1,9,5+(22-1)*4),OFFSET(Attendance!$A$1,9,7+(22-1)*4)),"")) | BE40: =IF($AF40="","",IFERROR(Workings!$D11,"")) -> 1 | BF40: =IF($AF40="","",IFERROR(Workings!$E11,"")) -> 3 | BG40: =IF($AF40="","",IFERROR(Workings!$G11,"")) -> 7.5 | BH40: =IF($AF40="","",IFERROR(Workings!$H11,"")) -> 0.76666667
B41: =IF(ROW()-37>COUNT(Workings!$AX$6:$AX$25),"",ROW()-37) -> 4 | C41: =IF($B41="","",IFERROR(INDEX(Workings!$AO$6:$AO$25,MATCH($B41,Workings!$AX$6:$AX$25,0)),"")) -> Hannah Fleming | D41: =IF($B41="","",IFERROR(INDEX(Workings!$AP$6:$AP$25,MATCH($B41,Workings!$AX$6:$AX$25,0)),"")) -> 8 | E41: =IF($B41="","",IFERROR(INDEX(Workings!$AQ$6:$AQ$25,MATCH($B41,Workings!$AX$6:$AX$25,0)),"")) -> 11 | F41: =IF($B41="","",IFERROR(INDEX(Workings!$AR$6:$AR$25,MATCH($B41,Workings!$AX$6:$AX$25,0)),"")) -> 0.72727273 | G41: =IF($B41="","",IFERROR(INDEX(Workings!$AS$6:$AS$25,MATCH($B41,Workings!$AX$6:$AX$25,0)),"")) -> 3.25 | H41: =IF($B41="","",IFERROR(INDEX(Workings!$AU$6:$AU$25,MATCH($B41,Workings!$AX$6:$AX$25,0)),"")) -> Not Ready for 90 min | I41: =IF($B41="","",IFERROR(INDEX(Workings!$AT$6:$AT$25,MATCH($B41,Workings!$AX$6:$AX$25,0)),"")) -> 0.66909091 | AF41: =IF(Attendance!$D11="","",Attendance!$D11) -> Amber Kilalee | AG41: {=IF($AF41="","",_xlfn.TEXTJOIN("",TRUE(),IF(Attendance!$E$4:$CN$4="WR",IFERROR(CHOOSE(Attendance!$E11:$CN11,"▁","▃","▅","▆","█"),"·"),"")))} -> ▅▅▅········································· | AH41: {=IF($AF41="","",_xlfn.TEXTJOIN("",TRUE(),IF(Attendance!$CP$4:$FY$4="Rating",IFERROR(CHOOSE(ROUNDUP(Attendance!$CP11:$FY11/2,0),"▁","▃","▅","▆","█"),"·"),"")))} -> ▆····················· | AI41: =IF($AF41="","",IFERROR(AVERAGE(OFFSET(Attendance!$A$1,10,5+(1-1)*4),OFFSET(Attendance!$A$1,10,7+(1-1)*4)),"")) -> 3 | AJ41: =IF($AF41="","",IFERROR(AVERAGE(OFFSET(Attendance!$A$1,10,5+(2-1)*4),OFFSET(Attendance!$A$1,10,7+(2-1)*4)),"")) -> 3 | AK41: =IF($AF41="","",IFERROR(AVERAGE(OFFSET(Attendance!$A$1,10,5+(3-1)*4),OFFSET(Attendance!$A$1,10,7+(3-1)*4)),"")) | AL41: =IF($AF41="","",IFERROR(AVERAGE(OFFSET(Attendance!$A$1,10,5+(4-1)*4),OFFSET(Attendance!$A$1,10,7+(4-1)*4)),"")) | AM41: =IF($AF41="","",IFERROR(AVERAGE(OFFSET(Attendance!$A$1,10,5+(5-1)*4),OFFSET(Attendance!$A$1,10,7+(5-1)*4)),"")) | AN41: =IF($AF41="","",IFERROR(AVERAGE(OFFSET(Attendance!$A$1,10,5+(6-1)*4),OFFSET(Attendance!$A$1,10,7+(6-1)*4)),"")) | AO41: =IF($AF41="","",IFERROR(AVERAGE(OFFSET(Attendance!$A$1,10,5+(7-1)*4),OFFSET(Attendance!$A$1,10,7+(7-1)*4)),"")) | AP41: =IF($AF41="","",IFERROR(AVERAGE(OFFSET(Attendance!$A$1,10,5+(8-1)*4),OFFSET(Attendance!$A$1,10,7+(8-1)*4)),"")) | AQ41: =IF($AF41="","",IFERROR(AVERAGE(OFFSET(Attendance!$A$1,10,5+(9-1)*4),OFFSET(Attendance!$A$1,10,7+(9-1)*4)),"")) | AR41: =IF($AF41="","",IFERROR(AVERAGE(OFFSET(Attendance!$A$1,10,5+(10-1)*4),OFFSET(Attendance!$A$1,10,7+(10-1)*4)),"")) | AS41: =IF($AF41="","",IFERROR(AVERAGE(OFFSET(Attendance!$A$1,10,5+(11-1)*4),OFFSET(Attendance!$A$1,10,7+(11-1)*4)),"")) | AT41: =IF($AF41="","",IFERROR(AVERAGE(OFFSET(Attendance!$A$1,10,5+(12-1)*4),OFFSET(Attendance!$A$1,10,7+(12-1)*4)),"")) | AU41: =IF($AF41="","",IFERROR(AVERAGE(OFFSET(Attendance!$A$1,10,5+(13-1)*4),OFFSET(Attendance!$A$1,10,7+(13-1)*4)),"")) | AV41: =IF($AF41="","",IFERROR(AVERAGE(OFFSET(Attendance!$A$1,10,5+(14-1)*4),OFFSET(Attendance!$A$1,10,7+(14-1)*4)),"")) | AW41: =IF($AF41="","",IFERROR(AVERAGE(OFFSET(Attendance!$A$1,10,5+(15-1)*4),OFFSET(Attendance!$A$1,10,7+(15-1)*4)),"")) | AX41: =IF($AF41="","",IFERROR(AVERAGE(OFFSET(Attendance!$A$1,10,5+(16-1)*4),OFFSET(Attendance!$A$1,10,7+(16-1)*4)),"")) | AY41: =IF($AF41="","",IFERROR(AVERAGE(OFFSET(Attendance!$A$1,10,5+(17-1)*4),OFFSET(Attendance!$A$1,10,7+(17-1)*4)),"")) | AZ41: =IF($AF41="","",IFERROR(AVERAGE(OFFSET(Attendance!$A$1,10,5+(18-1)*4),OFFSET(Attendance!$A$1,10,7+(18-1)*4)),"")) | BA41: =IF($AF41="","",IFERROR(AVERAGE(OFFSET(Attendance!$A$1,10,5+(19-1)*4),OFFSET(Attendance!$A$1,10,7+(19-1)*4)),"")) | BB41: =IF($AF41="","",IFERROR(AVERAGE(OFFSET(Attendance!$A$1,10,5+(20-1)*4),OFFSET(Attendance!$A$1,10,7+(20-1)*4)),"")) | BC41: =IF($AF41="","",IFERROR(AVERAGE(OFFSET(Attendance!$A$1,10,5+(21-1)*4),OFFSET(Attendance!$A$1,10,7+(21-1)*4)),"")) | BD41: =IF($AF41="","",IFERROR(AVERAGE(OFFSET(Attendance!$A$1,10,5+(22-1)*4),OFFSET(Attendance!$A$1,10,7+(22-1)*4)),"")) | BE41: =IF($AF41="","",IFERROR(Workings!$D12,"")) -> 1 | BF41: =IF($AF41="","",IFERROR(Workings!$E12,"")) -> 3 | BG41: =IF($AF41="","",IFERROR(Workings!$G12,"")) -> 7.5 | BH41: =IF($AF41="","",IFERROR(Workings!$H12,"")) -> 0.76666667
B42: =IF(ROW()-37>COUNT(Workings!$AX$6:$AX$25),"",ROW()-37) -> 5 | C42: =IF($B42="","",IFERROR(INDEX(Workings!$AO$6:$AO$25,MATCH($B42,Workings!$AX$6:$AX$25,0)),"")) -> Aoife Kennan | D42: =IF($B42="","",IFERROR(INDEX(Workings!$AP$6:$AP$25,MATCH($B42,Workings!$AX$6:$AX$25,0)),"")) -> 8 | E42: =IF($B42="","",IFERROR(INDEX(Workings!$AQ$6:$AQ$25,MATCH($B42,Workings!$AX$6:$AX$25,0)),"")) -> 11 | F42: =IF($B42="","",IFERROR(INDEX(Workings!$AR$6:$AR$25,MATCH($B42,Workings!$AX$6:$AX$25,0)),"")) -> 0.72727273 | G42: =IF($B42="","",IFERROR(INDEX(Workings!$AS$6:$AS$25,MATCH($B42,Workings!$AX$6:$AX$25,0)),"")) -> 2.875 | H42: =IF($B42="","",IFERROR(INDEX(Workings!$AU$6:$AU$25,MATCH($B42,Workings!$AX$6:$AX$25,0)),"")) -> Nearly Ready | I42: =IF($B42="","",IFERROR(INDEX(Workings!$AT$6:$AT$25,MATCH($B42,Workings!$AX$6:$AX$25,0)),"")) -> 0.62545455 | AF42: =IF(Attendance!$D12="","",Attendance!$D12) -> Shauna Kavanagh | AG42: {=IF($AF42="","",_xlfn.TEXTJOIN("",TRUE(),IF(Attendance!$E$4:$CN$4="WR",IFERROR(CHOOSE(Attendance!$E12:$CN12,"▁","▃","▅","▆","█"),"·"),"")))} -> ▃▅▅········································· | AH42: {=IF($AF42="","",_xlfn.TEXTJOIN("",TRUE(),IF(Attendance!$CP$4:$FY$4="Rating",IFERROR(CHOOSE(ROUNDUP(Attendance!$CP12:$FY12/2,0),"▁","▃","▅","▆","█"),"·"),"")))} -> ▆····················· | AI42: =IF($AF42="","",IFERROR(AVERAGE(OFFSET(Attendance!$A$1,11,5+(1-1)*4),OFFSET(Attendance!$A$1,11,7+(1-1)*4)),"")) -> 2.5 | AJ42: =IF($AF42="","",IFERROR(AVERAGE(OFFSET(Attendance!$A$1,11,5+(2-1)*4),OFFSET(Attendance!$A$1,11,7+(2-1)*4)),"")) -> 3 | AK42: =IF($AF42="","",IFERROR(AVERAGE(OFFSET(Attendance!$A$1,11,5+(3-1)*4),OFFSET(Attendance!$A$1,11,7+(3-1)*4)),"")) | AL42: =IF($AF42="","",IFERROR(AVERAGE(OFFSET(Attendance!$A$1,11,5+(4-1)*4),OFFSET(Attendance!$A$1,11,7+(4-1)*4)),"")) | AM42: =IF($AF42="","",IFERROR(AVERAGE(OFFSET(Attendance!$A$1,11,5+(5-1)*4),OFFSET(Attendance!$A$1,11,7+(5-1)*4)),"")) | AN42: =IF($AF42="","",IFERROR(AVERAGE(OFFSET(Attendance!$A$1,11,5+(6-1)*4),OFFSET(Attendance!$A$1,11,7+(6-1)*4)),"")) | AO42: =IF($AF42="","",IFERROR(AVERAGE(OFFSET(Attendance!$A$1,11,5+(7-1)*4),OFFSET(Attendance!$A$1,11,7+(7-1)*4)),"")) | AP42: =IF($AF42="","",IFERROR(AVERAGE(OFFSET(Attendance!$A$1,11,5+(8-1)*4),OFFSET(Attendance!$A$1,11,7+(8-1)*4)),"")) | AQ42: =IF($AF42="","",IFERROR(AVERAGE(OFFSET(Attendance!$A$1,11,5+(9-1)*4),OFFSET(Attendance!$A$1,11,7+(9-1)*4)),"")) | AR42: =IF($AF42="","",IFERROR(AVERAGE(OFFSET(Attendance!$A$1,11,5+(10-1)*4),OFFSET(Attendance!$A$1,11,7+(10-1)*4)),"")) | AS42: =IF($AF42="","",IFERROR(AVERAGE(OFFSET(Attendance!$A$1,11,5+(11-1)*4),OFFSET(Attendance!$A$1,11,7+(11-1)*4)),"")) | AT42: =IF($AF42="","",IFERROR(AVERAGE(OFFSET(Attendance!$A$1,11,5+(12-1)*4),OFFSET(Attendance!$A$1,11,7+(12-1)*4)),"")) | AU42: =IF($AF42="","",IFERROR(AVERAGE(OFFSET(Attendance!$A$1,11,5+(13-1)*4),OFFSET(Attendance!$A$1,11,7+(13-1)*4)),"")) | AV42: =IF($AF42="","",IFERROR(AVERAGE(OFFSET(Attendance!$A$1,11,5+(14-1)*4),OFFSET(Attendance!$A$1,11,7+(14-1)*4)),"")) | AW42: =IF($AF42="","",IFERROR(AVERAGE(OFFSET(Attendance!$A$1,11,5+(15-1)*4),OFFSET(Attendance!$A$1,11,7+(15-1)*4)),"")) | AX42: =IF($AF42="","",IFERROR(AVERAGE(OFFSET(Attendance!$A$1,11,5+(16-1)*4),OFFSET(Attendance!$A$1,11,7+(16-1)*4)),"")) | AY42: =IF($AF42="","",IFERROR(AVERAGE(OFFSET(Attendance!$A$1,11,5+(17-1)*4),OFFSET(Attendance!$A$1,11,7+(17-1)*4)),"")) | AZ42: =IF($AF42="","",IFERROR(AVERAGE(OFFSET(Attendance!$A$1,11,5+(18-1)*4),OFFSET(Attendance!$A$1,11,7+(18-1)*4)),"")) | BA42: =IF($AF42="","",IFERROR(AVERAGE(OFFSET(Attendance!$A$1,11,5+(19-1)*4),OFFSET(Attendance!$A$1,11,7+(19-1)*4)),"")) | BB42: =IF($AF42="","",IFERROR(AVERAGE(OFFSET(Attendance!$A$1,11,5+(20-1)*4),OFFSET(Attendance!$A$1,11,7+(20-1)*4)),"")) | BC42: =IF($AF42="","",IFERROR(AVERAGE(OFFSET(Attendance!$A$1,11,5+(21-1)*4),OFFSET(Attendance!$A$1,11,7+(21-1)*4)),"")) | BD42: =IF($AF42="","",IFERROR(AVERAGE(OFFSET(Attendance!$A$1,11,5+(22-1)*4),OFFSET(Attendance!$A$1,11,7+(22-1)*4)),"")) | BE42: =IF($AF42="","",IFERROR(Workings!$D13,"")) -> 1 | BF42: =IF($AF42="","",IFERROR(Workings!$E13,"")) -> 2.6666667 | BG42: =IF($AF42="","",IFERROR(Workings!$G13,"")) -> 7.5 | BH42: =IF($AF42="","",IFERROR(Workings!$H13,"")) -> 0.72777778
B43: =IF(ROW()-37>COUNT(Workings!$AX$6:$AX$25),"",ROW()-37) -> 6 | C43: =IF($B43="","",IFERROR(INDEX(Workings!$AO$6:$AO$25,MATCH($B43,Workings!$AX$6:$AX$25,0)),"")) -> Semilore Adesanya | D43: =IF($B43="","",IFERROR(INDEX(Workings!$AP$6:$AP$25,MATCH($B43,Workings!$AX$6:$AX$25,0)),"")) -> 7 | E43: =IF($B43="","",IFERROR(INDEX(Workings!$AQ$6:$AQ$25,MATCH($B43,Workings!$AX$6:$AX$25,0)),"")) -> 11 | F43: =IF($B43="","",IFERROR(INDEX(Workings!$AR$6:$AR$25,MATCH($B43,Workings!$AX$6:$AX$25,0)),"")) -> 0.63636364 | G43: =IF($B43="","",IFERROR(INDEX(Workings!$AS$6:$AS$25,MATCH($B43,Workings!$AX$6:$AX$25,0)),"")) -> 3.5714286 | H43: =IF($B43="","",IFERROR(INDEX(Workings!$AU$6:$AU$25,MATCH($B43,Workings!$AX$6:$AX$25,0)),"")) -> Match Ready | I43: =IF($B43="","",IFERROR(INDEX(Workings!$AT$6:$AT$25,MATCH($B43,Workings!$AX$6:$AX$25,0)),"")) -> 0.61818182 | AF43: =IF(Attendance!$D13="","",Attendance!$D13) -> Tara Brannigan | AG43: {=IF($AF43="","",_xlfn.TEXTJOIN("",TRUE(),IF(Attendance!$E$4:$CN$4="WR",IFERROR(CHOOSE(Attendance!$E13:$CN13,"▁","▃","▅","▆","█"),"·"),"")))} -> ▅▅▅········································· | AH43: {=IF($AF43="","",_xlfn.TEXTJOIN("",TRUE(),IF(Attendance!$CP$4:$FY$4="Rating",IFERROR(CHOOSE(ROUNDUP(Attendance!$CP13:$FY13/2,0),"▁","▃","▅","▆","█"),"·"),"")))} -> ▆····················· | AI43: =IF($AF43="","",IFERROR(AVERAGE(OFFSET(Attendance!$A$1,12,5+(1-1)*4),OFFSET(Attendance!$A$1,12,7+(1-1)*4)),"")) -> 3 | AJ43: =IF($AF43="","",IFERROR(AVERAGE(OFFSET(Attendance!$A$1,12,5+(2-1)*4),OFFSET(Attendance!$A$1,12,7+(2-1)*4)),"")) -> 3 | AK43: =IF($AF43="","",IFERROR(AVERAGE(OFFSET(Attendance!$A$1,12,5+(3-1)*4),OFFSET(Attendance!$A$1,12,7+(3-1)*4)),"")) | AL43: =IF($AF43="","",IFERROR(AVERAGE(OFFSET(Attendance!$A$1,12,5+(4-1)*4),OFFSET(Attendance!$A$1,12,7+(4-1)*4)),"")) | AM43: =IF($AF43="","",IFERROR(AVERAGE(OFFSET(Attendance!$A$1,12,5+(5-1)*4),OFFSET(Attendance!$A$1,12,7+(5-1)*4)),"")) | AN43: =IF($AF43="","",IFERROR(AVERAGE(OFFSET(Attendance!$A$1,12,5+(6-1)*4),OFFSET(Attendance!$A$1,12,7+(6-1)*4)),"")) | AO43: =IF($AF43="","",IFERROR(AVERAGE(OFFSET(Attendance!$A$1,12,5+(7-1)*4),OFFSET(Attendance!$A$1,12,7+(7-1)*4)),"")) | AP43: =IF($AF43="","",IFERROR(AVERAGE(OFFSET(Attendance!$A$1,12,5+(8-1)*4),OFFSET(Attendance!$A$1,12,7+(8-1)*4)),"")) | AQ43: =IF($AF43="","",IFERROR(AVERAGE(OFFSET(Attendance!$A$1,12,5+(9-1)*4),OFFSET(Attendance!$A$1,12,7+(9-1)*4)),"")) | AR43: =IF($AF43="","",IFERROR(AVERAGE(OFFSET(Attendance!$A$1,12,5+(10-1)*4),OFFSET(Attendance!$A$1,12,7+(10-1)*4)),"")) | AS43: =IF($AF43="","",IFERROR(AVERAGE(OFFSET(Attendance!$A$1,12,5+(11-1)*4),OFFSET(Attendance!$A$1,12,7+(11-1)*4)),"")) | AT43: =IF($AF43="","",IFERROR(AVERAGE(OFFSET(Attendance!$A$1,12,5+(12-1)*4),OFFSET(Attendance!$A$1,12,7+(12-1)*4)),"")) | AU43: =IF($AF43="","",IFERROR(AVERAGE(OFFSET(Attendance!$A$1,12,5+(13-1)*4),OFFSET(Attendance!$A$1,12,7+(13-1)*4)),"")) | AV43: =IF($AF43="","",IFERROR(AVERAGE(OFFSET(Attendance!$A$1,12,5+(14-1)*4),OFFSET(Attendance!$A$1,12,7+(14-1)*4)),"")) | AW43: =IF($AF43="","",IFERROR(AVERAGE(OFFSET(Attendance!$A$1,12,5+(15-1)*4),OFFSET(Attendance!$A$1,12,7+(15-1)*4)),"")) | AX43: =IF($AF43="","",IFERROR(AVERAGE(OFFSET(Attendance!$A$1,12,5+(16-1)*4),OFFSET(Attendance!$A$1,12,7+(16-1)*4)),"")) | AY43: =IF($AF43="","",IFERROR(AVERAGE(OFFSET(Attendance!$A$1,12,5+(17-1)*4),OFFSET(Attendance!$A$1,12,7+(17-1)*4)),"")) | AZ43: =IF($AF43="","",IFERROR(AVERAGE(OFFSET(Attendance!$A$1,12,5+(18-1)*4),OFFSET(Attendance!$A$1,12,7+(18-1)*4)),"")) | BA43: =IF($AF43="","",IFERROR(AVERAGE(OFFSET(Attendance!$A$1,12,5+(19-1)*4),OFFSET(Attendance!$A$1,12,7+(19-1)*4)),"")) | BB43: =IF($AF43="","",IFERROR(AVERAGE(OFFSET(Attendance!$A$1,12,5+(20-1)*4),OFFSET(Attendance!$A$1,12,7+(20-1)*4)),"")) | BC43: =IF($AF43="","",IFERROR(AVERAGE(OFFSET(Attendance!$A$1,12,5+(21-1)*4),OFFSET(Attendance!$A$1,12,7+(21-1)*4)),"")) | BD43: =IF($AF43="","",IFERROR(AVERAGE(OFFSET(Attendance!$A$1,12,5+(22-1)*4),OFFSET(Attendance!$A$1,12,7+(22-1)*4)),"")) | BE43: =IF($AF43="","",IFERROR(Workings!$D14,"")) -> 1 | BF43: =IF($AF43="","",IFERROR(Workings!$E14,"")) -> 3 | BG43: =IF($AF43="","",IFERROR(Workings!$G14,"")) -> 8 | BH43: =IF($AF43="","",IFERROR(Workings!$H14,"")) -> 0.76666667
B44: =IF(ROW()-37>COUNT(Workings!$AX$6:$AX$25),"",ROW()-37) -> 7 | C44: =IF($B44="","",IFERROR(INDEX(Workings!$AO$6:$AO$25,MATCH($B44,Workings!$AX$6:$AX$25,0)),"")) -> Naomi Adewoyin | D44: =IF($B44="","",IFERROR(INDEX(Workings!$AP$6:$AP$25,MATCH($B44,Workings!$AX$6:$AX$25,0)),"")) -> 7 | E44: =IF($B44="","",IFERROR(INDEX(Workings!$AQ$6:$AQ$25,MATCH($B44,Workings!$AX$6:$AX$25,0)),"")) -> 11 | F44: =IF($B44="","",IFERROR(INDEX(Workings!$AR$6:$AR$25,MATCH($B44,Workings!$AX$6:$AX$25,0)),"")) -> 0.63636364 | G44: =IF($B44="","",IFERROR(INDEX(Workings!$AS$6:$AS$25,MATCH($B44,Workings!$AX$6:$AX$25,0)),"")) -> 3.4285714 | H44: =IF($B44="","",IFERROR(INDEX(Workings!$AU$6:$AU$25,MATCH($B44,Workings!$AX$6:$AX$25,0)),"")) -> Not Ready for 90 min | I44: =IF($B44="","",IFERROR(INDEX(Workings!$AT$6:$AT$25,MATCH($B44,Workings!$AX$6:$AX$25,0)),"")) -> 0.60363636 | AF44: =IF(Attendance!$D14="","",Attendance!$D14) -> Semilore Adesanya | AG44: {=IF($AF44="","",_xlfn.TEXTJOIN("",TRUE(),IF(Attendance!$E$4:$CN$4="WR",IFERROR(CHOOSE(Attendance!$E14:$CN14,"▁","▃","▅","▆","█"),"·"),"")))} -> ▅·▆········································· | AH44: {=IF($AF44="","",_xlfn.TEXTJOIN("",TRUE(),IF(Attendance!$CP$4:$FY$4="Rating",IFERROR(CHOOSE(ROUNDUP(Attendance!$CP14:$FY14/2,0),"▁","▃","▅","▆","█"),"·"),"")))} -> █····················· | AI44: =IF($AF44="","",IFERROR(AVERAGE(OFFSET(Attendance!$A$1,13,5+(1-1)*4),OFFSET(Attendance!$A$1,13,7+(1-1)*4)),"")) -> 3 | AJ44: =IF($AF44="","",IFERROR(AVERAGE(OFFSET(Attendance!$A$1,13,5+(2-1)*4),OFFSET(Attendance!$A$1,13,7+(2-1)*4)),"")) -> 4 | AK44: =IF($AF44="","",IFERROR(AVERAGE(OFFSET(Attendance!$A$1,13,5+(3-1)*4),OFFSET(Attendance!$A$1,13,7+(3-1)*4)),"")) | AL44: =IF($AF44="","",IFERROR(AVERAGE(OFFSET(Attendance!$A$1,13,5+(4-1)*4),OFFSET(Attendance!$A$1,13,7+(4-1)*4)),"")) | AM44: =IF($AF44="","",IFERROR(AVERAGE(OFFSET(Attendance!$A$1,13,5+(5-1)*4),OFFSET(Attendance!$A$1,13,7+(5-1)*4)),"")) | AN44: =IF($AF44="","",IFERROR(AVERAGE(OFFSET(Attendance!$A$1,13,5+(6-1)*4),OFFSET(Attendance!$A$1,13,7+(6-1)*4)),"")) | AO44: =IF($AF44="","",IFERROR(AVERAGE(OFFSET(Attendance!$A$1,13,5+(7-1)*4),OFFSET(Attendance!$A$1,13,7+(7-1)*4)),"")) | AP44: =IF($AF44="","",IFERROR(AVERAGE(OFFSET(Attendance!$A$1,13,5+(8-1)*4),OFFSET(Attendance!$A$1,13,7+(8-1)*4)),"")) | AQ44: =IF($AF44="","",IFERROR(AVERAGE(OFFSET(Attendance!$A$1,13,5+(9-1)*4),OFFSET(Attendance!$A$1,13,7+(9-1)*4)),"")) | AR44: =IF($AF44="","",IFERROR(AVERAGE(OFFSET(Attendance!$A$1,13,5+(10-1)*4),OFFSET(Attendance!$A$1,13,7+(10-1)*4)),"")) | AS44: =IF($AF44="","",IFERROR(AVERAGE(OFFSET(Attendance!$A$1,13,5+(11-1)*4),OFFSET(Attendance!$A$1,13,7+(11-1)*4)),"")) | AT44: =IF($AF44="","",IFERROR(AVERAGE(OFFSET(Attendance!$A$1,13,5+(12-1)*4),OFFSET(Attendance!$A$1,13,7+(12-1)*4)),"")) | AU44: =IF($AF44="","",IFERROR(AVERAGE(OFFSET(Attendance!$A$1,13,5+(13-1)*4),OFFSET(Attendance!$A$1,13,7+(13-1)*4)),"")) | AV44: =IF($AF44="","",IFERROR(AVERAGE(OFFSET(Attendance!$A$1,13,5+(14-1)*4),OFFSET(Attendance!$A$1,13,7+(14-1)*4)),"")) | AW44: =IF($AF44="","",IFERROR(AVERAGE(OFFSET(Attendance!$A$1,13,5+(15-1)*4),OFFSET(Attendance!$A$1,13,7+(15-1)*4)),"")) | AX44: =IF($AF44="","",IFERROR(AVERAGE(OFFSET(Attendance!$A$1,13,5+(16-1)*4),OFFSET(Attendance!$A$1,13,7+(16-1)*4)),"")) | AY44: =IF($AF44="","",IFERROR(AVERAGE(OFFSET(Attendance!$A$1,13,5+(17-1)*4),OFFSET(Attendance!$A$1,13,7+(17-1)*4)),"")) | AZ44: =IF($AF44="","",IFERROR(AVERAGE(OFFSET(Attendance!$A$1,13,5+(18-1)*4),OFFSET(Attendance!$A$1,13,7+(18-1)*4)),"")) | BA44: =IF($AF44="","",IFERROR(AVERAGE(OFFSET(Attendance!$A$1,13,5+(19-1)*4),OFFSET(Attendance!$A$1,13,7+(19-1)*4)),"")) | BB44: =IF($AF44="","",IFERROR(AVERAGE(OFFSET(Attendance!$A$1,13,5+(20-1)*4),OFFSET(Attendance!$A$1,13,7+(20-1)*4)),"")) | BC44: =IF($AF44="","",IFERROR(AVERAGE(OFFSET(Attendance!$A$1,13,5+(21-1)*4),OFFSET(Attendance!$A$1,13,7+(21-1)*4)),"")) | BD44: =IF($AF44="","",IFERROR(AVERAGE(OFFSET(Attendance!$A$1,13,5+(22-1)*4),OFFSET(Attendance!$A$1,13,7+(22-1)*4)),"")) | BE44: =IF($AF44="","",IFERROR(Workings!$D15,"")) -> 0.66666667 | BF44: =IF($AF44="","",IFERROR(Workings!$E15,"")) -> 3.5 | BG44: =IF($AF44="","",IFERROR(Workings!$G15,"")) -> 8.5 | BH44: =IF($AF44="","",IFERROR(Workings!$H15,"")) -> 0.68611111
B45: =IF(ROW()-37>COUNT(Workings!$AX$6:$AX$25),"",ROW()-37) -> 8 | C45: =IF($B45="","",IFERROR(INDEX(Workings!$AO$6:$AO$25,MATCH($B45,Workings!$AX$6:$AX$25,0)),"")) -> Shauna Kavanagh | D45: =IF($B45="","",IFERROR(INDEX(Workings!$AP$6:$AP$25,MATCH($B45,Workings!$AX$6:$AX$25,0)),"")) -> 9 | E45: =IF($B45="","",IFERROR(INDEX(Workings!$AQ$6:$AQ$25,MATCH($B45,Workings!$AX$6:$AX$25,0)),"")) -> 11 | F45: =IF($B45="","",IFERROR(INDEX(Workings!$AR$6:$AR$25,MATCH($B45,Workings!$AX$6:$AX$25,0)),"")) -> 0.81818182 | G45: =IF($B45="","",IFERROR(INDEX(Workings!$AS$6:$AS$25,MATCH($B45,Workings!$AX$6:$AX$25,0)),"")) -> 2.2222222 | H45: =IF($B45="","",IFERROR(INDEX(Workings!$AU$6:$AU$25,MATCH($B45,Workings!$AX$6:$AX$25,0)),"")) -> Improving | I45: =IF($B45="","",IFERROR(INDEX(Workings!$AT$6:$AT$25,MATCH($B45,Workings!$AX$6:$AX$25,0)),"")) -> 0.59393939 | AF45: =IF(Attendance!$D15="","",Attendance!$D15) -> Hannah Fleming | AG45: {=IF($AF45="","",_xlfn.TEXTJOIN("",TRUE(),IF(Attendance!$E$4:$CN$4="WR",IFERROR(CHOOSE(Attendance!$E15:$CN15,"▁","▃","▅","▆","█"),"·"),"")))} -> ▅▅▅········································· | AH45: {=IF($AF45="","",_xlfn.TEXTJOIN("",TRUE(),IF(Attendance!$CP$4:$FY$4="Rating",IFERROR(CHOOSE(ROUNDUP(Attendance!$CP15:$FY15/2,0),"▁","▃","▅","▆","█"),"·"),"")))} -> ▆····················· | AI45: =IF($AF45="","",IFERROR(AVERAGE(OFFSET(Attendance!$A$1,14,5+(1-1)*4),OFFSET(Attendance!$A$1,14,7+(1-1)*4)),"")) -> 3 | AJ45: =IF($AF45="","",IFERROR(AVERAGE(OFFSET(Attendance!$A$1,14,5+(2-1)*4),OFFSET(Attendance!$A$1,14,7+(2-1)*4)),"")) -> 3 | AK45: =IF($AF45="","",IFERROR(AVERAGE(OFFSET(Attendance!$A$1,14,5+(3-1)*4),OFFSET(Attendance!$A$1,14,7+(3-1)*4)),"")) | AL45: =IF($AF45="","",IFERROR(AVERAGE(OFFSET(Attendance!$A$1,14,5+(4-1)*4),OFFSET(Attendance!$A$1,14,7+(4-1)*4)),"")) | AM45: =IF($AF45="","",IFERROR(AVERAGE(OFFSET(Attendance!$A$1,14,5+(5-1)*4),OFFSET(Attendance!$A$1,14,7+(5-1)*4)),"")) | AN45: =IF($AF45="","",IFERROR(AVERAGE(OFFSET(Attendance!$A$1,14,5+(6-1)*4),OFFSET(Attendance!$A$1,14,7+(6-1)*4)),"")) | AO45: =IF($AF45="","",IFERROR(AVERAGE(OFFSET(Attendance!$A$1,14,5+(7-1)*4),OFFSET(Attendance!$A$1,14,7+(7-1)*4)),"")) | AP45: =IF($AF45="","",IFERROR(AVERAGE(OFFSET(Attendance!$A$1,14,5+(8-1)*4),OFFSET(Attendance!$A$1,14,7+(8-1)*4)),"")) | AQ45: =IF($AF45="","",IFERROR(AVERAGE(OFFSET(Attendance!$A$1,14,5+(9-1)*4),OFFSET(Attendance!$A$1,14,7+(9-1)*4)),"")) | AR45: =IF($AF45="","",IFERROR(AVERAGE(OFFSET(Attendance!$A$1,14,5+(10-1)*4),OFFSET(Attendance!$A$1,14,7+(10-1)*4)),"")) | AS45: =IF($AF45="","",IFERROR(AVERAGE(OFFSET(Attendance!$A$1,14,5+(11-1)*4),OFFSET(Attendance!$A$1,14,7+(11-1)*4)),"")) | AT45: =IF($AF45="","",IFERROR(AVERAGE(OFFSET(Attendance!$A$1,14,5+(12-1)*4),OFFSET(Attendance!$A$1,14,7+(12-1)*4)),"")) | AU45: =IF($AF45="","",IFERROR(AVERAGE(OFFSET(Attendance!$A$1,14,5+(13-1)*4),OFFSET(Attendance!$A$1,14,7+(13-1)*4)),"")) | AV45: =IF($AF45="","",IFERROR(AVERAGE(OFFSET(Attendance!$A$1,14,5+(14-1)*4),OFFSET(Attendance!$A$1,14,7+(14-1)*4)),"")) | AW45: =IF($AF45="","",IFERROR(AVERAGE(OFFSET(Attendance!$A$1,14,5+(15-1)*4),OFFSET(Attendance!$A$1,14,7+(15-1)*4)),"")) | AX45: =IF($AF45="","",IFERROR(AVERAGE(OFFSET(Attendance!$A$1,14,5+(16-1)*4),OFFSET(Attendance!$A$1,14,7+(16-1)*4)),"")) | AY45: =IF($AF45="","",IFERROR(AVERAGE(OFFSET(Attendance!$A$1,14,5+(17-1)*4),OFFSET(Attendance!$A$1,14,7+(17-1)*4)),"")) | AZ45: =IF($AF45="","",IFERROR(AVERAGE(OFFSET(Attendance!$A$1,14,5+(18-1)*4),OFFSET(Attendance!$A$1,14,7+(18-1)*4)),"")) | BA45: =IF($AF45="","",IFERROR(AVERAGE(OFFSET(Attendance!$A$1,14,5+(19-1)*4),OFFSET(Attendance!$A$1,14,7+(19-1)*4)),"")) | BB45: =IF($AF45="","",IFERROR(AVERAGE(OFFSET(Attendance!$A$1,14,5+(20-1)*4),OFFSET(Attendance!$A$1,14,7+(20-1)*4)),"")) | BC45: =IF($AF45="","",IFERROR(AVERAGE(OFFSET(Attendance!$A$1,14,5+(21-1)*4),OFFSET(Attendance!$A$1,14,7+(21-1)*4)),"")) | BD45: =IF($AF45="","",IFERROR(AVERAGE(OFFSET(Attendance!$A$1,14,5+(22-1)*4),OFFSET(Attendance!$A$1,14,7+(22-1)*4)),"")) | BE45: =IF($AF45="","",IFERROR(Workings!$D16,"")) -> 1 | BF45: =IF($AF45="","",IFERROR(Workings!$E16,"")) -> 3 | BG45: =IF($AF45="","",IFERROR(Workings!$G16,"")) -> 8 | BH45: =IF($AF45="","",IFERROR(Workings!$H16,"")) -> 0.76666667
B46: =IF(ROW()-37>COUNT(Workings!$AX$6:$AX$25),"",ROW()-37) -> 9 | C46: =IF($B46="","",IFERROR(INDEX(Workings!$AO$6:$AO$25,MATCH($B46,Workings!$AX$6:$AX$25,0)),"")) -> Emma Kelly | D46: =IF($B46="","",IFERROR(INDEX(Workings!$AP$6:$AP$25,MATCH($B46,Workings!$AX$6:$AX$25,0)),"")) -> 7 | E46: =IF($B46="","",IFERROR(INDEX(Workings!$AQ$6:$AQ$25,MATCH($B46,Workings!$AX$6:$AX$25,0)),"")) -> 11 | F46: =IF($B46="","",IFERROR(INDEX(Workings!$AR$6:$AR$25,MATCH($B46,Workings!$AX$6:$AX$25,0)),"")) -> 0.63636364 | G46: =IF($B46="","",IFERROR(INDEX(Workings!$AS$6:$AS$25,MATCH($B46,Workings!$AX$6:$AX$25,0)),"")) -> 3.2857143 | H46: =IF($B46="","",IFERROR(INDEX(Workings!$AU$6:$AU$25,MATCH($B46,Workings!$AX$6:$AX$25,0)),"")) -> Not Ready for 90 min | I46: =IF($B46="","",IFERROR(INDEX(Workings!$AT$6:$AT$25,MATCH($B46,Workings!$AX$6:$AX$25,0)),"")) -> 0.58909091 | AF46: =IF(Attendance!$D16="","",Attendance!$D16) -> Emma Kelly | AG46: {=IF($AF46="","",_xlfn.TEXTJOIN("",TRUE(),IF(Attendance!$E$4:$CN$4="WR",IFERROR(CHOOSE(Attendance!$E16:$CN16,"▁","▃","▅","▆","█"),"·"),"")))} -> ··▆········································· | AH46: {=IF($AF46="","",_xlfn.TEXTJOIN("",TRUE(),IF(Attendance!$CP$4:$FY$4="Rating",IFERROR(CHOOSE(ROUNDUP(Attendance!$CP16:$FY16/2,0),"▁","▃","▅","▆","█"),"·"),"")))} -> ▆····················· | AI46: =IF($AF46="","",IFERROR(AVERAGE(OFFSET(Attendance!$A$1,15,5+(1-1)*4),OFFSET(Attendance!$A$1,15,7+(1-1)*4)),"")) | AJ46: =IF($AF46="","",IFERROR(AVERAGE(OFFSET(Attendance!$A$1,15,5+(2-1)*4),OFFSET(Attendance!$A$1,15,7+(2-1)*4)),"")) -> 4 | AK46: =IF($AF46="","",IFERROR(AVERAGE(OFFSET(Attendance!$A$1,15,5+(3-1)*4),OFFSET(Attendance!$A$1,15,7+(3-1)*4)),"")) | AL46: =IF($AF46="","",IFERROR(AVERAGE(OFFSET(Attendance!$A$1,15,5+(4-1)*4),OFFSET(Attendance!$A$1,15,7+(4-1)*4)),"")) | AM46: =IF($AF46="","",IFERROR(AVERAGE(OFFSET(Attendance!$A$1,15,5+(5-1)*4),OFFSET(Attendance!$A$1,15,7+(5-1)*4)),"")) | AN46: =IF($AF46="","",IFERROR(AVERAGE(OFFSET(Attendance!$A$1,15,5+(6-1)*4),OFFSET(Attendance!$A$1,15,7+(6-1)*4)),"")) | AO46: =IF($AF46="","",IFERROR(AVERAGE(OFFSET(Attendance!$A$1,15,5+(7-1)*4),OFFSET(Attendance!$A$1,15,7+(7-1)*4)),"")) | AP46: =IF($AF46="","",IFERROR(AVERAGE(OFFSET(Attendance!$A$1,15,5+(8-1)*4),OFFSET(Attendance!$A$1,15,7+(8-1)*4)),"")) | AQ46: =IF($AF46="","",IFERROR(AVERAGE(OFFSET(Attendance!$A$1,15,5+(9-1)*4),OFFSET(Attendance!$A$1,15,7+(9-1)*4)),"")) | AR46: =IF($AF46="","",IFERROR(AVERAGE(OFFSET(Attendance!$A$1,15,5+(10-1)*4),OFFSET(Attendance!$A$1,15,7+(10-1)*4)),"")) | AS46: =IF($AF46="","",IFERROR(AVERAGE(OFFSET(Attendance!$A$1,15,5+(11-1)*4),OFFSET(Attendance!$A$1,15,7+(11-1)*4)),"")) | AT46: =IF($AF46="","",IFERROR(AVERAGE(OFFSET(Attendance!$A$1,15,5+(12-1)*4),OFFSET(Attendance!$A$1,15,7+(12-1)*4)),"")) | AU46: =IF($AF46="","",IFERROR(AVERAGE(OFFSET(Attendance!$A$1,15,5+(13-1)*4),OFFSET(Attendance!$A$1,15,7+(13-1)*4)),"")) | AV46: =IF($AF46="","",IFERROR(AVERAGE(OFFSET(Attendance!$A$1,15,5+(14-1)*4),OFFSET(Attendance!$A$1,15,7+(14-1)*4)),"")) | AW46: =IF($AF46="","",IFERROR(AVERAGE(OFFSET(Attendance!$A$1,15,5+(15-1)*4),OFFSET(Attendance!$A$1,15,7+(15-1)*4)),"")) | AX46: =IF($AF46="","",IFERROR(AVERAGE(OFFSET(Attendance!$A$1,15,5+(16-1)*4),OFFSET(Attendance!$A$1,15,7+(16-1)*4)),"")) | AY46: =IF($AF46="","",IFERROR(AVERAGE(OFFSET(Attendance!$A$1,15,5+(17-1)*4),OFFSET(Attendance!$A$1,15,7+(17-1)*4)),"")) | AZ46: =IF($AF46="","",IFERROR(AVERAGE(OFFSET(Attendance!$A$1,15,5+(18-1)*4),OFFSET(Attendance!$A$1,15,7+(18-1)*4)),"")) | BA46: =IF($AF46="","",IFERROR(AVERAGE(OFFSET(Attendance!$A$1,15,5+(19-1)*4),OFFSET(Attendance!$A$1,15,7+(19-1)*4)),"")) | BB46: =IF($AF46="","",IFERROR(AVERAGE(OFFSET(Attendance!$A$1,15,5+(20-1)*4),OFFSET(Attendance!$A$1,15,7+(20-1)*4)),"")) | BC46: =IF($AF46="","",IFERROR(AVERAGE(OFFSET(Attendance!$A$1,15,5+(21-1)*4),OFFSET(Attendance!$A$1,15,7+(21-1)*4)),"")) | BD46: =IF($AF46="","",IFERROR(AVERAGE(OFFSET(Attendance!$A$1,15,5+(22-1)*4),OFFSET(Attendance!$A$1,15,7+(22-1)*4)),"")) | BE46: =IF($AF46="","",IFERROR(Workings!$D17,"")) -> 0.33333333 | BF46: =IF($AF46="","",IFERROR(Workings!$E17,"")) -> 4 | BG46: =IF($AF46="","",IFERROR(Workings!$G17,"")) -> 8 | BH46: =IF($AF46="","",IFERROR(Workings!$H17,"")) -> 0.60555556
B47: =IF(ROW()-37>COUNT(Workings!$AX$6:$AX$25),"",ROW()-37) -> 10 | C47: =IF($B47="","",IFERROR(INDEX(Workings!$AO$6:$AO$25,MATCH($B47,Workings!$AX$6:$AX$25,0)),"")) -> Roma Memon | D47: =IF($B47="","",IFERROR(INDEX(Workings!$AP$6:$AP$25,MATCH($B47,Workings!$AX$6:$AX$25,0)),"")) -> 7 | E47: =IF($B47="","",IFERROR(INDEX(Workings!$AQ$6:$AQ$25,MATCH($B47,Workings!$AX$6:$AX$25,0)),"")) -> 11 | F47: =IF($B47="","",IFERROR(INDEX(Workings!$AR$6:$AR$25,MATCH($B47,Workings!$AX$6:$AX$25,0)),"")) -> 0.63636364 | G47: =IF($B47="","",IFERROR(INDEX(Workings!$AS$6:$AS$25,MATCH($B47,Workings!$AX$6:$AX$25,0)),"")) -> 3.2857143 | H47: =IF($B47="","",IFERROR(INDEX(Workings!$AU$6:$AU$25,MATCH($B47,Workings!$AX$6:$AX$25,0)),"")) -> Not Ready for 90 min | I47: =IF($B47="","",IFERROR(INDEX(Workings!$AT$6:$AT$25,MATCH($B47,Workings!$AX$6:$AX$25,0)),"")) -> 0.58909091 | AF47: =IF(Attendance!$D17="","",Attendance!$D17) -> Roma Memon | AG47: {=IF($AF47="","",_xlfn.TEXTJOIN("",TRUE(),IF(Attendance!$E$4:$CN$4="WR",IFERROR(CHOOSE(Attendance!$E17:$CN17,"▁","▃","▅","▆","█"),"·"),"")))} -> ▅·▅········································· | AH47: {=IF($AF47="","",_xlfn.TEXTJOIN("",TRUE(),IF(Attendance!$CP$4:$FY$4="Rating",IFERROR(CHOOSE(ROUNDUP(Attendance!$CP17:$FY17/2,0),"▁","▃","▅","▆","█"),"·"),"")))} -> ▆····················· | AI47: =IF($AF47="","",IFERROR(AVERAGE(OFFSET(Attendance!$A$1,16,5+(1-1)*4),OFFSET(Attendance!$A$1,16,7+(1-1)*4)),"")) -> 3 | AJ47: =IF($AF47="","",IFERROR(AVERAGE(OFFSET(Attendance!$A$1,16,5+(2-1)*4),OFFSET(Attendance!$A$1,16,7+(2-1)*4)),"")) -> 3 | AK47: =IF($AF47="","",IFERROR(AVERAGE(OFFSET(Attendance!$A$1,16,5+(3-1)*4),OFFSET(Attendance!$A$1,16,7+(3-1)*4)),"")) | AL47: =IF($AF47="","",IFERROR(AVERAGE(OFFSET(Attendance!$A$1,16,5+(4-1)*4),OFFSET(Attendance!$A$1,16,7+(4-1)*4)),"")) | AM47: =IF($AF47="","",IFERROR(AVERAGE(OFFSET(Attendance!$A$1,16,5+(5-1)*4),OFFSET(Attendance!$A$1,16,7+(5-1)*4)),"")) | AN47: =IF($AF47="","",IFERROR(AVERAGE(OFFSET(Attendance!$A$1,16,5+(6-1)*4),OFFSET(Attendance!$A$1,16,7+(6-1)*4)),"")) | AO47: =IF($AF47="","",IFERROR(AVERAGE(OFFSET(Attendance!$A$1,16,5+(7-1)*4),OFFSET(Attendance!$A$1,16,7+(7-1)*4)),"")) | AP47: =IF($AF47="","",IFERROR(AVERAGE(OFFSET(Attendance!$A$1,16,5+(8-1)*4),OFFSET(Attendance!$A$1,16,7+(8-1)*4)),"")) | AQ47: =IF($AF47="","",IFERROR(AVERAGE(OFFSET(Attendance!$A$1,16,5+(9-1)*4),OFFSET(Attendance!$A$1,16,7+(9-1)*4)),"")) | AR47: =IF($AF47="","",IFERROR(AVERAGE(OFFSET(Attendance!$A$1,16,5+(10-1)*4),OFFSET(Attendance!$A$1,16,7+(10-1)*4)),"")) | AS47: =IF($AF47="","",IFERROR(AVERAGE(OFFSET(Attendance!$A$1,16,5+(11-1)*4),OFFSET(Attendance!$A$1,16,7+(11-1)*4)),"")) | AT47: =IF($AF47="","",IFERROR(AVERAGE(OFFSET(Attendance!$A$1,16,5+(12-1)*4),OFFSET(Attendance!$A$1,16,7+(12-1)*4)),"")) | AU47: =IF($AF47="","",IFERROR(AVERAGE(OFFSET(Attendance!$A$1,16,5+(13-1)*4),OFFSET(Attendance!$A$1,16,7+(13-1)*4)),"")) | AV47: =IF($AF47="","",IFERROR(AVERAGE(OFFSET(Attendance!$A$1,16,5+(14-1)*4),OFFSET(Attendance!$A$1,16,7+(14-1)*4)),"")) | AW47: =IF($AF47="","",IFERROR(AVERAGE(OFFSET(Attendance!$A$1,16,5+(15-1)*4),OFFSET(Attendance!$A$1,16,7+(15-1)*4)),"")) | AX47: =IF($AF47="","",IFERROR(AVERAGE(OFFSET(Attendance!$A$1,16,5+(16-1)*4),OFFSET(Attendance!$A$1,16,7+(16-1)*4)),"")) | AY47: =IF($AF47="","",IFERROR(AVERAGE(OFFSET(Attendance!$A$1,16,5+(17-1)*4),OFFSET(Attendance!$A$1,16,7+(17-1)*4)),"")) | AZ47: =IF($AF47="","",IFERROR(AVERAGE(OFFSET(Attendance!$A$1,16,5+(18-1)*4),OFFSET(Attendance!$A$1,16,7+(18-1)*4)),"")) | BA47: =IF($AF47="","",IFERROR(AVERAGE(OFFSET(Attendance!$A$1,16,5+(19-1)*4),OFFSET(Attendance!$A$1,16,7+(19-1)*4)),"")) | BB47: =IF($AF47="","",IFERROR(AVERAGE(OFFSET(Attendance!$A$1,16,5+(20-1)*4),OFFSET(Attendance!$A$1,16,7+(20-1)*4)),"")) | BC47: =IF($AF47="","",IFERROR(AVERAGE(OFFSET(Attendance!$A$1,16,5+(21-1)*4),OFFSET(Attendance!$A$1,16,7+(21-1)*4)),"")) | BD47: =IF($AF47="","",IFERROR(AVERAGE(OFFSET(Attendance!$A$1,16,5+(22-1)*4),OFFSET(Attendance!$A$1,16,7+(22-1)*4)),"")) | BE47: =IF($AF47="","",IFERROR(Workings!$D18,"")) -> 0.66666667 | BF47: =IF($AF47="","",IFERROR(Workings!$E18,"")) -> 3 | BG47: =IF($AF47="","",IFERROR(Workings!$G18,"")) -> 6.5 | BH47: =IF($AF47="","",IFERROR(Workings!$H18,"")) -> 0.62777778
B48: =IF(ROW()-37>COUNT(Workings!$AX$6:$AX$25),"",ROW()-37) -> 11 | C48: =IF($B48="","",IFERROR(INDEX(Workings!$AO$6:$AO$25,MATCH($B48,Workings!$AX$6:$AX$25,0)),"")) -> Amber Kilalee | D48: =IF($B48="","",IFERROR(INDEX(Workings!$AP$6:$AP$25,MATCH($B48,Workings!$AX$6:$AX$25,0)),"")) -> 7 | E48: =IF($B48="","",IFERROR(INDEX(Workings!$AQ$6:$AQ$25,MATCH($B48,Workings!$AX$6:$AX$25,0)),"")) -> 11 | F48: =IF($B48="","",IFERROR(INDEX(Workings!$AR$6:$AR$25,MATCH($B48,Workings!$AX$6:$AX$25,0)),"")) -> 0.63636364 | G48: =IF($B48="","",IFERROR(INDEX(Workings!$AS$6:$AS$25,MATCH($B48,Workings!$AX$6:$AX$25,0)),"")) -> 3 | H48: =IF($B48="","",IFERROR(INDEX(Workings!$AU$6:$AU$25,MATCH($B48,Workings!$AX$6:$AX$25,0)),"")) -> Nearly Ready | I48: =IF($B48="","",IFERROR(INDEX(Workings!$AT$6:$AT$25,MATCH($B48,Workings!$AX$6:$AX$25,0)),"")) -> 0.56 | AF48: =IF(Attendance!$D18="","",Attendance!$D18) -> Emma Dromgoole | AG48: {=IF($AF48="","",_xlfn.TEXTJOIN("",TRUE(),IF(Attendance!$E$4:$CN$4="WR",IFERROR(CHOOSE(Attendance!$E18:$CN18,"▁","▃","▅","▆","█"),"·"),"")))} -> ▅▅▅········································· | AH48: {=IF($AF48="","",_xlfn.TEXTJOIN("",TRUE(),IF(Attendance!$CP$4:$FY$4="Rating",IFERROR(CHOOSE(ROUNDUP(Attendance!$CP18:$FY18/2,0),"▁","▃","▅","▆","█"),"·"),"")))} -> ▆····················· | AI48: =IF($AF48="","",IFERROR(AVERAGE(OFFSET(Attendance!$A$1,17,5+(1-1)*4),OFFSET(Attendance!$A$1,17,7+(1-1)*4)),"")) -> 3 | AJ48: =IF($AF48="","",IFERROR(AVERAGE(OFFSET(Attendance!$A$1,17,5+(2-1)*4),OFFSET(Attendance!$A$1,17,7+(2-1)*4)),"")) -> 3 | AK48: =IF($AF48="","",IFERROR(AVERAGE(OFFSET(Attendance!$A$1,17,5+(3-1)*4),OFFSET(Attendance!$A$1,17,7+(3-1)*4)),"")) | AL48: =IF($AF48="","",IFERROR(AVERAGE(OFFSET(Attendance!$A$1,17,5+(4-1)*4),OFFSET(Attendance!$A$1,17,7+(4-1)*4)),"")) | AM48: =IF($AF48="","",IFERROR(AVERAGE(OFFSET(Attendance!$A$1,17,5+(5-1)*4),OFFSET(Attendance!$A$1,17,7+(5-1)*4)),"")) | AN48: =IF($AF48="","",IFERROR(AVERAGE(OFFSET(Attendance!$A$1,17,5+(6-1)*4),OFFSET(Attendance!$A$1,17,7+(6-1)*4)),"")) | AO48: =IF($AF48="","",IFERROR(AVERAGE(OFFSET(Attendance!$A$1,17,5+(7-1)*4),OFFSET(Attendance!$A$1,17,7+(7-1)*4)),"")) | AP48: =IF($AF48="","",IFERROR(AVERAGE(OFFSET(Attendance!$A$1,17,5+(8-1)*4),OFFSET(Attendance!$A$1,17,7+(8-1)*4)),"")) | AQ48: =IF($AF48="","",IFERROR(AVERAGE(OFFSET(Attendance!$A$1,17,5+(9-1)*4),OFFSET(Attendance!$A$1,17,7+(9-1)*4)),"")) | AR48: =IF($AF48="","",IFERROR(AVERAGE(OFFSET(Attendance!$A$1,17,5+(10-1)*4),OFFSET(Attendance!$A$1,17,7+(10-1)*4)),"")) | AS48: =IF($AF48="","",IFERROR(AVERAGE(OFFSET(Attendance!$A$1,17,5+(11-1)*4),OFFSET(Attendance!$A$1,17,7+(11-1)*4)),"")) | AT48: =IF($AF48="","",IFERROR(AVERAGE(OFFSET(Attendance!$A$1,17,5+(12-1)*4),OFFSET(Attendance!$A$1,17,7+(12-1)*4)),"")) | AU48: =IF($AF48="","",IFERROR(AVERAGE(OFFSET(Attendance!$A$1,17,5+(13-1)*4),OFFSET(Attendance!$A$1,17,7+(13-1)*4)),"")) | AV48: =IF($AF48="","",IFERROR(AVERAGE(OFFSET(Attendance!$A$1,17,5+(14-1)*4),OFFSET(Attendance!$A$1,17,7+(14-1)*4)),"")) | AW48: =IF($AF48="","",IFERROR(AVERAGE(OFFSET(Attendance!$A$1,17,5+(15-1)*4),OFFSET(Attendance!$A$1,17,7+(15-1)*4)),"")) | AX48: =IF($AF48="","",IFERROR(AVERAGE(OFFSET(Attendance!$A$1,17,5+(16-1)*4),OFFSET(Attendance!$A$1,17,7+(16-1)*4)),"")) | AY48: =IF($AF48="","",IFERROR(AVERAGE(OFFSET(Attendance!$A$1,17,5+(17-1)*4),OFFSET(Attendance!$A$1,17,7+(17-1)*4)),"")) | AZ48: =IF($AF48="","",IFERROR(AVERAGE(OFFSET(Attendance!$A$1,17,5+(18-1)*4),OFFSET(Attendance!$A$1,17,7+(18-1)*4)),"")) | BA48: =IF($AF48="","",IFERROR(AVERAGE(OFFSET(Attendance!$A$1,17,5+(19-1)*4),OFFSET(Attendance!$A$1,17,7+(19-1)*4)),"")) | BB48: =IF($AF48="","",IFERROR(AVERAGE(OFFSET(Attendance!$A$1,17,5+(20-1)*4),OFFSET(Attendance!$A$1,17,7+(20-1)*4)),"")) | BC48: =IF($AF48="","",IFERROR(AVERAGE(OFFSET(Attendance!$A$1,17,5+(21-1)*4),OFFSET(Attendance!$A$1,17,7+(21-1)*4)),"")) | BD48: =IF($AF48="","",IFERROR(AVERAGE(OFFSET(Attendance!$A$1,17,5+(22-1)*4),OFFSET(Attendance!$A$1,17,7+(22-1)*4)),"")) | BE48: =IF($AF48="","",IFERROR(Workings!$D19,"")) -> 1 | BF48: =IF($AF48="","",IFERROR(Workings!$E19,"")) -> 3 | BG48: =IF($AF48="","",IFERROR(Workings!$G19,"")) -> 6.5 | BH48: =IF($AF48="","",IFERROR(Workings!$H19,"")) -> 0.76666667
B49: =IF(ROW()-37>COUNT(Workings!$AX$6:$AX$25),"",ROW()-37) -> 12 | C49: =IF($B49="","",IFERROR(INDEX(Workings!$AO$6:$AO$25,MATCH($B49,Workings!$AX$6:$AX$25,0)),"")) -> Emma Dromgoole | D49: =IF($B49="","",IFERROR(INDEX(Workings!$AP$6:$AP$25,MATCH($B49,Workings!$AX$6:$AX$25,0)),"")) -> 6 | E49: =IF($B49="","",IFERROR(INDEX(Workings!$AQ$6:$AQ$25,MATCH($B49,Workings!$AX$6:$AX$25,0)),"")) -> 11 | F49: =IF($B49="","",IFERROR(INDEX(Workings!$AR$6:$AR$25,MATCH($B49,Workings!$AX$6:$AX$25,0)),"")) -> 0.54545455 | G49: =IF($B49="","",IFERROR(INDEX(Workings!$AS$6:$AS$25,MATCH($B49,Workings!$AX$6:$AX$25,0)),"")) -> 3.5 | H49: =IF($B49="","",IFERROR(INDEX(Workings!$AU$6:$AU$25,MATCH($B49,Workings!$AX$6:$AX$25,0)),"")) -> Match Ready | I49: =IF($B49="","",IFERROR(INDEX(Workings!$AT$6:$AT$25,MATCH($B49,Workings!$AX$6:$AX$25,0)),"")) -> 0.52363636 | AF49: =IF(Attendance!$D19="","",Attendance!$D19) -> Elsie Morrison | AG49: {=IF($AF49="","",_xlfn.TEXTJOIN("",TRUE(),IF(Attendance!$E$4:$CN$4="WR",IFERROR(CHOOSE(Attendance!$E19:$CN19,"▁","▃","▅","▆","█"),"·"),"")))} -> ▃▅▆········································· | AH49: {=IF($AF49="","",_xlfn.TEXTJOIN("",TRUE(),IF(Attendance!$CP$4:$FY$4="Rating",IFERROR(CHOOSE(ROUNDUP(Attendance!$CP19:$FY19/2,0),"▁","▃","▅","▆","█"),"·"),"")))} -> ▆····················· | AI49: =IF($AF49="","",IFERROR(AVERAGE(OFFSET(Attendance!$A$1,18,5+(1-1)*4),OFFSET(Attendance!$A$1,18,7+(1-1)*4)),"")) -> 2.5 | AJ49: =IF($AF49="","",IFERROR(AVERAGE(OFFSET(Attendance!$A$1,18,5+(2-1)*4),OFFSET(Attendance!$A$1,18,7+(2-1)*4)),"")) -> 4 | AK49: =IF($AF49="","",IFERROR(AVERAGE(OFFSET(Attendance!$A$1,18,5+(3-1)*4),OFFSET(Attendance!$A$1,18,7+(3-1)*4)),"")) | AL49: =IF($AF49="","",IFERROR(AVERAGE(OFFSET(Attendance!$A$1,18,5+(4-1)*4),OFFSET(Attendance!$A$1,18,7+(4-1)*4)),"")) | AM49: =IF($AF49="","",IFERROR(AVERAGE(OFFSET(Attendance!$A$1,18,5+(5-1)*4),OFFSET(Attendance!$A$1,18,7+(5-1)*4)),"")) | AN49: =IF($AF49="","",IFERROR(AVERAGE(OFFSET(Attendance!$A$1,18,5+(6-1)*4),OFFSET(Attendance!$A$1,18,7+(6-1)*4)),"")) | AO49: =IF($AF49="","",IFERROR(AVERAGE(OFFSET(Attendance!$A$1,18,5+(7-1)*4),OFFSET(Attendance!$A$1,18,7+(7-1)*4)),"")) | AP49: =IF($AF49="","",IFERROR(AVERAGE(OFFSET(Attendance!$A$1,18,5+(8-1)*4),OFFSET(Attendance!$A$1,18,7+(8-1)*4)),"")) | AQ49: =IF($AF49="","",IFERROR(AVERAGE(OFFSET(Attendance!$A$1,18,5+(9-1)*4),OFFSET(Attendance!$A$1,18,7+(9-1)*4)),"")) | AR49: =IF($AF49="","",IFERROR(AVERAGE(OFFSET(Attendance!$A$1,18,5+(10-1)*4),OFFSET(Attendance!$A$1,18,7+(10-1)*4)),"")) | AS49: =IF($AF49="","",IFERROR(AVERAGE(OFFSET(Attendance!$A$1,18,5+(11-1)*4),OFFSET(Attendance!$A$1,18,7+(11-1)*4)),"")) | AT49: =IF($AF49="","",IFERROR(AVERAGE(OFFSET(Attendance!$A$1,18,5+(12-1)*4),OFFSET(Attendance!$A$1,18,7+(12-1)*4)),"")) | AU49: =IF($AF49="","",IFERROR(AVERAGE(OFFSET(Attendance!$A$1,18,5+(13-1)*4),OFFSET(Attendance!$A$1,18,7+(13-1)*4)),"")) | AV49: =IF($AF49="","",IFERROR(AVERAGE(OFFSET(Attendance!$A$1,18,5+(14-1)*4),OFFSET(Attendance!$A$1,18,7+(14-1)*4)),"")) | AW49: =IF($AF49="","",IFERROR(AVERAGE(OFFSET(Attendance!$A$1,18,5+(15-1)*4),OFFSET(Attendance!$A$1,18,7+(15-1)*4)),"")) | AX49: =IF($AF49="","",IFERROR(AVERAGE(OFFSET(Attendance!$A$1,18,5+(16-1)*4),OFFSET(Attendance!$A$1,18,7+(16-1)*4)),"")) | AY49: =IF($AF49="","",IFERROR(AVERAGE(OFFSET(Attendance!$A$1,18,5+(17-1)*4),OFFSET(Attendance!$A$1,18,7+(17-1)*4)),"")) | AZ49: =IF($AF49="","",IFERROR(AVERAGE(OFFSET(Attendance!$A$1,18,5+(18-1)*4),OFFSET(Attendance!$A$1,18,7+(18-1)*4)),"")) | BA49: =IF($AF49="","",IFERROR(AVERAGE(OFFSET(Attendance!$A$1,18,5+(19-1)*4),OFFSET(Attendance!$A$1,18,7+(19-1)*4)),"")) | BB49: =IF($AF49="","",IFERROR(AVERAGE(OFFSET(Attendance!$A$1,18,5+(20-1)*4),OFFSET(Attendance!$A$1,18,7+(20-1)*4)),"")) | BC49: =IF($AF49="","",IFERROR(AVERAGE(OFFSET(Attendance!$A$1,18,5+(21-1)*4),OFFSET(Attendance!$A$1,18,7+(21-1)*4)),"")) | BD49: =IF($AF49="","",IFERROR(AVERAGE(OFFSET(Attendance!$A$1,18,5+(22-1)*4),OFFSET(Attendance!$A$1,18,7+(22-1)*4)),"")) | BE49: =IF($AF49="","",IFERROR(Workings!$D20,"")) -> 1 | BF49: =IF($AF49="","",IFERROR(Workings!$E20,"")) -> 3 | BG49: =IF($AF49="","",IFERROR(Workings!$G20,"")) -> 8 | BH49: =IF($AF49="","",IFERROR(Workings!$H20,"")) -> 0.76666667
B50: =IF(ROW()-37>COUNT(Workings!$AX$6:$AX$25),"",ROW()-37) -> 13 | C50: =IF($B50="","",IFERROR(INDEX(Workings!$AO$6:$AO$25,MATCH($B50,Workings!$AX$6:$AX$25,0)),"")) -> Tara Brannigan | D50: =IF($B50="","",IFERROR(INDEX(Workings!$AP$6:$AP$25,MATCH($B50,Workings!$AX$6:$AX$25,0)),"")) -> 4 | E50: =IF($B50="","",IFERROR(INDEX(Workings!$AQ$6:$AQ$25,MATCH($B50,Workings!$AX$6:$AX$25,0)),"")) -> 11 | F50: =IF($B50="","",IFERROR(INDEX(Workings!$AR$6:$AR$25,MATCH($B50,Workings!$AX$6:$AX$25,0)),"")) -> 0.36363636 | G50: =IF($B50="","",IFERROR(INDEX(Workings!$AS$6:$AS$25,MATCH($B50,Workings!$AX$6:$AX$25,0)),"")) -> 3.25 | H50: =IF($B50="","",IFERROR(INDEX(Workings!$AU$6:$AU$25,MATCH($B50,Workings!$AX$6:$AX$25,0)),"")) -> Insufficient data | I50: =IF($B50="","",IFERROR(INDEX(Workings!$AT$6:$AT$25,MATCH($B50,Workings!$AX$6:$AX$25,0)),"")) -> 0.33454545 | AF50: =IF(Attendance!$D20="","",Attendance!$D20) -> Zara Freeman | AG50: {=IF($AF50="","",_xlfn.TEXTJOIN("",TRUE(),IF(Attendance!$E$4:$CN$4="WR",IFERROR(CHOOSE(Attendance!$E20:$CN20,"▁","▃","▅","▆","█"),"·"),"")))} -> ·▅▅········································· | AH50: {=IF($AF50="","",_xlfn.TEXTJOIN("",TRUE(),IF(Attendance!$CP$4:$FY$4="Rating",IFERROR(CHOOSE(ROUNDUP(Attendance!$CP20:$FY20/2,0),"▁","▃","▅","▆","█"),"·"),"")))} -> █····················· | AI50: =IF($AF50="","",IFERROR(AVERAGE(OFFSET(Attendance!$A$1,19,5+(1-1)*4),OFFSET(Attendance!$A$1,19,7+(1-1)*4)),"")) -> 3 | AJ50: =IF($AF50="","",IFERROR(AVERAGE(OFFSET(Attendance!$A$1,19,5+(2-1)*4),OFFSET(Attendance!$A$1,19,7+(2-1)*4)),"")) -> 3 | AK50: =IF($AF50="","",IFERROR(AVERAGE(OFFSET(Attendance!$A$1,19,5+(3-1)*4),OFFSET(Attendance!$A$1,19,7+(3-1)*4)),"")) | AL50: =IF($AF50="","",IFERROR(AVERAGE(OFFSET(Attendance!$A$1,19,5+(4-1)*4),OFFSET(Attendance!$A$1,19,7+(4-1)*4)),"")) | AM50: =IF($AF50="","",IFERROR(AVERAGE(OFFSET(Attendance!$A$1,19,5+(5-1)*4),OFFSET(Attendance!$A$1,19,7+(5-1)*4)),"")) | AN50: =IF($AF50="","",IFERROR(AVERAGE(OFFSET(Attendance!$A$1,19,5+(6-1)*4),OFFSET(Attendance!$A$1,19,7+(6-1)*4)),"")) | AO50: =IF($AF50="","",IFERROR(AVERAGE(OFFSET(Attendance!$A$1,19,5+(7-1)*4),OFFSET(Attendance!$A$1,19,7+(7-1)*4)),"")) | AP50: =IF($AF50="","",IFERROR(AVERAGE(OFFSET(Attendance!$A$1,19,5+(8-1)*4),OFFSET(Attendance!$A$1,19,7+(8-1)*4)),"")) | AQ50: =IF($AF50="","",IFERROR(AVERAGE(OFFSET(Attendance!$A$1,19,5+(9-1)*4),OFFSET(Attendance!$A$1,19,7+(9-1)*4)),"")) | AR50: =IF($AF50="","",IFERROR(AVERAGE(OFFSET(Attendance!$A$1,19,5+(10-1)*4),OFFSET(Attendance!$A$1,19,7+(10-1)*4)),"")) | AS50: =IF($AF50="","",IFERROR(AVERAGE(OFFSET(Attendance!$A$1,19,5+(11-1)*4),OFFSET(Attendance!$A$1,19,7+(11-1)*4)),"")) | AT50: =IF($AF50="","",IFERROR(AVERAGE(OFFSET(Attendance!$A$1,19,5+(12-1)*4),OFFSET(Attendance!$A$1,19,7+(12-1)*4)),"")) | AU50: =IF($AF50="","",IFERROR(AVERAGE(OFFSET(Attendance!$A$1,19,5+(13-1)*4),OFFSET(Attendance!$A$1,19,7+(13-1)*4)),"")) | AV50: =IF($AF50="","",IFERROR(AVERAGE(OFFSET(Attendance!$A$1,19,5+(14-1)*4),OFFSET(Attendance!$A$1,19,7+(14-1)*4)),"")) | AW50: =IF($AF50="","",IFERROR(AVERAGE(OFFSET(Attendance!$A$1,19,5+(15-1)*4),OFFSET(Attendance!$A$1,19,7+(15-1)*4)),"")) | AX50: =IF($AF50="","",IFERROR(AVERAGE(OFFSET(Attendance!$A$1,19,5+(16-1)*4),OFFSET(Attendance!$A$1,19,7+(16-1)*4)),"")) | AY50: =IF($AF50="","",IFERROR(AVERAGE(OFFSET(Attendance!$A$1,19,5+(17-1)*4),OFFSET(Attendance!$A$1,19,7+(17-1)*4)),"")) | AZ50: =IF($AF50="","",IFERROR(AVERAGE(OFFSET(Attendance!$A$1,19,5+(18-1)*4),OFFSET(Attendance!$A$1,19,7+(18-1)*4)),"")) | BA50: =IF($AF50="","",IFERROR(AVERAGE(OFFSET(Attendance!$A$1,19,5+(19-1)*4),OFFSET(Attendance!$A$1,19,7+(19-1)*4)),"")) | BB50: =IF($AF50="","",IFERROR(AVERAGE(OFFSET(Attendance!$A$1,19,5+(20-1)*4),OFFSET(Attendance!$A$1,19,7+(20-1)*4)),"")) | BC50: =IF($AF50="","",IFERROR(AVERAGE(OFFSET(Attendance!$A$1,19,5+(21-1)*4),OFFSET(Attendance!$A$1,19,7+(21-1)*4)),"")) | BD50: =IF($AF50="","",IFERROR(AVERAGE(OFFSET(Attendance!$A$1,19,5+(22-1)*4),OFFSET(Attendance!$A$1,19,7+(22-1)*4)),"")) | BE50: =IF($AF50="","",IFERROR(Workings!$D21,"")) -> 0.66666667 | BF50: =IF($AF50="","",IFERROR(Workings!$E21,"")) -> 3 | BG50: =IF($AF50="","",IFERROR(Workings!$G21,"")) -> 8.5 | BH50: =IF($AF50="","",IFERROR(Workings!$H21,"")) -> 0.62777778
B51: =IF(ROW()-37>COUNT(Workings!$AX$6:$AX$25),"",ROW()-37) -> 14 | C51: =IF($B51="","",IFERROR(INDEX(Workings!$AO$6:$AO$25,MATCH($B51,Workings!$AX$6:$AX$25,0)),"")) -> Zara Freeman | D51: =IF($B51="","",IFERROR(INDEX(Workings!$AP$6:$AP$25,MATCH($B51,Workings!$AX$6:$AX$25,0)),"")) -> 3 | E51: =IF($B51="","",IFERROR(INDEX(Workings!$AQ$6:$AQ$25,MATCH($B51,Workings!$AX$6:$AX$25,0)),"")) -> 11 | F51: =IF($B51="","",IFERROR(INDEX(Workings!$AR$6:$AR$25,MATCH($B51,Workings!$AX$6:$AX$25,0)),"")) -> 0.27272727 | G51: =IF($B51="","",IFERROR(INDEX(Workings!$AS$6:$AS$25,MATCH($B51,Workings!$AX$6:$AX$25,0)),"")) -> 3.3333333 | H51: =IF($B51="","",IFERROR(INDEX(Workings!$AU$6:$AU$25,MATCH($B51,Workings!$AX$6:$AX$25,0)),"")) -> Insufficient data | I51: =IF($B51="","",IFERROR(INDEX(Workings!$AT$6:$AT$25,MATCH($B51,Workings!$AX$6:$AX$25,0)),"")) -> 0.25454545 | AF51: =IF(Attendance!$D21="","",Attendance!$D21) -> Mariana Soares | AG51: {=IF($AF51="","",_xlfn.TEXTJOIN("",TRUE(),IF(Attendance!$E$4:$CN$4="WR",IFERROR(CHOOSE(Attendance!$E21:$CN21,"▁","▃","▅","▆","█"),"·"),"")))} -> ▅▅▅········································· | AH51: {=IF($AF51="","",_xlfn.TEXTJOIN("",TRUE(),IF(Attendance!$CP$4:$FY$4="Rating",IFERROR(CHOOSE(ROUNDUP(Attendance!$CP21:$FY21/2,0),"▁","▃","▅","▆","█"),"·"),"")))} -> ▆····················· | AI51: =IF($AF51="","",IFERROR(AVERAGE(OFFSET(Attendance!$A$1,20,5+(1-1)*4),OFFSET(Attendance!$A$1,20,7+(1-1)*4)),"")) -> 3 | AJ51: =IF($AF51="","",IFERROR(AVERAGE(OFFSET(Attendance!$A$1,20,5+(2-1)*4),OFFSET(Attendance!$A$1,20,7+(2-1)*4)),"")) -> 3 | AK51: =IF($AF51="","",IFERROR(AVERAGE(OFFSET(Attendance!$A$1,20,5+(3-1)*4),OFFSET(Attendance!$A$1,20,7+(3-1)*4)),"")) | AL51: =IF($AF51="","",IFERROR(AVERAGE(OFFSET(Attendance!$A$1,20,5+(4-1)*4),OFFSET(Attendance!$A$1,20,7+(4-1)*4)),"")) | AM51: =IF($AF51="","",IFERROR(AVERAGE(OFFSET(Attendance!$A$1,20,5+(5-1)*4),OFFSET(Attendance!$A$1,20,7+(5-1)*4)),"")) | AN51: =IF($AF51="","",IFERROR(AVERAGE(OFFSET(Attendance!$A$1,20,5+(6-1)*4),OFFSET(Attendance!$A$1,20,7+(6-1)*4)),"")) | AO51: =IF($AF51="","",IFERROR(AVERAGE(OFFSET(Attendance!$A$1,20,5+(7-1)*4),OFFSET(Attendance!$A$1,20,7+(7-1)*4)),"")) | AP51: =IF($AF51="","",IFERROR(AVERAGE(OFFSET(Attendance!$A$1,20,5+(8-1)*4),OFFSET(Attendance!$A$1,20,7+(8-1)*4)),"")) | AQ51: =IF($AF51="","",IFERROR(AVERAGE(OFFSET(Attendance!$A$1,20,5+(9-1)*4),OFFSET(Attendance!$A$1,20,7+(9-1)*4)),"")) | AR51: =IF($AF51="","",IFERROR(AVERAGE(OFFSET(Attendance!$A$1,20,5+(10-1)*4),OFFSET(Attendance!$A$1,20,7+(10-1)*4)),"")) | AS51: =IF($AF51="","",IFERROR(AVERAGE(OFFSET(Attendance!$A$1,20,5+(11-1)*4),OFFSET(Attendance!$A$1,20,7+(11-1)*4)),"")) | AT51: =IF($AF51="","",IFERROR(AVERAGE(OFFSET(Attendance!$A$1,20,5+(12-1)*4),OFFSET(Attendance!$A$1,20,7+(12-1)*4)),"")) | AU51: =IF($AF51="","",IFERROR(AVERAGE(OFFSET(Attendance!$A$1,20,5+(13-1)*4),OFFSET(Attendance!$A$1,20,7+(13-1)*4)),"")) | AV51: =IF($AF51="","",IFERROR(AVERAGE(OFFSET(Attendance!$A$1,20,5+(14-1)*4),OFFSET(Attendance!$A$1,20,7+(14-1)*4)),"")) | AW51: =IF($AF51="","",IFERROR(AVERAGE(OFFSET(Attendance!$A$1,20,5+(15-1)*4),OFFSET(Attendance!$A$1,20,7+(15-1)*4)),"")) | AX51: =IF($AF51="","",IFERROR(AVERAGE(OFFSET(Attendance!$A$1,20,5+(16-1)*4),OFFSET(Attendance!$A$1,20,7+(16-1)*4)),"")) | AY51: =IF($AF51="","",IFERROR(AVERAGE(OFFSET(Attendance!$A$1,20,5+(17-1)*4),OFFSET(Attendance!$A$1,20,7+(17-1)*4)),"")) | AZ51: =IF($AF51="","",IFERROR(AVERAGE(OFFSET(Attendance!$A$1,20,5+(18-1)*4),OFFSET(Attendance!$A$1,20,7+(18-1)*4)),"")) | BA51: =IF($AF51="","",IFERROR(AVERAGE(OFFSET(Attendance!$A$1,20,5+(19-1)*4),OFFSET(Attendance!$A$1,20,7+(19-1)*4)),"")) | BB51: =IF($AF51="","",IFERROR(AVERAGE(OFFSET(Attendance!$A$1,20,5+(20-1)*4),OFFSET(Attendance!$A$1,20,7+(20-1)*4)),"")) | BC51: =IF($AF51="","",IFERROR(AVERAGE(OFFSET(Attendance!$A$1,20,5+(21-1)*4),OFFSET(Attendance!$A$1,20,7+(21-1)*4)),"")) | BD51: =IF($AF51="","",IFERROR(AVERAGE(OFFSET(Attendance!$A$1,20,5+(22-1)*4),OFFSET(Attendance!$A$1,20,7+(22-1)*4)),"")) | BE51: =IF($AF51="","",IFERROR(Workings!$D22,"")) -> 1 | BF51: =IF($AF51="","",IFERROR(Workings!$E22,"")) -> 3 | BG51: =IF($AF51="","",IFERROR(Workings!$G22,"")) -> 7.5 | BH51: =IF($AF51="","",IFERROR(Workings!$H22,"")) -> 0.76666667
B52: =IF(ROW()-37>COUNT(Workings!$AX$6:$AX$25),"",ROW()-37) -> 15 | C52: =IF($B52="","",IFERROR(INDEX(Workings!$AO$6:$AO$25,MATCH($B52,Workings!$AX$6:$AX$25,0)),"")) -> Mariana Soares | D52: =IF($B52="","",IFERROR(INDEX(Workings!$AP$6:$AP$25,MATCH($B52,Workings!$AX$6:$AX$25,0)),"")) -> 3 | E52: =IF($B52="","",IFERROR(INDEX(Workings!$AQ$6:$AQ$25,MATCH($B52,Workings!$AX$6:$AX$25,0)),"")) -> 11 | F52: =IF($B52="","",IFERROR(INDEX(Workings!$AR$6:$AR$25,MATCH($B52,Workings!$AX$6:$AX$25,0)),"")) -> 0.27272727 | G52: =IF($B52="","",IFERROR(INDEX(Workings!$AS$6:$AS$25,MATCH($B52,Workings!$AX$6:$AX$25,0)),"")) -> 3 | H52: =IF($B52="","",IFERROR(INDEX(Workings!$AU$6:$AU$25,MATCH($B52,Workings!$AX$6:$AX$25,0)),"")) -> Insufficient data | I52: =IF($B52="","",IFERROR(INDEX(Workings!$AT$6:$AT$25,MATCH($B52,Workings!$AX$6:$AX$25,0)),"")) -> 0.24 | AF52: =IF(Attendance!$D22="","",Attendance!$D22) -> Rama Abuowda | AG52: {=IF($AF52="","",_xlfn.TEXTJOIN("",TRUE(),IF(Attendance!$E$4:$CN$4="WR",IFERROR(CHOOSE(Attendance!$E22:$CN22,"▁","▃","▅","▆","█"),"·"),"")))} -> ▅▅▅········································· | AH52: {=IF($AF52="","",_xlfn.TEXTJOIN("",TRUE(),IF(Attendance!$CP$4:$FY$4="Rating",IFERROR(CHOOSE(ROUNDUP(Attendance!$CP22:$FY22/2,0),"▁","▃","▅","▆","█"),"·"),"")))} -> █····················· | AI52: =IF($AF52="","",IFERROR(AVERAGE(OFFSET(Attendance!$A$1,21,5+(1-1)*4),OFFSET(Attendance!$A$1,21,7+(1-1)*4)),"")) -> 3 | AJ52: =IF($AF52="","",IFERROR(AVERAGE(OFFSET(Attendance!$A$1,21,5+(2-1)*4),OFFSET(Attendance!$A$1,21,7+(2-1)*4)),"")) -> 3 | AK52: =IF($AF52="","",IFERROR(AVERAGE(OFFSET(Attendance!$A$1,21,5+(3-1)*4),OFFSET(Attendance!$A$1,21,7+(3-1)*4)),"")) | AL52: =IF($AF52="","",IFERROR(AVERAGE(OFFSET(Attendance!$A$1,21,5+(4-1)*4),OFFSET(Attendance!$A$1,21,7+(4-1)*4)),"")) | AM52: =IF($AF52="","",IFERROR(AVERAGE(OFFSET(Attendance!$A$1,21,5+(5-1)*4),OFFSET(Attendance!$A$1,21,7+(5-1)*4)),"")) | AN52: =IF($AF52="","",IFERROR(AVERAGE(OFFSET(Attendance!$A$1,21,5+(6-1)*4),OFFSET(Attendance!$A$1,21,7+(6-1)*4)),"")) | AO52: =IF($AF52="","",IFERROR(AVERAGE(OFFSET(Attendance!$A$1,21,5+(7-1)*4),OFFSET(Attendance!$A$1,21,7+(7-1)*4)),"")) | AP52: =IF($AF52="","",IFERROR(AVERAGE(OFFSET(Attendance!$A$1,21,5+(8-1)*4),OFFSET(Attendance!$A$1,21,7+(8-1)*4)),"")) | AQ52: =IF($AF52="","",IFERROR(AVERAGE(OFFSET(Attendance!$A$1,21,5+(9-1)*4),OFFSET(Attendance!$A$1,21,7+(9-1)*4)),"")) | AR52: =IF($AF52="","",IFERROR(AVERAGE(OFFSET(Attendance!$A$1,21,5+(10-1)*4),OFFSET(Attendance!$A$1,21,7+(10-1)*4)),"")) | AS52: =IF($AF52="","",IFERROR(AVERAGE(OFFSET(Attendance!$A$1,21,5+(11-1)*4),OFFSET(Attendance!$A$1,21,7+(11-1)*4)),"")) | AT52: =IF($AF52="","",IFERROR(AVERAGE(OFFSET(Attendance!$A$1,21,5+(12-1)*4),OFFSET(Attendance!$A$1,21,7+(12-1)*4)),"")) | AU52: =IF($AF52="","",IFERROR(AVERAGE(OFFSET(Attendance!$A$1,21,5+(13-1)*4),OFFSET(Attendance!$A$1,21,7+(13-1)*4)),"")) | AV52: =IF($AF52="","",IFERROR(AVERAGE(OFFSET(Attendance!$A$1,21,5+(14-1)*4),OFFSET(Attendance!$A$1,21,7+(14-1)*4)),"")) | AW52: =IF($AF52="","",IFERROR(AVERAGE(OFFSET(Attendance!$A$1,21,5+(15-1)*4),OFFSET(Attendance!$A$1,21,7+(15-1)*4)),"")) | AX52: =IF($AF52="","",IFERROR(AVERAGE(OFFSET(Attendance!$A$1,21,5+(16-1)*4),OFFSET(Attendance!$A$1,21,7+(16-1)*4)),"")) | AY52: =IF($AF52="","",IFERROR(AVERAGE(OFFSET(Attendance!$A$1,21,5+(17-1)*4),OFFSET(Attendance!$A$1,21,7+(17-1)*4)),"")) | AZ52: =IF($AF52="","",IFERROR(AVERAGE(OFFSET(Attendance!$A$1,21,5+(18-1)*4),OFFSET(Attendance!$A$1,21,7+(18-1)*4)),"")) | BA52: =IF($AF52="","",IFERROR(AVERAGE(OFFSET(Attendance!$A$1,21,5+(19-1)*4),OFFSET(Attendance!$A$1,21,7+(19-1)*4)),"")) | BB52: =IF($AF52="","",IFERROR(AVERAGE(OFFSET(Attendance!$A$1,21,5+(20-1)*4),OFFSET(Attendance!$A$1,21,7+(20-1)*4)),"")) | BC52: =IF($AF52="","",IFERROR(AVERAGE(OFFSET(Attendance!$A$1,21,5+(21-1)*4),OFFSET(Attendance!$A$1,21,7+(21-1)*4)),"")) | BD52: =IF($AF52="","",IFERROR(AVERAGE(OFFSET(Attendance!$A$1,21,5+(22-1)*4),OFFSET(Attendance!$A$1,21,7+(22-1)*4)),"")) | BE52: =IF($AF52="","",IFERROR(Workings!$D23,"")) -> 1 | BF52: =IF($AF52="","",IFERROR(Workings!$E23,"")) -> 3 | BG52: =IF($AF52="","",IFERROR(Workings!$G23,"")) -> 8.5 | BH52: =IF($AF52="","",IFERROR(Workings!$H23,"")) -> 0.76666667
B53: =IF(ROW()-37>COUNT(Workings!$AX$6:$AX$25),"",ROW()-37) -> 16 | C53: =IF($B53="","",IFERROR(INDEX(Workings!$AO$6:$AO$25,MATCH($B53,Workings!$AX$6:$AX$25,0)),"")) -> Zara Power | D53: =IF($B53="","",IFERROR(INDEX(Workings!$AP$6:$AP$25,MATCH($B53,Workings!$AX$6:$AX$25,0)),"")) -> 3 | E53: =IF($B53="","",IFERROR(INDEX(Workings!$AQ$6:$AQ$25,MATCH($B53,Workings!$AX$6:$AX$25,0)),"")) -> 11 | F53: =IF($B53="","",IFERROR(INDEX(Workings!$AR$6:$AR$25,MATCH($B53,Workings!$AX$6:$AX$25,0)),"")) -> 0.27272727 | G53: =IF($B53="","",IFERROR(INDEX(Workings!$AS$6:$AS$25,MATCH($B53,Workings!$AX$6:$AX$25,0)),"")) -> 2.6666667 | H53: =IF($B53="","",IFERROR(INDEX(Workings!$AU$6:$AU$25,MATCH($B53,Workings!$AX$6:$AX$25,0)),"")) -> Insufficient data | I53: =IF($B53="","",IFERROR(INDEX(Workings!$AT$6:$AT$25,MATCH($B53,Workings!$AX$6:$AX$25,0)),"")) -> 0.22545455 | AF53: =IF(Attendance!$D23="","",Attendance!$D23) | AG53: {=IF($AF53="","",_xlfn.TEXTJOIN("",TRUE(),IF(Attendance!$E$4:$CN$4="WR",IFERROR(CHOOSE(Attendance!$E23:$CN23,"▁","▃","▅","▆","█"),"·"),"")))} | AH53: {=IF($AF53="","",_xlfn.TEXTJOIN("",TRUE(),IF(Attendance!$CP$4:$FY$4="Rating",IFERROR(CHOOSE(ROUNDUP(Attendance!$CP23:$FY23/2,0),"▁","▃","▅","▆","█"),"·"),"")))} | AI53: =IF($AF53="","",IFERROR(AVERAGE(OFFSET(Attendance!$A$1,22,5+(1-1)*4),OFFSET(Attendance!$A$1,22,7+(1-1)*4)),"")) | AJ53: =IF($AF53="","",IFERROR(AVERAGE(OFFSET(Attendance!$A$1,22,5+(2-1)*4),OFFSET(Attendance!$A$1,22,7+(2-1)*4)),"")) | AK53: =IF($AF53="","",IFERROR(AVERAGE(OFFSET(Attendance!$A$1,22,5+(3-1)*4),OFFSET(Attendance!$A$1,22,7+(3-1)*4)),"")) | AL53: =IF($AF53="","",IFERROR(AVERAGE(OFFSET(Attendance!$A$1,22,5+(4-1)*4),OFFSET(Attendance!$A$1,22,7+(4-1)*4)),"")) | AM53: =IF($AF53="","",IFERROR(AVERAGE(OFFSET(Attendance!$A$1,22,5+(5-1)*4),OFFSET(Attendance!$A$1,22,7+(5-1)*4)),"")) | AN53: =IF($AF53="","",IFERROR(AVERAGE(OFFSET(Attendance!$A$1,22,5+(6-1)*4),OFFSET(Attendance!$A$1,22,7+(6-1)*4)),"")) | AO53: =IF($AF53="","",IFERROR(AVERAGE(OFFSET(Attendance!$A$1,22,5+(7-1)*4),OFFSET(Attendance!$A$1,22,7+(7-1)*4)),"")) | AP53: =IF($AF53="","",IFERROR(AVERAGE(OFFSET(Attendance!$A$1,22,5+(8-1)*4),OFFSET(Attendance!$A$1,22,7+(8-1)*4)),"")) | AQ53: =IF($AF53="","",IFERROR(AVERAGE(OFFSET(Attendance!$A$1,22,5+(9-1)*4),OFFSET(Attendance!$A$1,22,7+(9-1)*4)),"")) | AR53: =IF($AF53="","",IFERROR(AVERAGE(OFFSET(Attendance!$A$1,22,5+(10-1)*4),OFFSET(Attendance!$A$1,22,7+(10-1)*4)),"")) | AS53: =IF($AF53="","",IFERROR(AVERAGE(OFFSET(Attendance!$A$1,22,5+(11-1)*4),OFFSET(Attendance!$A$1,22,7+(11-1)*4)),"")) | AT53: =IF($AF53="","",IFERROR(AVERAGE(OFFSET(Attendance!$A$1,22,5+(12-1)*4),OFFSET(Attendance!$A$1,22,7+(12-1)*4)),"")) | AU53: =IF($AF53="","",IFERROR(AVERAGE(OFFSET(Attendance!$A$1,22,5+(13-1)*4),OFFSET(Attendance!$A$1,22,7+(13-1)*4)),"")) | AV53: =IF($AF53="","",IFERROR(AVERAGE(OFFSET(Attendance!$A$1,22,5+(14-1)*4),OFFSET(Attendance!$A$1,22,7+(14-1)*4)),"")) | AW53: =IF($AF53="","",IFERROR(AVERAGE(OFFSET(Attendance!$A$1,22,5+(15-1)*4),OFFSET(Attendance!$A$1,22,7+(15-1)*4)),"")) | AX53: =IF($AF53="","",IFERROR(AVERAGE(OFFSET(Attendance!$A$1,22,5+(16-1)*4),OFFSET(Attendance!$A$1,22,7+(16-1)*4)),"")) | AY53: =IF($AF53="","",IFERROR(AVERAGE(OFFSET(Attendance!$A$1,22,5+(17-1)*4),OFFSET(Attendance!$A$1,22,7+(17-1)*4)),"")) | AZ53: =IF($AF53="","",IFERROR(AVERAGE(OFFSET(Attendance!$A$1,22,5+(18-1)*4),OFFSET(Attendance!$A$1,22,7+(18-1)*4)),"")) | BA53: =IF($AF53="","",IFERROR(AVERAGE(OFFSET(Attendance!$A$1,22,5+(19-1)*4),OFFSET(Attendance!$A$1,22,7+(19-1)*4)),"")) | BB53: =IF($AF53="","",IFERROR(AVERAGE(OFFSET(Attendance!$A$1,22,5+(20-1)*4),OFFSET(Attendance!$A$1,22,7+(20-1)*4)),"")) | BC53: =IF($AF53="","",IFERROR(AVERAGE(OFFSET(Attendance!$A$1,22,5+(21-1)*4),OFFSET(Attendance!$A$1,22,7+(21-1)*4)),"")) | BD53: =IF($AF53="","",IFERROR(AVERAGE(OFFSET(Attendance!$A$1,22,5+(22-1)*4),OFFSET(Attendance!$A$1,22,7+(22-1)*4)),"")) | BE53: =IF($AF53="","",IFERROR(Workings!$D24,"")) | BF53: =IF($AF53="","",IFERROR(Workings!$E24,"")) | BG53: =IF($AF53="","",IFERROR(Workings!$G24,"")) | BH53: =IF($AF53="","",IFERROR(Workings!$H24,""))
B54: =IF(ROW()-37>COUNT(Workings!$AX$6:$AX$25),"",ROW()-37) -> 17 | C54: =IF($B54="","",IFERROR(INDEX(Workings!$AO$6:$AO$25,MATCH($B54,Workings!$AX$6:$AX$25,0)),"")) -> Heidi Cerubini Dunne | D54: =IF($B54="","",IFERROR(INDEX(Workings!$AP$6:$AP$25,MATCH($B54,Workings!$AX$6:$AX$25,0)),"")) -> 3 | E54: =IF($B54="","",IFERROR(INDEX(Workings!$AQ$6:$AQ$25,MATCH($B54,Workings!$AX$6:$AX$25,0)),"")) -> 11 | F54: =IF($B54="","",IFERROR(INDEX(Workings!$AR$6:$AR$25,MATCH($B54,Workings!$AX$6:$AX$25,0)),"")) -> 0.27272727 | G54: =IF($B54="","",IFERROR(INDEX(Workings!$AS$6:$AS$25,MATCH($B54,Workings!$AX$6:$AX$25,0)),"")) -> 2 | H54: =IF($B54="","",IFERROR(INDEX(Workings!$AU$6:$AU$25,MATCH($B54,Workings!$AX$6:$AX$25,0)),"")) -> Insufficient data | I54: =IF($B54="","",IFERROR(INDEX(Workings!$AT$6:$AT$25,MATCH($B54,Workings!$AX$6:$AX$25,0)),"")) -> 0.19636364 | AF54: =IF(Attendance!$D24="","",Attendance!$D24) | AG54: {=IF($AF54="","",_xlfn.TEXTJOIN("",TRUE(),IF(Attendance!$E$4:$CN$4="WR",IFERROR(CHOOSE(Attendance!$E24:$CN24,"▁","▃","▅","▆","█"),"·"),"")))} | AH54: {=IF($AF54="","",_xlfn.TEXTJOIN("",TRUE(),IF(Attendance!$CP$4:$FY$4="Rating",IFERROR(CHOOSE(ROUNDUP(Attendance!$CP24:$FY24/2,0),"▁","▃","▅","▆","█"),"·"),"")))} | AI54: =IF($AF54="","",IFERROR(AVERAGE(OFFSET(Attendance!$A$1,23,5+(1-1)*4),OFFSET(Attendance!$A$1,23,7+(1-1)*4)),"")) | AJ54: =IF($AF54="","",IFERROR(AVERAGE(OFFSET(Attendance!$A$1,23,5+(2-1)*4),OFFSET(Attendance!$A$1,23,7+(2-1)*4)),"")) | AK54: =IF($AF54="","",IFERROR(AVERAGE(OFFSET(Attendance!$A$1,23,5+(3-1)*4),OFFSET(Attendance!$A$1,23,7+(3-1)*4)),"")) | AL54: =IF($AF54="","",IFERROR(AVERAGE(OFFSET(Attendance!$A$1,23,5+(4-1)*4),OFFSET(Attendance!$A$1,23,7+(4-1)*4)),"")) | AM54: =IF($AF54="","",IFERROR(AVERAGE(OFFSET(Attendance!$A$1,23,5+(5-1)*4),OFFSET(Attendance!$A$1,23,7+(5-1)*4)),"")) | AN54: =IF($AF54="","",IFERROR(AVERAGE(OFFSET(Attendance!$A$1,23,5+(6-1)*4),OFFSET(Attendance!$A$1,23,7+(6-1)*4)),"")) | AO54: =IF($AF54="","",IFERROR(AVERAGE(OFFSET(Attendance!$A$1,23,5+(7-1)*4),OFFSET(Attendance!$A$1,23,7+(7-1)*4)),"")) | AP54: =IF($AF54="","",IFERROR(AVERAGE(OFFSET(Attendance!$A$1,23,5+(8-1)*4),OFFSET(Attendance!$A$1,23,7+(8-1)*4)),"")) | AQ54: =IF($AF54="","",IFERROR(AVERAGE(OFFSET(Attendance!$A$1,23,5+(9-1)*4),OFFSET(Attendance!$A$1,23,7+(9-1)*4)),"")) | AR54: =IF($AF54="","",IFERROR(AVERAGE(OFFSET(Attendance!$A$1,23,5+(10-1)*4),OFFSET(Attendance!$A$1,23,7+(10-1)*4)),"")) | AS54: =IF($AF54="","",IFERROR(AVERAGE(OFFSET(Attendance!$A$1,23,5+(11-1)*4),OFFSET(Attendance!$A$1,23,7+(11-1)*4)),"")) | AT54: =IF($AF54="","",IFERROR(AVERAGE(OFFSET(Attendance!$A$1,23,5+(12-1)*4),OFFSET(Attendance!$A$1,23,7+(12-1)*4)),"")) | AU54: =IF($AF54="","",IFERROR(AVERAGE(OFFSET(Attendance!$A$1,23,5+(13-1)*4),OFFSET(Attendance!$A$1,23,7+(13-1)*4)),"")) | AV54: =IF($AF54="","",IFERROR(AVERAGE(OFFSET(Attendance!$A$1,23,5+(14-1)*4),OFFSET(Attendance!$A$1,23,7+(14-1)*4)),"")) | AW54: =IF($AF54="","",IFERROR(AVERAGE(OFFSET(Attendance!$A$1,23,5+(15-1)*4),OFFSET(Attendance!$A$1,23,7+(15-1)*4)),"")) | AX54: =IF($AF54="","",IFERROR(AVERAGE(OFFSET(Attendance!$A$1,23,5+(16-1)*4),OFFSET(Attendance!$A$1,23,7+(16-1)*4)),"")) | AY54: =IF($AF54="","",IFERROR(AVERAGE(OFFSET(Attendance!$A$1,23,5+(17-1)*4),OFFSET(Attendance!$A$1,23,7+(17-1)*4)),"")) | AZ54: =IF($AF54="","",IFERROR(AVERAGE(OFFSET(Attendance!$A$1,23,5+(18-1)*4),OFFSET(Attendance!$A$1,23,7+(18-1)*4)),"")) | BA54: =IF($AF54="","",IFERROR(AVERAGE(OFFSET(Attendance!$A$1,23,5+(19-1)*4),OFFSET(Attendance!$A$1,23,7+(19-1)*4)),"")) | BB54: =IF($AF54="","",IFERROR(AVERAGE(OFFSET(Attendance!$A$1,23,5+(20-1)*4),OFFSET(Attendance!$A$1,23,7+(20-1)*4)),"")) | BC54: =IF($AF54="","",IFERROR(AVERAGE(OFFSET(Attendance!$A$1,23,5+(21-1)*4),OFFSET(Attendance!$A$1,23,7+(21-1)*4)),"")) | BD54: =IF($AF54="","",IFERROR(AVERAGE(OFFSET(Attendance!$A$1,23,5+(22-1)*4),OFFSET(Attendance!$A$1,23,7+(22-1)*4)),"")) | BE54: =IF($AF54="","",IFERROR(Workings!$D25,"")) | BF54: =IF($AF54="","",IFERROR(Workings!$E25,"")) | BG54: =IF($AF54="","",IFERROR(Workings!$G25,"")) | BH54: =IF($AF54="","",IFERROR(Workings!$H25,""))
B55: =IF(ROW()-37>COUNT(Workings!$AX$6:$AX$25),"",ROW()-37) -> 18 | C55: =IF($B55="","",IFERROR(INDEX(Workings!$AO$6:$AO$25,MATCH($B55,Workings!$AX$6:$AX$25,0)),"")) -> Rama Abuowda | D55: =IF($B55="","",IFERROR(INDEX(Workings!$AP$6:$AP$25,MATCH($B55,Workings!$AX$6:$AX$25,0)),"")) -> 0 | E55: =IF($B55="","",IFERROR(INDEX(Workings!$AQ$6:$AQ$25,MATCH($B55,Workings!$AX$6:$AX$25,0)),"")) -> 0 | F55: =IF($B55="","",IFERROR(INDEX(Workings!$AR$6:$AR$25,MATCH($B55,Workings!$AX$6:$AX$25,0)),"")) -> 0 | G55: =IF($B55="","",IFERROR(INDEX(Workings!$AS$6:$AS$25,MATCH($B55,Workings!$AX$6:$AX$25,0)),"")) | H55: =IF($B55="","",IFERROR(INDEX(Workings!$AU$6:$AU$25,MATCH($B55,Workings!$AX$6:$AX$25,0)),"")) -> No pre-season data | I55: =IF($B55="","",IFERROR(INDEX(Workings!$AT$6:$AT$25,MATCH($B55,Workings!$AX$6:$AX$25,0)),"")) -> 0
B56: =IF(ROW()-37>COUNT(Workings!$AX$6:$AX$25),"",ROW()-37) | C56: =IF($B56="","",IFERROR(INDEX(Workings!$AO$6:$AO$25,MATCH($B56,Workings!$AX$6:$AX$25,0)),"")) | D56: =IF($B56="","",IFERROR(INDEX(Workings!$AP$6:$AP$25,MATCH($B56,Workings!$AX$6:$AX$25,0)),"")) | E56: =IF($B56="","",IFERROR(INDEX(Workings!$AQ$6:$AQ$25,MATCH($B56,Workings!$AX$6:$AX$25,0)),"")) | F56: =IF($B56="","",IFERROR(INDEX(Workings!$AR$6:$AR$25,MATCH($B56,Workings!$AX$6:$AX$25,0)),"")) | G56: =IF($B56="","",IFERROR(INDEX(Workings!$AS$6:$AS$25,MATCH($B56,Workings!$AX$6:$AX$25,0)),"")) | H56: =IF($B56="","",IFERROR(INDEX(Workings!$AU$6:$AU$25,MATCH($B56,Workings!$AX$6:$AX$25,0)),"")) | I56: =IF($B56="","",IFERROR(INDEX(Workings!$AT$6:$AT$25,MATCH($B56,Workings!$AX$6:$AX$25,0)),""))
B58: RAG READINESS REPORT — bands by average work rate (pre-season baseline until league sessions are logged)
B59: Band | D59: Avg Work Rate | E59: Players | F59: Player | G59: Avg Work Rate | H59: Band | I59: Basis
B60: =Workings!$S6 -> Critical | D60: =TEXT(Workings!$T6,"0.00")&" – "&TEXT(Workings!$U6,"0.00") -> 0.00 – 1.50 | E60: =Workings!$V6 -> 0 | F60: =IF(Workings!$C6="","",Workings!$C6) -> Aoife Kennan | G60: =IF($F60="","",IFERROR(Workings!$AW6,"")) -> 3 | H60: =IF($F60="","",Workings!$I6) -> Nearly Ready | I60: =IF($F60="","",IFERROR(Workings!$AV6,"")) -> In-season
B61: =Workings!$S7 -> Not Ready | D61: =TEXT(Workings!$T7,"0.00")&" – "&TEXT(Workings!$U7,"0.00") -> 1.51 – 2.00 | E61: =Workings!$V7 -> 0 | F61: =IF(Workings!$C7="","",Workings!$C7) -> Stella McEvoy | G61: =IF($F61="","",IFERROR(Workings!$AW7,"")) -> 3 | H61: =IF($F61="","",Workings!$I7) -> Nearly Ready | I61: =IF($F61="","",IFERROR(Workings!$AV7,"")) -> In-season
B62: =Workings!$S8 -> Improving | D62: =TEXT(Workings!$T8,"0.00")&" – "&TEXT(Workings!$U8,"0.00") -> 2.01 – 2.50 | E62: =Workings!$V8 -> 0 | F62: =IF(Workings!$C8="","",Workings!$C8) -> Zara Power | G62: =IF($F62="","",IFERROR(Workings!$AW8,"")) -> 2.6666667 | H62: =IF($F62="","",Workings!$I8) -> Insufficient data | I62: =IF($F62="","",IFERROR(Workings!$AV8,"")) -> Pre-season
B63: =Workings!$S9 -> Nearly Ready | D63: =TEXT(Workings!$T9,"0.00")&" – "&TEXT(Workings!$U9,"0.00") -> 2.51 – 3.00 | E63: =Workings!$V9 -> 9 | F63: =IF(Workings!$C9="","",Workings!$C9) -> Heidi Cerubini Dunne | G63: =IF($F63="","",IFERROR(Workings!$AW9,"")) -> 2 | H63: =IF($F63="","",Workings!$I9) -> Insufficient data | I63: =IF($F63="","",IFERROR(Workings!$AV9,"")) -> Pre-season
B64: =Workings!$S10 -> Not Ready for 90 min | D64: =TEXT(Workings!$T10,"0.00")&" – "&TEXT(Workings!$U10,"0.00") -> 3.01 – 3.49 | E64: =Workings!$V10 -> 6 | F64: =IF(Workings!$C10="","",Workings!$C10) -> Roisin Offenhausen | G64: =IF($F64="","",IFERROR(Workings!$AW10,"")) -> 3.6666667 | H64: =IF($F64="","",Workings!$I10) -> Match Ready | I64: =IF($F64="","",IFERROR(Workings!$AV10,"")) -> In-season
B65: =Workings!$S11 -> Match Ready | D65: =TEXT(Workings!$T11,"0.00")&" – "&TEXT(Workings!$U11,"0.00") -> 3.50 – 5.00 | E65: =Workings!$V11 -> 1 | F65: =IF(Workings!$C11="","",Workings!$C11) -> Naomi Adewoyin | G65: =IF($F65="","",IFERROR(Workings!$AW11,"")) -> 3 | H65: =IF($F65="","",Workings!$I11) -> Not Ready for 90 min | I65: =IF($F65="","",IFERROR(Workings!$AV11,"")) -> In-season
B66: Total | E66: =SUM(E60:E65) -> 16 | F66: =IF(Workings!$C12="","",Workings!$C12) -> Amber Kilalee | G66: =IF($F66="","",IFERROR(Workings!$AW12,"")) -> 3 | H66: =IF($F66="","",Workings!$I12) -> Nearly Ready | I66: =IF($F66="","",IFERROR(Workings!$AV12,"")) -> In-season
F67: =IF(Workings!$C13="","",Workings!$C13) -> Shauna Kavanagh | G67: =IF($F67="","",IFERROR(Workings!$AW13,"")) -> 2.6666667 | H67: =IF($F67="","",Workings!$I13) -> Nearly Ready | I67: =IF($F67="","",IFERROR(Workings!$AV13,"")) -> In-season
F68: =IF(Workings!$C14="","",Workings!$C14) -> Tara Brannigan | G68: =IF($F68="","",IFERROR(Workings!$AW14,"")) -> 3 | H68: =IF($F68="","",Workings!$I14) -> Not Ready for 90 min | I68: =IF($F68="","",IFERROR(Workings!$AV14,"")) -> In-season
F69: =IF(Workings!$C15="","",Workings!$C15) -> Semilore Adesanya | G69: =IF($F69="","",IFERROR(Workings!$AW15,"")) -> 3.5 | H69: =IF($F69="","",Workings!$I15) -> Not Ready for 90 min | I69: =IF($F69="","",IFERROR(Workings!$AV15,"")) -> In-season
F70: =IF(Workings!$C16="","",Workings!$C16) -> Hannah Fleming | G70: =IF($F70="","",IFERROR(Workings!$AW16,"")) -> 3 | H70: =IF($F70="","",Workings!$I16) -> Nearly Ready | I70: =IF($F70="","",IFERROR(Workings!$AV16,"")) -> In-season
F71: =IF(Workings!$C17="","",Workings!$C17) -> Emma Kelly | G71: =IF($F71="","",IFERROR(Workings!$AW17,"")) -> 4 | H71: =IF($F71="","",Workings!$I17) -> Not Ready for 90 min | I71: =IF($F71="","",IFERROR(Workings!$AV17,"")) -> In-season
F72: =IF(Workings!$C18="","",Workings!$C18) -> Roma Memon | G72: =IF($F72="","",IFERROR(Workings!$AW18,"")) -> 3 | H72: =IF($F72="","",Workings!$I18) -> Nearly Ready | I72: =IF($F72="","",IFERROR(Workings!$AV18,"")) -> In-season
F73: =IF(Workings!$C19="","",Workings!$C19) -> Emma Dromgoole | G73: =IF($F73="","",IFERROR(Workings!$AW19,"")) -> 3 | H73: =IF($F73="","",Workings!$I19) -> Nearly Ready | I73: =IF($F73="","",IFERROR(Workings!$AV19,"")) -> In-season
F74: =IF(Workings!$C20="","",Workings!$C20) -> Elsie Morrison | G74: =IF($F74="","",IFERROR(Workings!$AW20,"")) -> 3 | H74: =IF($F74="","",Workings!$I20) -> Not Ready for 90 min | I74: =IF($F74="","",IFERROR(Workings!$AV20,"")) -> In-season
F75: =IF(Workings!$C21="","",Workings!$C21) -> Zara Freeman | G75: =IF($F75="","",IFERROR(Workings!$AW21,"")) -> 3 | H75: =IF($F75="","",Workings!$I21) -> Not Ready for 90 min | I75: =IF($F75="","",IFERROR(Workings!$AV21,"")) -> In-season
F76: =IF(Workings!$C22="","",Workings!$C22) -> Mariana Soares | G76: =IF($F76="","",IFERROR(Workings!$AW22,"")) -> 3 | H76: =IF($F76="","",Workings!$I22) -> Nearly Ready | I76: =IF($F76="","",IFERROR(Workings!$AV22,"")) -> In-season
F77: =IF(Workings!$C23="","",Workings!$C23) -> Rama Abuowda | G77: =IF($F77="","",IFERROR(Workings!$AW23,"")) -> 3 | H77: =IF($F77="","",Workings!$I23) -> Nearly Ready | I77: =IF($F77="","",IFERROR(Workings!$AV23,"")) -> In-season
F78: =IF(Workings!$C24="","",Workings!$C24) | G78: =IF($F78="","",IFERROR(Workings!$AW24,"")) | H78: =IF($F78="","",Workings!$I24) | I78: =IF($F78="","",IFERROR(Workings!$AV24,""))
F79: =IF(Workings!$C25="","",Workings!$C25) | G79: =IF($F79="","",IFERROR(Workings!$AW25,"")) | H79: =IF($F79="","",Workings!$I25) | I79: =IF($F79="","",IFERROR(Workings!$AV25,""))
B84: INDIVIDUAL PROGRESS — pick a player to see her work rate and match rating game week by game week
B86: Player | F86: =IF($C$86="","Select a player from the dropdown","Season score: "&TEXT(IFERROR(INDEX(Workings!$H$6:$H$25,MATCH($C$86,Workings!$C$6:$C$25,0)),0),"0.0%")&" | Avg WR: "&TEXT(IFERROR(INDEX(Workings!$E$6:$E$25,MATCH($C$86,Workings!$C$6:$C$25,0)),0),"0.0")&" | Avg rating: "&TEXT(IFERROR(INDEX(Workings!$G$6:$G$25,MATCH($C$86,Workings!$C$6:$C$25,0)),0),"0.0")) -> Select a player from the dropdown
B90: SEASON MATCH STATS — auto-calculated from the Match Day Entry blocks on the Match Day Reports tab
B91: Ranks are by goals, assists and average rating. Average rating ignores unused subs and any rating of 0.
B92: # | C92: Player | D92: Starts | E92: Sub apps | F92: Apps | G92: Goals | H92: Assists | I92: Avg rating | J92: POTM | K92: Yellow | L92: Red | M92: Clean sheets | N92: Goal rank | O92: Assist rank
B93: =IF($C93="","",ROWS($B$93:B93)) -> 1 | C93: =IF(Attendance!$D5="","",Attendance!$D5) -> Aoife Kennan | D93: =IF($C93="","",COUNTIFS('Match Day Reports'!$C$80:$C$673,$C93,'Match Day Reports'!$D$80:$D$673,"Started")) -> 0 | E93: =IF($C93="","",COUNTIFS('Match Day Reports'!$C$80:$C$673,$C93,'Match Day Reports'!$D$80:$D$673,"Sub - used")) -> 1 | F93: =IF($C93="","",COUNTIFS('Match Day Reports'!$C$80:$C$673,$C93,'Match Day Reports'!$D$80:$D$673,"<>Sub - unused")) -> 1 | G93: =IF($C93="","",SUMIFS('Match Day Reports'!$G$80:$G$673,'Match Day Reports'!$C$80:$C$673,$C93)) -> 0 | H93: =IF($C93="","",SUMIFS('Match Day Reports'!$H$80:$H$673,'Match Day Reports'!$C$80:$C$673,$C93)) -> 0 | I93: =IF($C93="","",IFERROR(AVERAGEIFS('Match Day Reports'!$I$80:$I$673,'Match Day Reports'!$C$80:$C$673,$C93,'Match Day Reports'!$I$80:$I$673,">0",'Match Day Reports'!$D$80:$D$673,"<>Sub - unused"),"")) -> 6.5 | J93: =IF($C93="","",COUNTIFS('Match Day Reports'!$H$80:$H$673,$C93)) -> 0 | K93: =IF($C93="","",SUMIFS('Match Day Reports'!$J$80:$J$673,'Match Day Reports'!$C$80:$C$673,$C93)) -> 0 | L93: =IF($C93="","",SUMIFS('Match Day Reports'!$K$80:$K$673,'Match Day Reports'!$C$80:$C$673,$C93)) -> 0 | M93: =IF($C93="","",COUNTIFS('Match Day Reports'!$C$80:$C$673,$C93,'Match Day Reports'!$L$80:$L$673,"Yes")) -> 0 | N93: =IF(OR($G93="",$G93=0),"",RANK($G93,$G$93:$G$112)) | O93: =IF(OR($H93="",$H93=0),"",RANK($H93,$H$93:$H$112))
B94: =IF($C94="","",ROWS($B$93:B94)) -> 2 | C94: =IF(Attendance!$D6="","",Attendance!$D6) -> Stella McEvoy | D94: =IF($C94="","",COUNTIFS('Match Day Reports'!$C$80:$C$673,$C94,'Match Day Reports'!$D$80:$D$673,"Started")) -> 1 | E94: =IF($C94="","",COUNTIFS('Match Day Reports'!$C$80:$C$673,$C94,'Match Day Reports'!$D$80:$D$673,"Sub - used")) -> 0 | F94: =IF($C94="","",COUNTIFS('Match Day Reports'!$C$80:$C$673,$C94,'Match Day Reports'!$D$80:$D$673,"<>Sub - unused")) -> 1 | G94: =IF($C94="","",SUMIFS('Match Day Reports'!$G$80:$G$673,'Match Day Reports'!$C$80:$C$673,$C94)) -> 0 | H94: =IF($C94="","",SUMIFS('Match Day Reports'!$H$80:$H$673,'Match Day Reports'!$C$80:$C$673,$C94)) -> 0 | I94: =IF($C94="","",IFERROR(AVERAGEIFS('Match Day Reports'!$I$80:$I$673,'Match Day Reports'!$C$80:$C$673,$C94,'Match Day Reports'!$I$80:$I$673,">0",'Match Day Reports'!$D$80:$D$673,"<>Sub - unused"),"")) -> 7.5 | J94: =IF($C94="","",COUNTIFS('Match Day Reports'!$H$80:$H$673,$C94)) -> 0 | K94: =IF($C94="","",SUMIFS('Match Day Reports'!$J$80:$J$673,'Match Day Reports'!$C$80:$C$673,$C94)) -> 0 | L94: =IF($C94="","",SUMIFS('Match Day Reports'!$K$80:$K$673,'Match Day Reports'!$C$80:$C$673,$C94)) -> 0 | M94: =IF($C94="","",COUNTIFS('Match Day Reports'!$C$80:$C$673,$C94,'Match Day Reports'!$L$80:$L$673,"Yes")) -> 0 | N94: =IF(OR($G94="",$G94=0),"",RANK($G94,$G$93:$G$112)) | O94: =IF(OR($H94="",$H94=0),"",RANK($H94,$H$93:$H$112))
B95: =IF($C95="","",ROWS($B$93:B95)) -> 3 | C95: =IF(Attendance!$D7="","",Attendance!$D7) -> Zara Power | D95: =IF($C95="","",COUNTIFS('Match Day Reports'!$C$80:$C$673,$C95,'Match Day Reports'!$D$80:$D$673,"Started")) -> 0 | E95: =IF($C95="","",COUNTIFS('Match Day Reports'!$C$80:$C$673,$C95,'Match Day Reports'!$D$80:$D$673,"Sub - used")) -> 0 | F95: =IF($C95="","",COUNTIFS('Match Day Reports'!$C$80:$C$673,$C95,'Match Day Reports'!$D$80:$D$673,"<>Sub - unused")) -> 0 | G95: =IF($C95="","",SUMIFS('Match Day Reports'!$G$80:$G$673,'Match Day Reports'!$C$80:$C$673,$C95)) -> 0 | H95: =IF($C95="","",SUMIFS('Match Day Reports'!$H$80:$H$673,'Match Day Reports'!$C$80:$C$673,$C95)) -> 0 | I95: =IF($C95="","",IFERROR(AVERAGEIFS('Match Day Reports'!$I$80:$I$673,'Match Day Reports'!$C$80:$C$673,$C95,'Match Day Reports'!$I$80:$I$673,">0",'Match Day Reports'!$D$80:$D$673,"<>Sub - unused"),"")) | J95: =IF($C95="","",COUNTIFS('Match Day Reports'!$H$80:$H$673,$C95)) -> 0 | K95: =IF($C95="","",SUMIFS('Match Day Reports'!$J$80:$J$673,'Match Day Reports'!$C$80:$C$673,$C95)) -> 0 | L95: =IF($C95="","",SUMIFS('Match Day Reports'!$K$80:$K$673,'Match Day Reports'!$C$80:$C$673,$C95)) -> 0 | M95: =IF($C95="","",COUNTIFS('Match Day Reports'!$C$80:$C$673,$C95,'Match Day Reports'!$L$80:$L$673,"Yes")) -> 0 | N95: =IF(OR($G95="",$G95=0),"",RANK($G95,$G$93:$G$112)) | O95: =IF(OR($H95="",$H95=0),"",RANK($H95,$H$93:$H$112))
B96: =IF($C96="","",ROWS($B$93:B96)) -> 4 | C96: =IF(Attendance!$D8="","",Attendance!$D8) -> Heidi Cerubini Dunne | D96: =IF($C96="","",COUNTIFS('Match Day Reports'!$C$80:$C$673,$C96,'Match Day Reports'!$D$80:$D$673,"Started")) -> 0 | E96: =IF($C96="","",COUNTIFS('Match Day Reports'!$C$80:$C$673,$C96,'Match Day Reports'!$D$80:$D$673,"Sub - used")) -> 0 | F96: =IF($C96="","",COUNTIFS('Match Day Reports'!$C$80:$C$673,$C96,'Match Day Reports'!$D$80:$D$673,"<>Sub - unused")) -> 0 | G96: =IF($C96="","",SUMIFS('Match Day Reports'!$G$80:$G$673,'Match Day Reports'!$C$80:$C$673,$C96)) -> 0 | H96: =IF($C96="","",SUMIFS('Match Day Reports'!$H$80:$H$673,'Match Day Reports'!$C$80:$C$673,$C96)) -> 0 | I96: =IF($C96="","",IFERROR(AVERAGEIFS('Match Day Reports'!$I$80:$I$673,'Match Day Reports'!$C$80:$C$673,$C96,'Match Day Reports'!$I$80:$I$673,">0",'Match Day Reports'!$D$80:$D$673,"<>Sub - unused"),"")) | J96: =IF($C96="","",COUNTIFS('Match Day Reports'!$H$80:$H$673,$C96)) -> 0 | K96: =IF($C96="","",SUMIFS('Match Day Reports'!$J$80:$J$673,'Match Day Reports'!$C$80:$C$673,$C96)) -> 0 | L96: =IF($C96="","",SUMIFS('Match Day Reports'!$K$80:$K$673,'Match Day Reports'!$C$80:$C$673,$C96)) -> 0 | M96: =IF($C96="","",COUNTIFS('Match Day Reports'!$C$80:$C$673,$C96,'Match Day Reports'!$L$80:$L$673,"Yes")) -> 0 | N96: =IF(OR($G96="",$G96=0),"",RANK($G96,$G$93:$G$112)) | O96: =IF(OR($H96="",$H96=0),"",RANK($H96,$H$93:$H$112))
B97: =IF($C97="","",ROWS($B$93:B97)) -> 5 | C97: =IF(Attendance!$D9="","",Attendance!$D9) -> Roisin Offenhausen | D97: =IF($C97="","",COUNTIFS('Match Day Reports'!$C$80:$C$673,$C97,'Match Day Reports'!$D$80:$D$673,"Started")) -> 1 | E97: =IF($C97="","",COUNTIFS('Match Day Reports'!$C$80:$C$673,$C97,'Match Day Reports'!$D$80:$D$673,"Sub - used")) -> 0 | F97: =IF($C97="","",COUNTIFS('Match Day Reports'!$C$80:$C$673,$C97,'Match Day Reports'!$D$80:$D$673,"<>Sub - unused")) -> 1 | G97: =IF($C97="","",SUMIFS('Match Day Reports'!$G$80:$G$673,'Match Day Reports'!$C$80:$C$673,$C97)) -> 3 | H97: =IF($C97="","",SUMIFS('Match Day Reports'!$H$80:$H$673,'Match Day Reports'!$C$80:$C$673,$C97)) -> 0 | I97: =IF($C97="","",IFERROR(AVERAGEIFS('Match Day Reports'!$I$80:$I$673,'Match Day Reports'!$C$80:$C$673,$C97,'Match Day Reports'!$I$80:$I$673,">0",'Match Day Reports'!$D$80:$D$673,"<>Sub - unused"),"")) -> 10 | J97: =IF($C97="","",COUNTIFS('Match Day Reports'!$H$80:$H$673,$C97)) -> 1 | K97: =IF($C97="","",SUMIFS('Match Day Reports'!$J$80:$J$673,'Match Day Reports'!$C$80:$C$673,$C97)) -> 0 | L97: =IF($C97="","",SUMIFS('Match Day Reports'!$K$80:$K$673,'Match Day Reports'!$C$80:$C$673,$C97)) -> 0 | M97: =IF($C97="","",COUNTIFS('Match Day Reports'!$C$80:$C$673,$C97,'Match Day Reports'!$L$80:$L$673,"Yes")) -> 0 | N97: =IF(OR($G97="",$G97=0),"",RANK($G97,$G$93:$G$112)) -> 1 | O97: =IF(OR($H97="",$H97=0),"",RANK($H97,$H$93:$H$112))
B98: =IF($C98="","",ROWS($B$93:B98)) -> 6 | C98: =IF(Attendance!$D10="","",Attendance!$D10) -> Naomi Adewoyin | D98: =IF($C98="","",COUNTIFS('Match Day Reports'!$C$80:$C$673,$C98,'Match Day Reports'!$D$80:$D$673,"Started")) -> 1 | E98: =IF($C98="","",COUNTIFS('Match Day Reports'!$C$80:$C$673,$C98,'Match Day Reports'!$D$80:$D$673,"Sub - used")) -> 0 | F98: =IF($C98="","",COUNTIFS('Match Day Reports'!$C$80:$C$673,$C98,'Match Day Reports'!$D$80:$D$673,"<>Sub - unused")) -> 1 | G98: =IF($C98="","",SUMIFS('Match Day Reports'!$G$80:$G$673,'Match Day Reports'!$C$80:$C$673,$C98)) -> 1 | H98: =IF($C98="","",SUMIFS('Match Day Reports'!$H$80:$H$673,'Match Day Reports'!$C$80:$C$673,$C98)) -> 0 | I98: =IF($C98="","",IFERROR(AVERAGEIFS('Match Day Reports'!$I$80:$I$673,'Match Day Reports'!$C$80:$C$673,$C98,'Match Day Reports'!$I$80:$I$673,">0",'Match Day Reports'!$D$80:$D$673,"<>Sub - unused"),"")) -> 7.5 | J98: =IF($C98="","",COUNTIFS('Match Day Reports'!$H$80:$H$673,$C98)) -> 0 | K98: =IF($C98="","",SUMIFS('Match Day Reports'!$J$80:$J$673,'Match Day Reports'!$C$80:$C$673,$C98)) -> 0 | L98: =IF($C98="","",SUMIFS('Match Day Reports'!$K$80:$K$673,'Match Day Reports'!$C$80:$C$673,$C98)) -> 0 | M98: =IF($C98="","",COUNTIFS('Match Day Reports'!$C$80:$C$673,$C98,'Match Day Reports'!$L$80:$L$673,"Yes")) -> 0 | N98: =IF(OR($G98="",$G98=0),"",RANK($G98,$G$93:$G$112)) -> 2 | O98: =IF(OR($H98="",$H98=0),"",RANK($H98,$H$93:$H$112))
B99: =IF($C99="","",ROWS($B$93:B99)) -> 7 | C99: =IF(Attendance!$D11="","",Attendance!$D11) -> Amber Kilalee | D99: =IF($C99="","",COUNTIFS('Match Day Reports'!$C$80:$C$673,$C99,'Match Day Reports'!$D$80:$D$673,"Started")) -> 0 | E99: =IF($C99="","",COUNTIFS('Match Day Reports'!$C$80:$C$673,$C99,'Match Day Reports'!$D$80:$D$673,"Sub - used")) -> 1 | F99: =IF($C99="","",COUNTIFS('Match Day Reports'!$C$80:$C$673,$C99,'Match Day Reports'!$D$80:$D$673,"<>Sub - unused")) -> 1 | G99: =IF($C99="","",SUMIFS('Match Day Reports'!$G$80:$G$673,'Match Day Reports'!$C$80:$C$673,$C99)) -> 0 | H99: =IF($C99="","",SUMIFS('Match Day Reports'!$H$80:$H$673,'Match Day Reports'!$C$80:$C$673,$C99)) -> 2 | I99: =IF($C99="","",IFERROR(AVERAGEIFS('Match Day Reports'!$I$80:$I$673,'Match Day Reports'!$C$80:$C$673,$C99,'Match Day Reports'!$I$80:$I$673,">0",'Match Day Reports'!$D$80:$D$673,"<>Sub - unused"),"")) -> 7.5 | J99: =IF($C99="","",COUNTIFS('Match Day Reports'!$H$80:$H$673,$C99)) -> 0 | K99: =IF($C99="","",SUMIFS('Match Day Reports'!$J$80:$J$673,'Match Day Reports'!$C$80:$C$673,$C99)) -> 0 | L99: =IF($C99="","",SUMIFS('Match Day Reports'!$K$80:$K$673,'Match Day Reports'!$C$80:$C$673,$C99)) -> 0 | M99: =IF($C99="","",COUNTIFS('Match Day Reports'!$C$80:$C$673,$C99,'Match Day Reports'!$L$80:$L$673,"Yes")) -> 0 | N99: =IF(OR($G99="",$G99=0),"",RANK($G99,$G$93:$G$112)) | O99: =IF(OR($H99="",$H99=0),"",RANK($H99,$H$93:$H$112)) -> 1
B100: =IF($C100="","",ROWS($B$93:B100)) -> 8 | C100: =IF(Attendance!$D12="","",Attendance!$D12) -> Shauna Kavanagh | D100: =IF($C100="","",COUNTIFS('Match Day Reports'!$C$80:$C$673,$C100,'Match Day Reports'!$D$80:$D$673,"Started")) -> 0 | E100: =IF($C100="","",COUNTIFS('Match Day Reports'!$C$80:$C$673,$C100,'Match Day Reports'!$D$80:$D$673,"Sub - used")) -> 1 | F100: =IF($C100="","",COUNTIFS('Match Day Reports'!$C$80:$C$673,$C100,'Match Day Reports'!$D$80:$D$673,"<>Sub - unused")) -> 1 | G100: =IF($C100="","",SUMIFS('Match Day Reports'!$G$80:$G$673,'Match Day Reports'!$C$80:$C$673,$C100)) -> 1 | H100: =IF($C100="","",SUMIFS('Match Day Reports'!$H$80:$H$673,'Match Day Reports'!$C$80:$C$673,$C100)) -> 0 | I100: =IF($C100="","",IFERROR(AVERAGEIFS('Match Day Reports'!$I$80:$I$673,'Match Day Reports'!$C$80:$C$673,$C100,'Match Day Reports'!$I$80:$I$673,">0",'Match Day Reports'!$D$80:$D$673,"<>Sub - unused"),"")) -> 7.5 | J100: =IF($C100="","",COUNTIFS('Match Day Reports'!$H$80:$H$673,$C100)) -> 0 | K100: =IF($C100="","",SUMIFS('Match Day Reports'!$J$80:$J$673,'Match Day Reports'!$C$80:$C$673,$C100)) -> 0 | L100: =IF($C100="","",SUMIFS('Match Day Reports'!$K$80:$K$673,'Match Day Reports'!$C$80:$C$673,$C100)) -> 0 | M100: =IF($C100="","",COUNTIFS('Match Day Reports'!$C$80:$C$673,$C100,'Match Day Reports'!$L$80:$L$673,"Yes")) -> 0 | N100: =IF(OR($G100="",$G100=0),"",RANK($G100,$G$93:$G$112)) -> 2 | O100: =IF(OR($H100="",$H100=0),"",RANK($H100,$H$93:$H$112))
B101: =IF($C101="","",ROWS($B$93:B101)) -> 9 | C101: =IF(Attendance!$D13="","",Attendance!$D13) -> Tara Brannigan | D101: =IF($C101="","",COUNTIFS('Match Day Reports'!$C$80:$C$673,$C101,'Match Day Reports'!$D$80:$D$673,"Started")) -> 1 | E101: =IF($C101="","",COUNTIFS('Match Day Reports'!$C$80:$C$673,$C101,'Match Day Reports'!$D$80:$D$673,"Sub - used")) -> 0 | F101: =IF($C101="","",COUNTIFS('Match Day Reports'!$C$80:$C$673,$C101,'Match Day Reports'!$D$80:$D$673,"<>Sub - unused")) -> 1 | G101: =IF($C101="","",SUMIFS('Match Day Reports'!$G$80:$G$673,'Match Day Reports'!$C$80:$C$673,$C101)) -> 0 | H101: =IF($C101="","",SUMIFS('Match Day Reports'!$H$80:$H$673,'Match Day Reports'!$C$80:$C$673,$C101)) -> 0 | I101: =IF($C101="","",IFERROR(AVERAGEIFS('Match Day Reports'!$I$80:$I$673,'Match Day Reports'!$C$80:$C$673,$C101,'Match Day Reports'!$I$80:$I$673,">0",'Match Day Reports'!$D$80:$D$673,"<>Sub - unused"),"")) -> 8 | J101: =IF($C101="","",COUNTIFS('Match Day Reports'!$H$80:$H$673,$C101)) -> 0 | K101: =IF($C101="","",SUMIFS('Match Day Reports'!$J$80:$J$673,'Match Day Reports'!$C$80:$C$673,$C101)) -> 0 | L101: =IF($C101="","",SUMIFS('Match Day Reports'!$K$80:$K$673,'Match Day Reports'!$C$80:$C$673,$C101)) -> 0 | M101: =IF($C101="","",COUNTIFS('Match Day Reports'!$C$80:$C$673,$C101,'Match Day Reports'!$L$80:$L$673,"Yes")) -> 0 | N101: =IF(OR($G101="",$G101=0),"",RANK($G101,$G$93:$G$112)) | O101: =IF(OR($H101="",$H101=0),"",RANK($H101,$H$93:$H$112))
B102: =IF($C102="","",ROWS($B$93:B102)) -> 10 | C102: =IF(Attendance!$D14="","",Attendance!$D14) -> Semilore Adesanya | D102: =IF($C102="","",COUNTIFS('Match Day Reports'!$C$80:$C$673,$C102,'Match Day Reports'!$D$80:$D$673,"Started")) -> 1 | E102: =IF($C102="","",COUNTIFS('Match Day Reports'!$C$80:$C$673,$C102,'Match Day Reports'!$D$80:$D$673,"Sub - used")) -> 0 | F102: =IF($C102="","",COUNTIFS('Match Day Reports'!$C$80:$C$673,$C102,'Match Day Reports'!$D$80:$D$673,"<>Sub - unused")) -> 1 | G102: =IF($C102="","",SUMIFS('Match Day Reports'!$G$80:$G$673,'Match Day Reports'!$C$80:$C$673,$C102)) -> 1 | H102: =IF($C102="","",SUMIFS('Match Day Reports'!$H$80:$H$673,'Match Day Reports'!$C$80:$C$673,$C102)) -> 1 | I102: =IF($C102="","",IFERROR(AVERAGEIFS('Match Day Reports'!$I$80:$I$673,'Match Day Reports'!$C$80:$C$673,$C102,'Match Day Reports'!$I$80:$I$673,">0",'Match Day Reports'!$D$80:$D$673,"<>Sub - unused"),"")) -> 8.5 | J102: =IF($C102="","",COUNTIFS('Match Day Reports'!$H$80:$H$673,$C102)) -> 0 | K102: =IF($C102="","",SUMIFS('Match Day Reports'!$J$80:$J$673,'Match Day Reports'!$C$80:$C$673,$C102)) -> 0 | L102: =IF($C102="","",SUMIFS('Match Day Reports'!$K$80:$K$673,'Match Day Reports'!$C$80:$C$673,$C102)) -> 0 | M102: =IF($C102="","",COUNTIFS('Match Day Reports'!$C$80:$C$673,$C102,'Match Day Reports'!$L$80:$L$673,"Yes")) -> 0 | N102: =IF(OR($G102="",$G102=0),"",RANK($G102,$G$93:$G$112)) -> 2 | O102: =IF(OR($H102="",$H102=0),"",RANK($H102,$H$93:$H$112)) -> 3
B103: =IF($C103="","",ROWS($B$93:B103)) -> 11 | C103: =IF(Attendance!$D15="","",Attendance!$D15) -> Hannah Fleming | D103: =IF($C103="","",COUNTIFS('Match Day Reports'!$C$80:$C$673,$C103,'Match Day Reports'!$D$80:$D$673,"Started")) -> 1 | E103: =IF($C103="","",COUNTIFS('Match Day Reports'!$C$80:$C$673,$C103,'Match Day Reports'!$D$80:$D$673,"Sub - used")) -> 0 | F103: =IF($C103="","",COUNTIFS('Match Day Reports'!$C$80:$C$673,$C103,'Match Day Reports'!$D$80:$D$673,"<>Sub - unused")) -> 1 | G103: =IF($C103="","",SUMIFS('Match Day Reports'!$G$80:$G$673,'Match Day Reports'!$C$80:$C$673,$C103)) -> 0 | H103: =IF($C103="","",SUMIFS('Match Day Reports'!$H$80:$H$673,'Match Day Reports'!$C$80:$C$673,$C103)) -> 0 | I103: =IF($C103="","",IFERROR(AVERAGEIFS('Match Day Reports'!$I$80:$I$673,'Match Day Reports'!$C$80:$C$673,$C103,'Match Day Reports'!$I$80:$I$673,">0",'Match Day Reports'!$D$80:$D$673,"<>Sub - unused"),"")) -> 8 | J103: =IF($C103="","",COUNTIFS('Match Day Reports'!$H$80:$H$673,$C103)) -> 0 | K103: =IF($C103="","",SUMIFS('Match Day Reports'!$J$80:$J$673,'Match Day Reports'!$C$80:$C$673,$C103)) -> 0 | L103: =IF($C103="","",SUMIFS('Match Day Reports'!$K$80:$K$673,'Match Day Reports'!$C$80:$C$673,$C103)) -> 0 | M103: =IF($C103="","",COUNTIFS('Match Day Reports'!$C$80:$C$673,$C103,'Match Day Reports'!$L$80:$L$673,"Yes")) -> 0 | N103: =IF(OR($G103="",$G103=0),"",RANK($G103,$G$93:$G$112)) | O103: =IF(OR($H103="",$H103=0),"",RANK($H103,$H$93:$H$112))
B104: =IF($C104="","",ROWS($B$93:B104)) -> 12 | C104: =IF(Attendance!$D16="","",Attendance!$D16) -> Emma Kelly | D104: =IF($C104="","",COUNTIFS('Match Day Reports'!$C$80:$C$673,$C104,'Match Day Reports'!$D$80:$D$673,"Started")) -> 1 | E104: =IF($C104="","",COUNTIFS('Match Day Reports'!$C$80:$C$673,$C104,'Match Day Reports'!$D$80:$D$673,"Sub - used")) -> 0 | F104: =IF($C104="","",COUNTIFS('Match Day Reports'!$C$80:$C$673,$C104,'Match Day Reports'!$D$80:$D$673,"<>Sub - unused")) -> 1 | G104: =IF($C104="","",SUMIFS('Match Day Reports'!$G$80:$G$673,'Match Day Reports'!$C$80:$C$673,$C104)) -> 1 | H104: =IF($C104="","",SUMIFS('Match Day Reports'!$H$80:$H$673,'Match Day Reports'!$C$80:$C$673,$C104)) -> 0 | I104: =IF($C104="","",IFERROR(AVERAGEIFS('Match Day Reports'!$I$80:$I$673,'Match Day Reports'!$C$80:$C$673,$C104,'Match Day Reports'!$I$80:$I$673,">0",'Match Day Reports'!$D$80:$D$673,"<>Sub - unused"),"")) -> 8 | J104: =IF($C104="","",COUNTIFS('Match Day Reports'!$H$80:$H$673,$C104)) -> 0 | K104: =IF($C104="","",SUMIFS('Match Day Reports'!$J$80:$J$673,'Match Day Reports'!$C$80:$C$673,$C104)) -> 0 | L104: =IF($C104="","",SUMIFS('Match Day Reports'!$K$80:$K$673,'Match Day Reports'!$C$80:$C$673,$C104)) -> 0 | M104: =IF($C104="","",COUNTIFS('Match Day Reports'!$C$80:$C$673,$C104,'Match Day Reports'!$L$80:$L$673,"Yes")) -> 0 | N104: =IF(OR($G104="",$G104=0),"",RANK($G104,$G$93:$G$112)) -> 2 | O104: =IF(OR($H104="",$H104=0),"",RANK($H104,$H$93:$H$112))
... B112: =IF($C112="","",ROWS($B$93:B112)) | C112: =IF(Attendance!$D24="","",Attendance!$D24) | D112: =IF($C112="","",COUNTIFS('Match Day Reports'!$C$80:$C$673,$C112,'Match Day Reports'!$D$80:$D$673,"Started")) | E112: =IF($C112="","",COUNTIFS('Match Day Reports'!$C$80:$C$673,$C112,'Match Day Reports'!$D$80:$D$673,"Sub - used")) | F112: =IF($C112="","",COUNTIFS('Match Day Reports'!$C$80:$C$673,$C112,'Match Day Reports'!$D$80:$D$673,"<>Sub - unused")) | G112: =IF($C112="","",SUMIFS('Match Day Reports'!$G$80:$G$673,'Match Day Reports'!$C$80:$C$673,$C112)) | H112: =IF($C112="","",SUMIFS('Match Day Reports'!$H$80:$H$673,'Match Day Reports'!$C$80:$C$673,$C112)) | I112: =IF($C112="","",IFERROR(AVERAGEIFS('Match Day Reports'!$I$80:$I$673,'Match Day Reports'!$C$80:$C$673,$C112,'Match Day Reports'!$I$80:$I$673,">0",'Match Day Reports'!$D$80:$D$673,"<>Sub - unused"),"")) | J112: =IF($C112="","",COUNTIFS('Match Day Reports'!$H$80:$H$673,$C112)) | K112: =IF($C112="","",SUMIFS('Match Day Reports'!$J$80:$J$673,'Match Day Reports'!$C$80:$C$673,$C112)) | L112: =IF($C112="","",SUMIFS('Match Day Reports'!$K$80:$K$673,'Match Day Reports'!$C$80:$C$673,$C112)) | M112: =IF($C112="","",COUNTIFS('Match Day Reports'!$C$80:$C$673,$C112,'Match Day Reports'!$L$80:$L$673,"Yes")) | N112: =IF(OR($G112="",$G112=0),"",RANK($G112,$G$93:$G$112)) | O112: =IF(OR($H112="",$H112=0),"",RANK($H112,$H$93:$H$112))

Sheet Pre season
AL1: Grade Weights
D2: Lucan Utd Youths 2026 - 2027 Pre Season Tracker | AL2: Attendance | AM2: 0.4
D3: Player | E3: 46217 | G3: 46219 | I3: 46224 | K3: 46226 | M3: 46231 | O3: 46233 | Q3: 46238 | S3: 46240 | U3: 46245 | W3: 46247 | Y3: 46252 | AA3: 46254 | AL3: Work Rate | AM3: =1-AM2 -> 0.6
E4: Att | F4: WR | G4: Att | H4: WR | I4: Att | J4: WR | K4: Att | L4: WR | M4: Att | N4: WR | O4: Att | P4: WR | Q4: Att | R4: WR | S4: Att | T4: WR | U4: Att | V4: WR | W4: Att | X4: WR | Y4: Att | Z4: WR | AA4: Att | AB4: WR | AE4: Sessions Attended | AF4: Sessions Held | AG4: Attendance % | AH4: Avg Work Rate (incl. missed) | AI4: Work Rate Credit % | AJ4: Overall Grade % | AK4: Avg WR (Attended Only) | AL4: Full WR credit at Att % | AM4: 0.75 | AN4: Player Name | AO4: Comment | AP4: To Work On
B5: Existing Players | C5: 1 | D5: Aoife Kennan | E5: Yes | F5: 3 | G5: Yes | H5: 3 | I5: No | J5: 0 | K5: Yes | L5: 2 | M5: Yes | N5: 2 | O5: No | P5: 0 | S5: No | T5: 0 | U5: Yes | V5: 3 | W5: Yes | X5: 4 | Y5: Yes | Z5: 3 | AA5: Yes | AB5: 3 | AD5: =IF(D5="","",D5) -> Aoife Kennan | AE5: =IF($D5="","",COUNTIF(E5:AB5,"Yes")) -> 8 | AF5: =IF($D5="","",COUNTIF(E5:AB5,"Yes")+COUNTIF(E5:AB5,"No")) -> 11 | AG5: =IF($D5="","",IF(AF5=0,0,AE5/AF5)) -> 0.72727273 | AH5: =IF($D5="","",IF(COUNT(E5:AB5)=0,"",AVERAGE(E5:AB5))) -> 2.0909091 | AI5: =IF($D5="","",IF($AK5="",0,($AK5/5)*MIN(1,IF($AM$4=0,1,$AG5/$AM$4)))) -> 0.55757576 | AJ5: =IF($D5="","",AG5*$AM$2+AI5*$AM$3) -> 0.62545455 | AK5: =IF($D5="","",IF(COUNTIFS($E$4:$AB$4,"WR",$E5:$AB5,">0")=0,"",SUMIF($E$4:$AB$4,"WR",$E5:$AB5)/COUNTIFS($E$4:$AB$4,"WR",$E5:$AB5,">0"))) -> 2.875 | AL5: Min sessions for band | AM5: 5 | AN5: =IF(D5="","",D5) -> Aoife Kennan | AO5: Good in patches, is a better Keeper than she gives herself credit for. Head drops too easily | AP5: Confidence, fitness decision making
C6: 2 | D6: Stella McEvoy | E6: Yes | F6: 4 | G6: Yes | H6: 4 | I6: Yes | J6: 4 | K6: Yes | L6: 3 | M6: No | N6: 0 | O6: Yes | P6: 4 | S6: No | T6: 0 | U6: Yes | V6: 4 | W6: Yes | X6: 4 | Y6: Yes | Z6: 3 | AA6: Yes | AB6: 3 | AD6: =IF(D6="","",D6) -> Stella McEvoy | AE6: =IF($D6="","",COUNTIF(E6:AB6,"Yes")) -> 9 | AF6: =IF($D6="","",COUNTIF(E6:AB6,"Yes")+COUNTIF(E6:AB6,"No")) -> 11 | AG6: =IF($D6="","",IF(AF6=0,0,AE6/AF6)) -> 0.81818182 | AH6: =IF($D6="","",IF(COUNT(E6:AB6)=0,"",AVERAGE(E6:AB6))) -> 3 | AI6: =IF($D6="","",IF($AK6="",0,($AK6/5)*MIN(1,IF($AM$4=0,1,$AG6/$AM$4)))) -> 0.73333333 | AJ6: =IF($D6="","",AG6*$AM$2+AI6*$AM$3) -> 0.76727273 | AK6: =IF($D6="","",IF(COUNTIFS($E$4:$AB$4,"WR",$E6:$AB6,">0")=0,"",SUMIF($E$4:$AB$4,"WR",$E6:$AB6)/COUNTIFS($E$4:$AB$4,"WR",$E6:$AB6,">0"))) -> 3.6666667 | AN6: =IF(D6="","",D6) -> Stella McEvoy | AO6: Fantastic Attitude. Physicality Impressive (v Lexi) | AP6: First Touch, composure when passing
C7: 3 | D7: Zara Power | E7: Yes | F7: 3 | G7: No | H7: 0 | I7: No | J7: 0 | K7: No | L7: 0 | M7: Yes | N7: 2 | O7: No | P7: 0 | S7: Yes | T7: 3 | U7: No | V7: 0 | W7: No | X7: 0 | Y7: No | Z7: 0 | AA7: No | AB7: 0 | AD7: =IF(D7="","",D7) -> Zara Power | AE7: =IF($D7="","",COUNTIF(E7:AB7,"Yes")) -> 3 | AF7: =IF($D7="","",COUNTIF(E7:AB7,"Yes")+COUNTIF(E7:AB7,"No")) -> 11 | AG7: =IF($D7="","",IF(AF7=0,0,AE7/AF7)) -> 0.27272727 | AH7: =IF($D7="","",IF(COUNT(E7:AB7)=0,"",AVERAGE(E7:AB7))) -> 0.72727273 | AI7: =IF($D7="","",IF($AK7="",0,($AK7/5)*MIN(1,IF($AM$4=0,1,$AG7/$AM$4)))) -> 0.19393939 | AJ7: =IF($D7="","",AG7*$AM$2+AI7*$AM$3) -> 0.22545455 | AK7: =IF($D7="","",IF(COUNTIFS($E$4:$AB$4,"WR",$E7:$AB7,">0")=0,"",SUMIF($E$4:$AB$4,"WR",$E7:$AB7)/COUNTIFS($E$4:$AB$4,"WR",$E7:$AB7,">0"))) -> 2.6666667 | AN7: =IF(D7="","",D7) -> Zara Power | AO7: Injured Foot | AP7: Fitness then confidence. Passing
C8: 4 | D8: Heidi Cerubini Dunne | E8: No | F8: 0 | G8: No | H8: 0 | I8: No | J8: 0 | K8: Yes | L8: 1 | M8: No | N8: 0 | O8: Yes | P8: 3 | S8: No | T8: 0 | U8: No | V8: 0 | W8: No | X8: 0 | Y8: Yes | Z8: 2 | AA8: No | AB8: 0 | AD8: =IF(D8="","",D8) -> Heidi Cerubini Dunne | AE8: =IF($D8="","",COUNTIF(E8:AB8,"Yes")) -> 3 | AF8: =IF($D8="","",COUNTIF(E8:AB8,"Yes")+COUNTIF(E8:AB8,"No")) -> 11 | AG8: =IF($D8="","",IF(AF8=0,0,AE8/AF8)) -> 0.27272727 | AH8: =IF($D8="","",IF(COUNT(E8:AB8)=0,"",AVERAGE(E8:AB8))) -> 0.54545455 | AI8: =IF($D8="","",IF($AK8="",0,($AK8/5)*MIN(1,IF($AM$4=0,1,$AG8/$AM$4)))) -> 0.14545455 | AJ8: =IF($D8="","",AG8*$AM$2+AI8*$AM$3) -> 0.19636364 | AK8: =IF($D8="","",IF(COUNTIFS($E$4:$AB$4,"WR",$E8:$AB8,">0")=0,"",SUMIF($E$4:$AB$4,"WR",$E8:$AB8)/COUNTIFS($E$4:$AB$4,"WR",$E8:$AB8,">0"))) -> 2 | AN8: =IF(D8="","",D8) -> Heidi Cerubini Dunne | AO8: Lacking fitness and consistancey in attending training | AP8: Fitness, Concentration, First Touch
C9: 5 | D9: Roisin Offenhausen | E9: Yes | F9: 4 | G9: No | H9: 0 | I9: Yes | J9: 4 | K9: Yes | L9: 4 | M9: Yes | N9: 4 | O9: No | P9: 0 | S9: No | T9: 0 | U9: Yes | V9: 4 | W9: Yes | X9: 4 | Y9: Yes | Z9: 4 | AA9: Yes | AB9: 3 | AD9: =IF(D9="","",D9) -> Roisin Offenhausen | AE9: =IF($D9="","",COUNTIF(E9:AB9,"Yes")) -> 8 | AF9: =IF($D9="","",COUNTIF(E9:AB9,"Yes")+COUNTIF(E9:AB9,"No")) -> 11 | AG9: =IF($D9="","",IF(AF9=0,0,AE9/AF9)) -> 0.72727273 | AH9: =IF($D9="","",IF(COUNT(E9:AB9)=0,"",AVERAGE(E9:AB9))) -> 2.8181818 | AI9: =IF($D9="","",IF($AK9="",0,($AK9/5)*MIN(1,IF($AM$4=0,1,$AG9/$AM$4)))) -> 0.75151515 | AJ9: =IF($D9="","",AG9*$AM$2+AI9*$AM$3) -> 0.74181818 | AK9: =IF($D9="","",IF(COUNTIFS($E$4:$AB$4,"WR",$E9:$AB9,">0")=0,"",SUMIF($E$4:$AB$4,"WR",$E9:$AB9)/COUNTIFS($E$4:$AB$4,"WR",$E9:$AB9,">0"))) -> 3.875 | AN9: =IF(D9="","",D9) -> Roisin Offenhausen | AO9: Top performer, true leader, Squads most creative player | AP9: Bravery, but also need to be mindful of recent health
C10: 6 | D10: Naomi Adewoyin | E10: Yes | F10: 3 | G10: No | H10: 0 | I10: Yes | J10: 3 | K10: Yes | L10: 4 | M10: No | N10: 0 | O10: No | P10: 0 | S10: Yes | T10: 4 | U10: Yes | V10: 3 | W10: No | X10: 0 | Y10: Yes | Z10: 4 | AA10: Yes | AB10: 3 | AD10: =IF(D10="","",D10) -> Naomi Adewoyin | AE10: =IF($D10="","",COUNTIF(E10:AB10,"Yes")) -> 7 | AF10: =IF($D10="","",COUNTIF(E10:AB10,"Yes")+COUNTIF(E10:AB10,"No")) -> 11 | AG10: =IF($D10="","",IF(AF10=0,0,AE10/AF10)) -> 0.63636364 | AH10: =IF($D10="","",IF(COUNT(E10:AB10)=0,"",AVERAGE(E10:AB10))) -> 2.1818182 | AI10: =IF($D10="","",IF($AK10="",0,($AK10/5)*MIN(1,IF($AM$4=0,1,$AG10/$AM$4)))) -> 0.58181818 | AJ10: =IF($D10="","",AG10*$AM$2+AI10*$AM$3) -> 0.60363636 | AK10: =IF($D10="","",IF(COUNTIFS($E$4:$AB$4,"WR",$E10:$AB10,">0")=0,"",SUMIF($E$4:$AB$4,"WR",$E10:$AB10)/COUNTIFS($E$4:$AB$4,"WR",$E10:$AB10,">0"))) -> 3.4285714 | AN10: =IF(D10="","",D10) -> Naomi Adewoyin | AO10: Great signs of improvement, self belief, is her own worst critic | AP10: Fitness. Moving ball on quicker
C11: 7 | D11: Amber Kilalee | E11: No | F11: 0 | G11: No | H11: 0 | I11: Yes | J11: 2 | K11: Yes | L11: 3 | M11: Yes | N11: 4 | O11: Yes | P11: 4 | S11: No | T11: 0 | U11: No | V11: 0 | W11: Yes | X11: 2 | Y11: Yes | Z11: 3 | AA11: Yes | AB11: 3 | AD11: =IF(D11="","",D11) -> Amber Kilalee | AE11: =IF($D11="","",COUNTIF(E11:AB11,"Yes")) -> 7 | AF11: =IF($D11="","",COUNTIF(E11:AB11,"Yes")+COUNTIF(E11:AB11,"No")) -> 11 | AG11: =IF($D11="","",IF(AF11=0,0,AE11/AF11)) -> 0.63636364 | AH11: =IF($D11="","",IF(COUNT(E11:AB11)=0,"",AVERAGE(E11:AB11))) -> 1.9090909 | AI11: =IF($D11="","",IF($AK11="",0,($AK11/5)*MIN(1,IF($AM$4=0,1,$AG11/$AM$4)))) -> 0.50909091 | AJ11: =IF($D11="","",AG11*$AM$2+AI11*$AM$3) -> 0.56 | AK11: =IF($D11="","",IF(COUNTIFS($E$4:$AB$4,"WR",$E11:$AB11,">0")=0,"",SUMIF($E$4:$AB$4,"WR",$E11:$AB11)/COUNTIFS($E$4:$AB$4,"WR",$E11:$AB11,">0"))) -> 3 | AN11: =IF(D11="","",D11) -> Amber Kilalee | AO11: Good member of the squad needs to improve fitness and work rate | AP11: Fitness. Workrate. Positioning
C12: 8 | D12: Shauna Kavanagh | E12: Yes | F12: 2 | G12: Yes | H12: 2 | I12: Yes | J12: 2 | K12: Yes | L12: 2 | M12: No | N12: 0 | O12: No | P12: 0 | S12: Yes | T12: 4 | U12: Yes | V12: 3 | W12: Yes | X12: 2 | Y12: Yes | Z12: 1 | AA12: Yes | AB12: 2 | AD12: =IF(D12="","",D12) -> Shauna Kavanagh | AE12: =IF($D12="","",COUNTIF(E12:AB12,"Yes")) -> 9 | AF12: =IF($D12="","",COUNTIF(E12:AB12,"Yes")+COUNTIF(E12:AB12,"No")) -> 11 | AG12: =IF($D12="","",IF(AF12=0,0,AE12/AF12)) -> 0.81818182 | AH12: =IF($D12="","",IF(COUNT(E12:AB12)=0,"",AVERAGE(E12:AB12))) -> 1.8181818 | AI12: =IF($D12="","",IF($AK12="",0,($AK12/5)*MIN(1,IF($AM$4=0,1,$AG12/$AM$4)))) -> 0.44444444 | AJ12: =IF($D12="","",AG12*$AM$2+AI12*$AM$3) -> 0.59393939 | AK12: =IF($D12="","",IF(COUNTIFS($E$4:$AB$4,"WR",$E12:$AB12,">0")=0,"",SUMIF($E$4:$AB$4,"WR",$E12:$AB12)/COUNTIFS($E$4:$AB$4,"WR",$E12:$AB12,">0"))) -> 2.2222222 | AN12: =IF(D12="","",D12) -> Shauna Kavanagh | AO12: Unfit. Attitude needs improving | AP12: Fitness. Workrate. Positioning
C13: 9 | D13: Tara Brannigan | E13: Yes | F13: 3 | G13: Yes | H13: 3 | I13: Yes | J13: 4 | K13: No | L13: 0 | M13: No | N13: 0 | O13: No | P13: 0 | S13: No | T13: 0 | U13: No | V13: 0 | W13: No | X13: 0 | Y13: No | Z13: 0 | AA13: Yes | AB13: 3 | AD13: =IF(D13="","",D13) -> Tara Brannigan | AE13: =IF($D13="","",COUNTIF(E13:AB13,"Yes")) -> 4 | AF13: =IF($D13="","",COUNTIF(E13:AB13,"Yes")+COUNTIF(E13:AB13,"No")) -> 11 | AG13: =IF($D13="","",IF(AF13=0,0,AE13/AF13)) -> 0.36363636 | AH13: =IF($D13="","",IF(COUNT(E13:AB13)=0,"",AVERAGE(E13:AB13))) -> 1.1818182 | AI13: =IF($D13="","",IF($AK13="",0,($AK13/5)*MIN(1,IF($AM$4=0,1,$AG13/$AM$4)))) -> 0.31515152 | AJ13: =IF($D13="","",AG13*$AM$2+AI13*$AM$3) -> 0.33454545 | AK13: =IF($D13="","",IF(COUNTIFS($E$4:$AB$4,"WR",$E13:$AB13,">0")=0,"",SUMIF($E$4:$AB$4,"WR",$E13:$AB13)/COUNTIFS($E$4:$AB$4,"WR",$E13:$AB13,">0"))) -> 3.25 | AN13: =IF(D13="","",D13) -> Tara Brannigan | AO13: Fantastic Attitude, needs time to get fitness levels back | AP13: Touch & Passing, fintenss hasn’t trained in 3 weeks
C14: 10 | D14: Semilore Adesanya | E14: No | F14: 0 | G14: Yes | H14: 3 | I14: No | J14: 0 | K14: No | L14: 0 | M14: No | N14: 0 | O14: Yes | P14: 4 | S14: Yes | T14: 4 | U14: Yes | V14: 4 | W14: Yes | X14: 4 | Y14: Yes | Z14: 3 | AA14: Yes | AB14: 3 | AD14: =IF(D14="","",D14) -> Semilore Adesanya | AE14: =IF($D14="","",COUNTIF(E14:AB14,"Yes")) -> 7 | AF14: =IF($D14="","",COUNTIF(E14:AB14,"Yes")+COUNTIF(E14:AB14,"No")) -> 11 | AG14: =IF($D14="","",IF(AF14=0,0,AE14/AF14)) -> 0.63636364 | AH14: =IF($D14="","",IF(COUNT(E14:AB14)=0,"",AVERAGE(E14:AB14))) -> 2.2727273 | AI14: =IF($D14="","",IF($AK14="",0,($AK14/5)*MIN(1,IF($AM$4=0,1,$AG14/$AM$4)))) -> 0.60606061 | AJ14: =IF($D14="","",AG14*$AM$2+AI14*$AM$3) -> 0.61818182 | AK14: =IF($D14="","",IF(COUNTIFS($E$4:$AB$4,"WR",$E14:$AB14,">0")=0,"",SUMIF($E$4:$AB$4,"WR",$E14:$AB14)/COUNTIFS($E$4:$AB$4,"WR",$E14:$AB14,">0"))) -> 3.5714286 | AN14: =IF(D14="","",D14) -> Semilore Adesanya | AO14: Looked Fit and usual fantastic attitude | AP14: Fitness. Heading, compsure passing, work on passing backwards
C15: 11 | D15: Hannah Fleming | E15: No | F15: 0 | G15: Yes | H15: 3 | I15: Yes | J15: 3 | K15: Yes | L15: 3 | M15: No | N15: 0 | O15: No | P15: 0 | S15: Yes | T15: 4 | U15: Yes | V15: 3 | W15: Yes | X15: 4 | Y15: Yes | Z15: 3 | AA15: Yes | AB15: 3 | AD15: =IF(D15="","",D15) -> Hannah Fleming | AE15: =IF($D15="","",COUNTIF(E15:AB15,"Yes")) -> 8 | AF15: =IF($D15="","",COUNTIF(E15:AB15,"Yes")+COUNTIF(E15:AB15,"No")) -> 11 | AG15: =IF($D15="","",IF(AF15=0,0,AE15/AF15)) -> 0.72727273 | AH15: =IF($D15="","",IF(COUNT(E15:AB15)=0,"",AVERAGE(E15:AB15))) -> 2.3636364 | AI15: =IF($D15="","",IF($AK15="",0,($AK15/5)*MIN(1,IF($AM$4=0,1,$AG15/$AM$4)))) -> 0.63030303 | AJ15: =IF($D15="","",AG15*$AM$2+AI15*$AM$3) -> 0.66909091 | AK15: =IF($D15="","",IF(COUNTIFS($E$4:$AB$4,"WR",$E15:$AB15,">0")=0,"",SUMIF($E$4:$AB$4,"WR",$E15:$AB15)/COUNTIFS($E$4:$AB$4,"WR",$E15:$AB15,">0"))) -> 3.25 | AN15: =IF(D15="","",D15) -> Hannah Fleming | AO15: Great attitude. Fitness needs work but because of high workrate | AP15: Fitness / Stamina, first touch
C16: 12 | D16: Emma Kelly | E16: No | F16: 0 | G16: Yes | H16: 3 | I16: No | J16: 0 | K16: Yes | L16: 2 | M16: No | N16: 0 | O16: Yes | P16: 3 | S16: Yes | T16: 4 | U16: Yes | V16: 4 | W16: Yes | X16: 4 | Y16: No | Z16: 0 | AA16: Yes | AB16: 3 | AD16: =IF(D16="","",D16) -> Emma Kelly | AE16: =IF($D16="","",COUNTIF(E16:AB16,"Yes")) -> 7 | AF16: =IF($D16="","",COUNTIF(E16:AB16,"Yes")+COUNTIF(E16:AB16,"No")) -> 11 | AG16: =IF($D16="","",IF(AF16=0,0,AE16/AF16)) -> 0.63636364 | AH16: =IF($D16="","",IF(COUNT(E16:AB16)=0,"",AVERAGE(E16:AB16))) -> 2.0909091 | AI16: =IF($D16="","",IF($AK16="",0,($AK16/5)*MIN(1,IF($AM$4=0,1,$AG16/$AM$4)))) -> 0.55757576 | AJ16: =IF($D16="","",AG16*$AM$2+AI16*$AM$3) -> 0.58909091 | AK16: =IF($D16="","",IF(COUNTIFS($E$4:$AB$4,"WR",$E16:$AB16,">0")=0,"",SUMIF($E$4:$AB$4,"WR",$E16:$AB16)/COUNTIFS($E$4:$AB$4,"WR",$E16:$AB16,">0"))) -> 3.2857143 | AN16: =IF(D16="","",D16) -> Emma Kelly | AO16: Leader mentality | AP16: Fitness, Heading, Positioning, More vocal with the team
C17: 13 | D17: Roma Memon | E17: No | F17: 0 | G17: No | H17: 0 | I17: Yes | J17: 3 | K17: Yes | L17: 3 | M17: Yes | N17: 3 | O17: No | P17: 0 | S17: Yes | T17: 4 | U17: No | V17: 0 | W17: Yes | X17: 4 | Y17: Yes | Z17: 3 | AA17: Yes | AB17: 3 | AD17: =IF(D17="","",D17) -> Roma Memon | AE17: =IF($D17="","",COUNTIF(E17:AB17,"Yes")) -> 7 | AF17: =IF($D17="","",COUNTIF(E17:AB17,"Yes")+COUNTIF(E17:AB17,"No")) -> 11 | AG17: =IF($D17="","",IF(AF17=0,0,AE17/AF17)) -> 0.63636364 | AH17: =IF($D17="","",IF(COUNT(E17:AB17)=0,"",AVERAGE(E17:AB17))) -> 2.0909091 | AI17: =IF($D17="","",IF($AK17="",0,($AK17/5)*MIN(1,IF($AM$4=0,1,$AG17/$AM$4)))) -> 0.55757576 | AJ17: =IF($D17="","",AG17*$AM$2+AI17*$AM$3) -> 0.58909091 | AK17: =IF($D17="","",IF(COUNTIFS($E$4:$AB$4,"WR",$E17:$AB17,">0")=0,"",SUMIF($E$4:$AB$4,"WR",$E17:$AB17)/COUNTIFS($E$4:$AB$4,"WR",$E17:$AB17,">0"))) -> 3.2857143 | AN17: =IF(D17="","",D17) -> Roma Memon | AO17: Showing a great attitude, fitness levels are high, workrate is sensational | AP17: Passing, positioning
... C19: 15 | D19: Elsie Morrison | E19: No | F19: 0 | G19: Yes | H19: 4 | I19: Yes | J19: 4 | K19: Yes | L19: 2 | M19: Yes | N19: 3 | O19: Yes | P19: 3 | S19: Yes | T19: 4 | U19: Yes | V19: 4 | W19: Yes | X19: 3 | Y19: Yes | Z19: 2 | AA19: No | AB19: 0 | AD19: =IF(D19="","",D19) -> Elsie Morrison | AE19: =IF($D19="","",COUNTIF(E19:AB19,"Yes")) -> 9 | AF19: =IF($D19="","",COUNTIF(E19:AB19,"Yes")+COUNTIF(E19:AB19,"No")) -> 11 | AG19: =IF($D19="","",IF(AF19=0,0,AE19/AF19)) -> 0.81818182 | AH19: =IF($D19="","",IF(COUNT(E19:AB19)=0,"",AVERAGE(E19:AB19))) -> 2.6363636 | AI19: =IF($D19="","",IF($AK19="",0,($AK19/5)*MIN(1,IF($AM$4=0,1,$AG19/$AM$4)))) -> 0.64444444 | AJ19: =IF($D19="","",AG19*$AM$2+AI19*$AM$3) -> 0.71393939 | AK19: =IF($D19="","",IF(COUNTIFS($E$4:$AB$4,"WR",$E19:$AB19,">0")=0,"",SUMIF($E$4:$AB$4,"WR",$E19:$AB19)/COUNTIFS($E$4:$AB$4,"WR",$E19:$AB19,">0"))) -> 3.2222222 | AN19: =IF(D19="","",D19) -> Elsie Morrison | AO19: Fitness is improving. | AP19: Fitness, Physicality, tackling Tracking back
B20: New Players | C20: 16 | D20: Zara Freeman | E20: No | F20: 0 | G20: No | H20: 0 | I20: No | J20: 0 | K20: No | L20: 0 | M20: No | N20: 0 | O20: No | P20: 0 | S20: Yes | T20: 4 | U20: No | V20: 0 | W20: Yes | X20: 3 | Y20: No | Z20: 0 | AA20: Yes | AB20: 3 | AD20: =IF(D20="","",D20) -> Zara Freeman | AE20: =IF($D20="","",COUNTIF(E20:AB20,"Yes")) -> 3 | AF20: =IF($D20="","",COUNTIF(E20:AB20,"Yes")+COUNTIF(E20:AB20,"No")) -> 11 | AG20: =IF($D20="","",IF(AF20=0,0,AE20/AF20)) -> 0.27272727 | AH20: =IF($D20="","",IF(COUNT(E20:AB20)=0,"",AVERAGE(E20:AB20))) -> 0.90909091 | AI20: =IF($D20="","",IF($AK20="",0,($AK20/5)*MIN(1,IF($AM$4=0,1,$AG20/$AM$4)))) -> 0.24242424 | AJ20: =IF($D20="","",AG20*$AM$2+AI20*$AM$3) -> 0.25454545 | AK20: =IF($D20="","",IF(COUNTIFS($E$4:$AB$4,"WR",$E20:$AB20,">0")=0,"",SUMIF($E$4:$AB$4,"WR",$E20:$AB20)/COUNTIFS($E$4:$AB$4,"WR",$E20:$AB20,">0"))) -> 3.3333333 | AN20: =IF(D20="","",D20) -> Zara Freeman | AO20: New player, showing great signs of being a top player. Great finishing ability | AP20: Need to work on fitness and positioning
C21: 17 | D21: Mariana Soares | E21: No | F21: 0 | G21: No | H21: 0 | I21: No | J21: 0 | K21: No | L21: 0 | M21: No | N21: 0 | O21: No | P21: 0 | S21: No | T21: 0 | U21: Yes | V21: 3 | W21: Yes | X21: 3 | Y21: Yes | Z21: 3 | AA21: No | AB21: 0 | AD21: =IF(D21="","",D21) -> Mariana Soares | AE21: =IF($D21="","",COUNTIF(E21:AB21,"Yes")) -> 3 | AF21: =IF($D21="","",COUNTIF(E21:AB21,"Yes")+COUNTIF(E21:AB21,"No")) -> 11 | AG21: =IF($D21="","",IF(AF21=0,0,AE21/AF21)) -> 0.27272727 | AH21: =IF($D21="","",IF(COUNT(E21:AB21)=0,"",AVERAGE(E21:AB21))) -> 0.81818182 | AI21: =IF($D21="","",IF($AK21="",0,($AK21/5)*MIN(1,IF($AM$4=0,1,$AG21/$AM$4)))) -> 0.21818182 | AJ21: =IF($D21="","",AG21*$AM$2+AI21*$AM$3) -> 0.24 | AK21: =IF($D21="","",IF(COUNTIFS($E$4:$AB$4,"WR",$E21:$AB21,">0")=0,"",SUMIF($E$4:$AB$4,"WR",$E21:$AB21)/COUNTIFS($E$4:$AB$4,"WR",$E21:$AB21,">0"))) -> 3 | AN21: =IF(D21="","",D21) -> Mariana Soares | AO21: New addition, working hard, plays with a smile on her face | AP21: Fitnees.
C22: 18 | D22: Rama Abuowda | AD22: =IF(D22="","",D22) -> Rama Abuowda | AE22: =IF($D22="","",COUNTIF(E22:AB22,"Yes")) -> 0 | AF22: =IF($D22="","",COUNTIF(E22:AB22,"Yes")+COUNTIF(E22:AB22,"No")) -> 0 | AG22: =IF($D22="","",IF(AF22=0,0,AE22/AF22)) -> 0 | AH22: =IF($D22="","",IF(COUNT(E22:AB22)=0,"",AVERAGE(E22:AB22))) | AI22: =IF($D22="","",IF($AK22="",0,($AK22/5)*MIN(1,IF($AM$4=0,1,$AG22/$AM$4)))) -> 0 | AJ22: =IF($D22="","",AG22*$AM$2+AI22*$AM$3) -> 0 | AK22: =IF($D22="","",IF(COUNTIFS($E$4:$AB$4,"WR",$E22:$AB22,">0")=0,"",SUMIF($E$4:$AB$4,"WR",$E22:$AB22)/COUNTIFS($E$4:$AB$4,"WR",$E22:$AB22,">0"))) | AN22: =IF(D22="","",D22) -> Rama Abuowda
C23: 19 | AD23: =IF(D23="","",D23) | AE23: =IF($D23="","",COUNTIF(E23:AB23,"Yes")) | AF23: =IF($D23="","",COUNTIF(E23:AB23,"Yes")+COUNTIF(E23:AB23,"No")) | AG23: =IF($D23="","",IF(AF23=0,0,AE23/AF23)) | AH23: =IF($D23="","",IF(COUNT(E23:AB23)=0,"",AVERAGE(E23:AB23))) | AI23: =IF($D23="","",IF($AK23="",0,($AK23/5)*MIN(1,IF($AM$4=0,1,$AG23/$AM$4)))) | AJ23: =IF($D23="","",AG23*$AM$2+AI23*$AM$3) | AK23: =IF($D23="","",IF(COUNTIFS($E$4:$AB$4,"WR",$E23:$AB23,">0")=0,"",SUMIF($E$4:$AB$4,"WR",$E23:$AB23)/COUNTIFS($E$4:$AB$4,"WR",$E23:$AB23,">0"))) | AN23: =IF(D23="","",D23)
C24: 20 | AD24: =IF(D24="","",D24) | AE24: =IF($D24="","",COUNTIF(E24:AB24,"Yes")) | AF24: =IF($D24="","",COUNTIF(E24:AB24,"Yes")+COUNTIF(E24:AB24,"No")) | AG24: =IF($D24="","",IF(AF24=0,0,AE24/AF24)) | AH24: =IF($D24="","",IF(COUNT(E24:AB24)=0,"",AVERAGE(E24:AB24))) | AI24: =IF($D24="","",IF($AK24="",0,($AK24/5)*MIN(1,IF($AM$4=0,1,$AG24/$AM$4)))) | AJ24: =IF($D24="","",AG24*$AM$2+AI24*$AM$3) | AK24: =IF($D24="","",IF(COUNTIFS($E$4:$AB$4,"WR",$E24:$AB24,">0")=0,"",SUMIF($E$4:$AB$4,"WR",$E24:$AB24)/COUNTIFS($E$4:$AB$4,"WR",$E24:$AB24,">0"))) | AN24: =IF(D24="","",D24)
D25: Attended / Avg WR | E25: =COUNTIF(E5:E24,"Yes") -> 8 | F25: =IF(COUNT(F5:F24)=0,"",AVERAGE(F5:F24)) -> 1.5294118 | G25: =COUNTIF(G5:G24,"Yes") -> 9 | H25: =IF(COUNT(H5:H24)=0,"",AVERAGE(H5:H24)) -> 1.7058824 | I25: =COUNTIF(I5:I24,"Yes") -> 10 | J25: =IF(COUNT(J5:J24)=0,"",AVERAGE(J5:J24)) -> 1.9411765 | K25: =COUNTIF(K5:K24,"Yes") -> 12 | L25: =IF(COUNT(L5:L24)=0,"",AVERAGE(L5:L24)) -> 1.8235294 | M25: =COUNTIF(M5:M24,"Yes") -> 6 | N25: =IF(COUNT(N5:N24)=0,"",AVERAGE(N5:N24)) -> 1.0588235 | O25: =COUNTIF(O5:O24,"Yes") -> 6 | P25: =IF(COUNT(P5:P24)=0,"",AVERAGE(P5:P24)) -> 1.2352941 | Q25: =COUNTIF(Q5:Q24,"Yes") -> 0 | R25: =IF(COUNT(R5:R24)=0,"",AVERAGE(R5:R24)) | S25: =COUNTIF(S5:S24,"Yes") -> 10 | T25: =IF(COUNT(T5:T24)=0,"",AVERAGE(T5:T24)) -> 2.2941176 | U25: =COUNTIF(U5:U24,"Yes") -> 11 | V25: =IF(COUNT(V5:V24)=0,"",AVERAGE(V5:V24)) -> 2.2352941 | W25: =COUNTIF(W5:W24,"Yes") -> 12 | X25: =IF(COUNT(X5:X24)=0,"",AVERAGE(X5:X24)) -> 2.4117647 | Y25: =COUNTIF(Y5:Y24,"Yes") -> 12 | Z25: =IF(COUNT(Z5:Z24)=0,"",AVERAGE(Z5:Z24)) -> 2 | AA25: =COUNTIF(AA5:AA24,"Yes") -> 12 | AB25: =IF(COUNT(AB5:AB24)=0,"",AVERAGE(AB5:AB24)) -> 2.0588235
B27: Drills
B28: 4 Areas - Play through oppositon | E28: Yes
B29: 4 Areas - Attack with ball from back | E29: Yes
B30: 3 teams around box - 2v1 | G30: Yes
B31: Sprint across - transition | F31: Yes
B32: Four Corners - follow pass to corner | G32: Yes
B33: Four Corners - Corners free | G33: Yes
B36: Work Rate Scale (1-5)
C37: Score | D37: Level | E37: Description
C38: 5 | D38: Outstanding | E38: Maximum effort from first minute to last. Sets the standard for the group — chases every ball, competes in every drill, drives others on.
C39: 4 | D39: Above Expectation | E39: Consistently high effort and intensity. Competes hard, rarely switches off, recovers quickly between efforts.
C40: 3 | D40: Expected Level | E40: Meets the standard required for the session. Works hard, does what is asked, applies herself throughout. This is the baseline we expect from everyone.
C41: 2 | D41: Below Expectation | E41: Effort drops off during the session. Inconsistent intensity, coasts at times, needs reminders to keep working.
C42: 1 | D42: Well Below Expectation | E42: Minimal effort. Does not compete, walks through drills, needs constant prompting to engage.

Sheet Attendance
CP1: GW 1 | CT1: GW 2 | CX1: GW 3 | DB1: GW 4 | DF1: GW 5 | DJ1: GW 6 | DN1: GW 7 | DR1: GW 8 | DV1: GW 9 | DZ1: GW 10 | ED1: GW 11 | EH1: GW 12 | EL1: GW 13 | EP1: GW 14 | ET1: GW 15 | EX1: GW 16 | FB1: GW 17 | FF1: GW 18 | FJ1: GW 19 | FN1: GW 20 | FR1: GW 21 | FV1: GW 22 | GA1: Training Attendance | GB1: Work Rate | GC1: Matchday Attendance | GD1: Match Rating | GE1: Sum of weights | GF1: Training subtotal | GG1: Matchday subtotal | GH1: Weighting check
B2: GIRLS YOUTH — 2026/2027 SEASON | ATTENDANCE | E2: GW 1 | I2: GW 2 | M2: GW 3 | Q2: GW 4 | U2: GW 5 | Y2: GW 6 | AC2: GW 7 | AG2: GW 8 | AK2: GW 9 | AO2: GW 10 | AS2: GW 11 | AW2: GW 12 | BA2: GW 13 | BE2: GW 14 | BI2: GW 15 | BM2: GW 16 | BQ2: GW 17 | BU2: GW 18 | BY2: GW 19 | CC2: GW 20 | CG2: GW 21 | CK2: GW 22 | CP2: =IF('Match Day Reports'!$B$82="","",'Match Day Reports'!$B$82) -> 46264 | CT2: =IF('Match Day Reports'!$B$109="","",'Match Day Reports'!$B$109) | CX2: =IF('Match Day Reports'!$B$136="","",'Match Day Reports'!$B$136) | DB2: =IF('Match Day Reports'!$B$163="","",'Match Day Reports'!$B$163) | DF2: =IF('Match Day Reports'!$B$190="","",'Match Day Reports'!$B$190) | DJ2: =IF('Match Day Reports'!$B$217="","",'Match Day Reports'!$B$217) | DN2: =IF('Match Day Reports'!$B$244="","",'Match Day Reports'!$B$244) | DR2: =IF('Match Day Reports'!$B$271="","",'Match Day Reports'!$B$271) | DV2: =IF('Match Day Reports'!$B$298="","",'Match Day Reports'!$B$298) | DZ2: =IF('Match Day Reports'!$B$325="","",'Match Day Reports'!$B$325) | ED2: =IF('Match Day Reports'!$B$352="","",'Match Day Reports'!$B$352) | EH2: =IF('Match Day Reports'!$B$379="","",'Match Day Reports'!$B$379) | EL2: =IF('Match Day Reports'!$B$406="","",'Match Day Reports'!$B$406) | EP2: =IF('Match Day Reports'!$B$433="","",'Match Day Reports'!$B$433) | ET2: =IF('Match Day Reports'!$B$460="","",'Match Day Reports'!$B$460) | EX2: =IF('Match Day Reports'!$B$487="","",'Match Day Reports'!$B$487) | FB2: =IF('Match Day Reports'!$B$514="","",'Match Day Reports'!$B$514) | FF2: =IF('Match Day Reports'!$B$541="","",'Match Day Reports'!$B$541) | FJ2: =IF('Match Day Reports'!$B$568="","",'Match Day Reports'!$B$568) | FN2: =IF('Match Day Reports'!$B$595="","",'Match Day Reports'!$B$595) | FR2: =IF('Match Day Reports'!$B$622="","",'Match Day Reports'!$B$622) | FV2: =IF('Match Day Reports'!$B$649="","",'Match Day Reports'!$B$649) | GA2: 0.25 | GB2: 0.35 | GC2: 0.15 | GD2: 0.25 | GE2: =SUM(GA2:GD2) -> 1 | GF2: =GA2+GB2 -> 0.6 | GG2: =GC2+GD2 -> 0.4 | GH2: =IF(ROUND(GE2,4)<>1,"WARNING: weights total "&TEXT(GE2,"0.0%")&" — must equal 100%","OK — weights total 100%") -> OK — weights total 100%
B3: Enter session dates, fixtures, attendance, work rate and match data in the cream cells only. | E3: 46259 | CP3: =IF('Match Day Reports'!$C$82="","",'Match Day Reports'!$C$82) -> Stamullen FC | CS3: =IF('Match Day Reports'!$D$82="","",'Match Day Reports'!$D$82) -> A | CT3: =IF('Match Day Reports'!$C$109="","",'Match Day Reports'!$C$109) | CW3: =IF('Match Day Reports'!$D$109="","",'Match Day Reports'!$D$109) | CX3: =IF('Match Day Reports'!$C$136="","",'Match Day Reports'!$C$136) | DA3: =IF('Match Day Reports'!$D$136="","",'Match Day Reports'!$D$136) | DB3: =IF('Match Day Reports'!$C$163="","",'Match Day Reports'!$C$163) | DE3: =IF('Match Day Reports'!$D$163="","",'Match Day Reports'!$D$163) | DF3: =IF('Match Day Reports'!$C$190="","",'Match Day Reports'!$C$190) | DI3: =IF('Match Day Reports'!$D$190="","",'Match Day Reports'!$D$190) | DJ3: =IF('Match Day Reports'!$C$217="","",'Match Day Reports'!$C$217) | DM3: =IF('Match Day Reports'!$D$217="","",'Match Day Reports'!$D$217) | DN3: =IF('Match Day Reports'!$C$244="","",'Match Day Reports'!$C$244) | DQ3: =IF('Match Day Reports'!$D$244="","",'Match Day Reports'!$D$244) | DR3: =IF('Match Day Reports'!$C$271="","",'Match Day Reports'!$C$271) | DU3: =IF('Match Day Reports'!$D$271="","",'Match Day Reports'!$D$271) | DV3: =IF('Match Day Reports'!$C$298="","",'Match Day Reports'!$C$298) | DY3: =IF('Match Day Reports'!$D$298="","",'Match Day Reports'!$D$298) | DZ3: =IF('Match Day Reports'!$C$325="","",'Match Day Reports'!$C$325) | EC3: =IF('Match Day Reports'!$D$325="","",'Match Day Reports'!$D$325) | ED3: =IF('Match Day Reports'!$C$352="","",'Match Day Reports'!$C$352) | EG3: =IF('Match Day Reports'!$D$352="","",'Match Day Reports'!$D$352) | EH3: =IF('Match Day Reports'!$C$379="","",'Match Day Reports'!$C$379) | EK3: =IF('Match Day Reports'!$D$379="","",'Match Day Reports'!$D$379) | EL3: =IF('Match Day Reports'!$C$406="","",'Match Day Reports'!$C$406) | EO3: =IF('Match Day Reports'!$D$406="","",'Match Day Reports'!$D$406) | EP3: =IF('Match Day Reports'!$C$433="","",'Match Day Reports'!$C$433) | ES3: =IF('Match Day Reports'!$D$433="","",'Match Day Reports'!$D$433) | ET3: =IF('Match Day Reports'!$C$460="","",'Match Day Reports'!$C$460) | EW3: =IF('Match Day Reports'!$D$460="","",'Match Day Reports'!$D$460) | EX3: =IF('Match Day Reports'!$C$487="","",'Match Day Reports'!$C$487) | FA3: =IF('Match Day Reports'!$D$487="","",'Match Day Reports'!$D$487) | FB3: =IF('Match Day Reports'!$C$514="","",'Match Day Reports'!$C$514) | FE3: =IF('Match Day Reports'!$D$514="","",'Match Day Reports'!$D$514) | FF3: =IF('Match Day Reports'!$C$541="","",'Match Day Reports'!$C$541) | FI3: =IF('Match Day Reports'!$D$541="","",'Match Day Reports'!$D$541) | FJ3: =IF('Match Day Reports'!$C$568="","",'Match Day Reports'!$C$568) | FM3: =IF('Match Day Reports'!$D$568="","",'Match Day Reports'!$D$568) | FN3: =IF('Match Day Reports'!$C$595="","",'Match Day Reports'!$C$595) | FQ3: =IF('Match Day Reports'!$D$595="","",'Match Day Reports'!$D$595) | FR3: =IF('Match Day Reports'!$C$622="","",'Match Day Reports'!$C$622) | FU3: =IF('Match Day Reports'!$D$622="","",'Match Day Reports'!$D$622) | FV3: =IF('Match Day Reports'!$C$649="","",'Match Day Reports'!$C$649) | FY3: =IF('Match Day Reports'!$D$649="","",'Match Day Reports'!$D$649)
B4: Group | C4: # | D4: Player | E4: Att | F4: WR | G4: Att | H4: WR | I4: Att | J4: WR | K4: Att | L4: WR | M4: Att | N4: WR | O4: Att | P4: WR | Q4: Att | R4: WR | S4: Att | T4: WR | U4: Att | V4: WR | W4: Att | X4: WR | Y4: Att | Z4: WR | AA4: Att | AB4: WR | AC4: Att | AD4: WR | AE4: Att | AF4: WR | AG4: Att | AH4: WR | AI4: Att | AJ4: WR | AK4: Att | AL4: WR | AM4: Att | AN4: WR | AO4: Att | AP4: WR | AQ4: Att | AR4: WR | AS4: Att | AT4: WR | AU4: Att | AV4: WR | AW4: Att | AX4: WR | AY4: Att | AZ4: WR | BA4: Att | BB4: WR | BC4: Att | BD4: WR | BE4: Att | BF4: WR | BG4: Att | BH4: WR | BI4: Att | BJ4: WR | BK4: Att | BL4: WR | BM4: Att | BN4: WR | BO4: Att | BP4: WR | BQ4: Att | BR4: WR | BS4: Att | BT4: WR | BU4: Att | BV4: WR | BW4: Att | BX4: WR | BY4: Att | BZ4: WR | CA4: Att | CB4: WR | CC4: Att | CD4: WR | CE4: Att | CF4: WR | CG4: Att | CH4: WR | CI4: Att | CJ4: WR | CK4: Att | CL4: WR | CM4: Att | CN4: WR | CP4: Att | CQ4: Mins | CR4: Rating | CS4: MOTM | CT4: Att | CU4: Mins | CV4: Rating | CW4: MOTM | CX4: Att | CY4: Mins | CZ4: Rating | DA4: MOTM | DB4: Att | DC4: Mins | DD4: Rating | DE4: MOTM | DF4: Att | DG4: Mins | DH4: Rating | DI4: MOTM | DJ4: Att | DK4: Mins | DL4: Rating | DM4: MOTM | DN4: Att | DO4: Mins | DP4: Rating | DQ4: MOTM | DR4: Att | DS4: Mins | DT4: Rating | DU4: MOTM | DV4: Att | DW4: Mins | DX4: Rating | DY4: MOTM | DZ4: Att | EA4: Mins | EB4: Rating | EC4: MOTM | ED4: Att | EE4: Mins | EF4: Rating | EG4: MOTM | EH4: Att | EI4: Mins | EJ4: Rating | EK4: MOTM | EL4: Att | EM4: Mins | EN4: Rating | EO4: MOTM | EP4: Att | EQ4: Mins | ER4: Rating | ES4: MOTM | ET4: Att | EU4: Mins | EV4: Rating | EW4: MOTM | EX4: Att | EY4: Mins | EZ4: Rating | FA4: MOTM | FB4: Att | FC4: Mins | FD4: Rating | FE4: MOTM | FF4: Att | FG4: Mins | FH4: Rating | FI4: MOTM | FJ4: Att | FK4: Mins | FL4: Rating | FM4: MOTM | FN4: Att | FO4: Mins | FP4: Rating | FQ4: MOTM | FR4: Att | FS4: Mins | FT4: Rating | FU4: MOTM | FV4: Att | FW4: Mins | FX4: Rating | FY4: MOTM | GA4: Sessions Attended | GB4: Sessions Held | GC4: Training Attendance % | GD4: Avg Work Rate | GE4: Work Rate % | GF4: Matches Available | GG4: Matches in Squad | GH4: Matchday Attendance % | GI4: Minutes Played | GJ4: Avg Minutes | GK4: Avg Match Rating | GL4: Match Rating % | GM4: MOTM Count | GN4: OVERALL SEASON SCORE % | GO4: Player Name | GP4: Availability | GQ4: Unavailable - reason | GR4: Comment | GS4: To Work On
B5: Existing Players | C5: 1 | D5: Aoife Kennan | E5: Yes | F5: 3 | G5: Yes | H5: 3 | I5: Yes | J5: 3 | CR5: =IF($D5="","",IF(COUNTIFS('Match Day Reports'!$C$85:$C$102,$D5)=0,"",SUMIFS('Match Day Reports'!$I$85:$I$102,'Match Day Reports'!$C$85:$C$102,$D5))) -> 6.5 | CS5: =IF($D5="","",IF($D5='Match Day Reports'!$H$82,"Yes","")) | CV5: =IF($D5="","",IF(COUNTIFS('Match Day Reports'!$C$112:$C$129,$D5)=0,"",SUMIFS('Match Day Reports'!$I$112:$I$129,'Match Day Reports'!$C$112:$C$129,$D5))) | CW5: =IF($D5="","",IF($D5='Match Day Reports'!$H$109,"Yes","")) | CZ5: =IF($D5="","",IF(COUNTIFS('Match Day Reports'!$C$139:$C$156,$D5)=0,"",SUMIFS('Match Day Reports'!$I$139:$I$156,'Match Day Reports'!$C$139:$C$156,$D5))) | DA5: =IF($D5="","",IF($D5='Match Day Reports'!$H$136,"Yes","")) | DD5: =IF($D5="","",IF(COUNTIFS('Match Day Reports'!$C$166:$C$183,$D5)=0,"",SUMIFS('Match Day Reports'!$I$166:$I$183,'Match Day Reports'!$C$166:$C$183,$D5))) | DE5: =IF($D5="","",IF($D5='Match Day Reports'!$H$163,"Yes","")) | DH5: =IF($D5="","",IF(COUNTIFS('Match Day Reports'!$C$193:$C$210,$D5)=0,"",SUMIFS('Match Day Reports'!$I$193:$I$210,'Match Day Reports'!$C$193:$C$210,$D5))) | DI5: =IF($D5="","",IF($D5='Match Day Reports'!$H$190,"Yes","")) | DL5: =IF($D5="","",IF(COUNTIFS('Match Day Reports'!$C$220:$C$237,$D5)=0,"",SUMIFS('Match Day Reports'!$I$220:$I$237,'Match Day Reports'!$C$220:$C$237,$D5))) | DM5: =IF($D5="","",IF($D5='Match Day Reports'!$H$217,"Yes","")) | DP5: =IF($D5="","",IF(COUNTIFS('Match Day Reports'!$C$247:$C$264,$D5)=0,"",SUMIFS('Match Day Reports'!$I$247:$I$264,'Match Day Reports'!$C$247:$C$264,$D5))) | DQ5: =IF($D5="","",IF($D5='Match Day Reports'!$H$244,"Yes","")) | DT5: =IF($D5="","",IF(COUNTIFS('Match Day Reports'!$C$274:$C$291,$D5)=0,"",SUMIFS('Match Day Reports'!$I$274:$I$291,'Match Day Reports'!$C$274:$C$291,$D5))) | DU5: =IF($D5="","",IF($D5='Match Day Reports'!$H$271,"Yes","")) | DX5: =IF($D5="","",IF(COUNTIFS('Match Day Reports'!$C$301:$C$318,$D5)=0,"",SUMIFS('Match Day Reports'!$I$301:$I$318,'Match Day Reports'!$C$301:$C$318,$D5))) | DY5: =IF($D5="","",IF($D5='Match Day Reports'!$H$298,"Yes","")) | EB5: =IF($D5="","",IF(COUNTIFS('Match Day Reports'!$C$328:$C$345,$D5)=0,"",SUMIFS('Match Day Reports'!$I$328:$I$345,'Match Day Reports'!$C$328:$C$345,$D5))) | EC5: =IF($D5="","",IF($D5='Match Day Reports'!$H$325,"Yes","")) | EF5: =IF($D5="","",IF(COUNTIFS('Match Day Reports'!$C$355:$C$372,$D5)=0,"",SUMIFS('Match Day Reports'!$I$355:$I$372,'Match Day Reports'!$C$355:$C$372,$D5))) | EG5: =IF($D5="","",IF($D5='Match Day Reports'!$H$352,"Yes","")) | EJ5: =IF($D5="","",IF(COUNTIFS('Match Day Reports'!$C$382:$C$399,$D5)=0,"",SUMIFS('Match Day Reports'!$I$382:$I$399,'Match Day Reports'!$C$382:$C$399,$D5))) | EK5: =IF($D5="","",IF($D5='Match Day Reports'!$H$379,"Yes","")) | EN5: =IF($D5="","",IF(COUNTIFS('Match Day Reports'!$C$409:$C$426,$D5)=0,"",SUMIFS('Match Day Reports'!$I$409:$I$426,'Match Day Reports'!$C$409:$C$426,$D5))) | EO5: =IF($D5="","",IF($D5='Match Day Reports'!$H$406,"Yes","")) | ER5: =IF($D5="","",IF(COUNTIFS('Match Day Reports'!$C$436:$C$453,$D5)=0,"",SUMIFS('Match Day Reports'!$I$436:$I$453,'Match Day Reports'!$C$436:$C$453,$D5))) | ES5: =IF($D5="","",IF($D5='Match Day Reports'!$H$433,"Yes","")) | EV5: =IF($D5="","",IF(COUNTIFS('Match Day Reports'!$C$463:$C$480,$D5)=0,"",SUMIFS('Match Day Reports'!$I$463:$I$480,'Match Day Reports'!$C$463:$C$480,$D5))) | EW5: =IF($D5="","",IF($D5='Match Day Reports'!$H$460,"Yes","")) | EZ5: =IF($D5="","",IF(COUNTIFS('Match Day Reports'!$C$490:$C$507,$D5)=0,"",SUMIFS('Match Day Reports'!$I$490:$I$507,'Match Day Reports'!$C$490:$C$507,$D5))) | FA5: =IF($D5="","",IF($D5='Match Day Reports'!$H$487,"Yes","")) | FD5: =IF($D5="","",IF(COUNTIFS('Match Day Reports'!$C$517:$C$534,$D5)=0,"",SUMIFS('Match Day Reports'!$I$517:$I$534,'Match Day Reports'!$C$517:$C$534,$D5))) | FE5: =IF($D5="","",IF($D5='Match Day Reports'!$H$514,"Yes","")) | FH5: =IF($D5="","",IF(COUNTIFS('Match Day Reports'!$C$544:$C$561,$D5)=0,"",SUMIFS('Match Day Reports'!$I$544:$I$561,'Match Day Reports'!$C$544:$C$561,$D5))) | FI5: =IF($D5="","",IF($D5='Match Day Reports'!$H$541,"Yes","")) | FL5: =IF($D5="","",IF(COUNTIFS('Match Day Reports'!$C$571:$C$588,$D5)=0,"",SUMIFS('Match Day Reports'!$I$571:$I$588,'Match Day Reports'!$C$571:$C$588,$D5))) | FM5: =IF($D5="","",IF($D5='Match Day Reports'!$H$568,"Yes","")) | FP5: =IF($D5="","",IF(COUNTIFS('Match Day Reports'!$C$598:$C$615,$D5)=0,"",SUMIFS('Match Day Reports'!$I$598:$I$615,'Match Day Reports'!$C$598:$C$615,$D5))) | FQ5: =IF($D5="","",IF($D5='Match Day Reports'!$H$595,"Yes","")) | FT5: =IF($D5="","",IF(COUNTIFS('Match Day Reports'!$C$625:$C$642,$D5)=0,"",SUMIFS('Match Day Reports'!$I$625:$I$642,'Match Day Reports'!$C$625:$C$642,$D5))) | FU5: =IF($D5="","",IF($D5='Match Day Reports'!$H$622,"Yes","")) | FX5: =IF($D5="","",IF(COUNTIFS('Match Day Reports'!$C$652:$C$669,$D5)=0,"",SUMIFS('Match Day Reports'!$I$652:$I$669,'Match Day Reports'!$C$652:$C$669,$D5))) | FY5: =IF($D5="","",IF($D5='Match Day Reports'!$H$649,"Yes","")) | GA5: =IF($D5="","",COUNTIFS($E$4:$CN$4,"Att",$E5:$CN5,"Yes")) -> 3 | GB5: {=IF($D5="","",SUMPRODUCT(($E$4:$CN$4="Att")*((($E$3:$CN$3<>"")+($E5:$CN5="Yes")+($E5:$CN5="No"))>0)))} -> 3 | GC5: =IF($D5="","",IF($GB5=0,"",MIN(1,$GA5/$GB5))) -> 1 | GD5: =IF($D5="","",IF(COUNTIFS($E$4:$CN$4,"WR",$E5:$CN5,">0")=0,"",SUMIF($E$4:$CN$4,"WR",$E5:$CN5)/COUNTIFS($E$4:$CN$4,"WR",$E5:$CN5,">0"))) -> 3 | GE5: =IF($D5="","",IF($GD5="","",MIN(1,$GD5/5))) -> 0.6 | GF5: {=IF($D5="","",SUMPRODUCT(($CP$4:$FY$4="Att")*($CP$2:$FY$2<>"")*($CP5:$FY5<>"N-A")*($CP5:$FY5<>"")))} -> 0 | GG5: =IF($D5="","",COUNTIFS($CP$4:$FY$4,"Att",$CP5:$FY5,"Yes")) -> 0 | GH5: =IF($D5="","",IF($GF5=0,"",MIN(1,$GG5/$GF5))) | GI5: =IF($D5="","",SUMIF($CP$4:$FY$4,"Mins",$CP5:$FY5)) -> 0 | GJ5: =IF($D5="","",IF($GG5=0,"",$GI5/$GG5)) | GK5: =IF($D5="","",IF(COUNTIFS($CP$4:$FY$4,"Rating",$CP5:$FY5,">0")=0,"",SUMIF($CP$4:$FY$4,"Rating",$CP5:$FY5)/COUNTIFS($CP$4:$FY$4,"Rating",$CP5:$FY5,">0"))) -> 6.5 | GL5: =IF($D5="","",IF($GK5="","",MIN(1,$GK5/10))) -> 0.65 | GM5: =IF($D5="","",COUNTIFS($CP$4:$FY$4,"MOTM",$CP5:$FY5,"Yes")) -> 0 | GN5: =IF($D5="","",IF($GG5=0,(N($GC5)*$GA$2+N($GE5)*$GB$2)/MAX(0.0001,$GA$2+$GB$2),N($GC5)*$GA$2+N($GE5)*$GB$2+N($GH5)*$GC$2+N($GL5)*$GD$2)) -> 0.76666667 | GO5: =IF($D5="","",$D5) -> Aoife Kennan
C6: 2 | D6: Stella McEvoy | E6: Yes | F6: 3 | G6: Yes | H6: 3 | I6: Yes | J6: 3 | CR6: =IF($D6="","",IF(COUNTIFS('Match Day Reports'!$C$85:$C$102,$D6)=0,"",SUMIFS('Match Day Reports'!$I$85:$I$102,'Match Day Reports'!$C$85:$C$102,$D6))) -> 7.5 | CS6: =IF($D6="","",IF($D6='Match Day Reports'!$H$82,"Yes","")) | CV6: =IF($D6="","",IF(COUNTIFS('Match Day Reports'!$C$112:$C$129,$D6)=0,"",SUMIFS('Match Day Reports'!$I$112:$I$129,'Match Day Reports'!$C$112:$C$129,$D6))) | CW6: =IF($D6="","",IF($D6='Match Day Reports'!$H$109,"Yes","")) | CZ6: =IF($D6="","",IF(COUNTIFS('Match Day Reports'!$C$139:$C$156,$D6)=0,"",SUMIFS('Match Day Reports'!$I$139:$I$156,'Match Day Reports'!$C$139:$C$156,$D6))) | DA6: =IF($D6="","",IF($D6='Match Day Reports'!$H$136,"Yes","")) | DD6: =IF($D6="","",IF(COUNTIFS('Match Day Reports'!$C$166:$C$183,$D6)=0,"",SUMIFS('Match Day Reports'!$I$166:$I$183,'Match Day Reports'!$C$166:$C$183,$D6))) | DE6: =IF($D6="","",IF($D6='Match Day Reports'!$H$163,"Yes","")) | DH6: =IF($D6="","",IF(COUNTIFS('Match Day Reports'!$C$193:$C$210,$D6)=0,"",SUMIFS('Match Day Reports'!$I$193:$I$210,'Match Day Reports'!$C$193:$C$210,$D6))) | DI6: =IF($D6="","",IF($D6='Match Day Reports'!$H$190,"Yes","")) | DL6: =IF($D6="","",IF(COUNTIFS('Match Day Reports'!$C$220:$C$237,$D6)=0,"",SUMIFS('Match Day Reports'!$I$220:$I$237,'Match Day Reports'!$C$220:$C$237,$D6))) | DM6: =IF($D6="","",IF($D6='Match Day Reports'!$H$217,"Yes","")) | DP6: =IF($D6="","",IF(COUNTIFS('Match Day Reports'!$C$247:$C$264,$D6)=0,"",SUMIFS('Match Day Reports'!$I$247:$I$264,'Match Day Reports'!$C$247:$C$264,$D6))) | DQ6: =IF($D6="","",IF($D6='Match Day Reports'!$H$244,"Yes","")) | DT6: =IF($D6="","",IF(COUNTIFS('Match Day Reports'!$C$274:$C$291,$D6)=0,"",SUMIFS('Match Day Reports'!$I$274:$I$291,'Match Day Reports'!$C$274:$C$291,$D6))) | DU6: =IF($D6="","",IF($D6='Match Day Reports'!$H$271,"Yes","")) | DX6: =IF($D6="","",IF(COUNTIFS('Match Day Reports'!$C$301:$C$318,$D6)=0,"",SUMIFS('Match Day Reports'!$I$301:$I$318,'Match Day Reports'!$C$301:$C$318,$D6))) | DY6: =IF($D6="","",IF($D6='Match Day Reports'!$H$298,"Yes","")) | EB6: =IF($D6="","",IF(COUNTIFS('Match Day Reports'!$C$328:$C$345,$D6)=0,"",SUMIFS('Match Day Reports'!$I$328:$I$345,'Match Day Reports'!$C$328:$C$345,$D6))) | EC6: =IF($D6="","",IF($D6='Match Day Reports'!$H$325,"Yes","")) | EF6: =IF($D6="","",IF(COUNTIFS('Match Day Reports'!$C$355:$C$372,$D6)=0,"",SUMIFS('Match Day Reports'!$I$355:$I$372,'Match Day Reports'!$C$355:$C$372,$D6))) | EG6: =IF($D6="","",IF($D6='Match Day Reports'!$H$352,"Yes","")) | EJ6: =IF($D6="","",IF(COUNTIFS('Match Day Reports'!$C$382:$C$399,$D6)=0,"",SUMIFS('Match Day Reports'!$I$382:$I$399,'Match Day Reports'!$C$382:$C$399,$D6))) | EK6: =IF($D6="","",IF($D6='Match Day Reports'!$H$379,"Yes","")) | EN6: =IF($D6="","",IF(COUNTIFS('Match Day Reports'!$C$409:$C$426,$D6)=0,"",SUMIFS('Match Day Reports'!$I$409:$I$426,'Match Day Reports'!$C$409:$C$426,$D6))) | EO6: =IF($D6="","",IF($D6='Match Day Reports'!$H$406,"Yes","")) | ER6: =IF($D6="","",IF(COUNTIFS('Match Day Reports'!$C$436:$C$453,$D6)=0,"",SUMIFS('Match Day Reports'!$I$436:$I$453,'Match Day Reports'!$C$436:$C$453,$D6))) | ES6: =IF($D6="","",IF($D6='Match Day Reports'!$H$433,"Yes","")) | EV6: =IF($D6="","",IF(COUNTIFS('Match Day Reports'!$C$463:$C$480,$D6)=0,"",SUMIFS('Match Day Reports'!$I$463:$I$480,'Match Day Reports'!$C$463:$C$480,$D6))) | EW6: =IF($D6="","",IF($D6='Match Day Reports'!$H$460,"Yes","")) | EZ6: =IF($D6="","",IF(COUNTIFS('Match Day Reports'!$C$490:$C$507,$D6)=0,"",SUMIFS('Match Day Reports'!$I$490:$I$507,'Match Day Reports'!$C$490:$C$507,$D6))) | FA6: =IF($D6="","",IF($D6='Match Day Reports'!$H$487,"Yes","")) | FD6: =IF($D6="","",IF(COUNTIFS('Match Day Reports'!$C$517:$C$534,$D6)=0,"",SUMIFS('Match Day Reports'!$I$517:$I$534,'Match Day Reports'!$C$517:$C$534,$D6))) | FE6: =IF($D6="","",IF($D6='Match Day Reports'!$H$514,"Yes","")) | FH6: =IF($D6="","",IF(COUNTIFS('Match Day Reports'!$C$544:$C$561,$D6)=0,"",SUMIFS('Match Day Reports'!$I$544:$I$561,'Match Day Reports'!$C$544:$C$561,$D6))) | FI6: =IF($D6="","",IF($D6='Match Day Reports'!$H$541,"Yes","")) | FL6: =IF($D6="","",IF(COUNTIFS('Match Day Reports'!$C$571:$C$588,$D6)=0,"",SUMIFS('Match Day Reports'!$I$571:$I$588,'Match Day Reports'!$C$571:$C$588,$D6))) | FM6: =IF($D6="","",IF($D6='Match Day Reports'!$H$568,"Yes","")) | FP6: =IF($D6="","",IF(COUNTIFS('Match Day Reports'!$C$598:$C$615,$D6)=0,"",SUMIFS('Match Day Reports'!$I$598:$I$615,'Match Day Reports'!$C$598:$C$615,$D6))) | FQ6: =IF($D6="","",IF($D6='Match Day Reports'!$H$595,"Yes","")) | FT6: =IF($D6="","",IF(COUNTIFS('Match Day Reports'!$C$625:$C$642,$D6)=0,"",SUMIFS('Match Day Reports'!$I$625:$I$642,'Match Day Reports'!$C$625:$C$642,$D6))) | FU6: =IF($D6="","",IF($D6='Match Day Reports'!$H$622,"Yes","")) | FX6: =IF($D6="","",IF(COUNTIFS('Match Day Reports'!$C$652:$C$669,$D6)=0,"",SUMIFS('Match Day Reports'!$I$652:$I$669,'Match Day Reports'!$C$652:$C$669,$D6))) | FY6: =IF($D6="","",IF($D6='Match Day Reports'!$H$649,"Yes","")) | GA6: =IF($D6="","",COUNTIFS($E$4:$CN$4,"Att",$E6:$CN6,"Yes")) -> 3 | GB6: {=IF($D6="","",SUMPRODUCT(($E$4:$CN$4="Att")*((($E$3:$CN$3<>"")+($E6:$CN6="Yes")+($E6:$CN6="No"))>0)))} -> 3 | GC6: =IF($D6="","",IF($GB6=0,"",MIN(1,$GA6/$GB6))) -> 1 | GD6: =IF($D6="","",IF(COUNTIFS($E$4:$CN$4,"WR",$E6:$CN6,">0")=0,"",SUMIF($E$4:$CN$4,"WR",$E6:$CN6)/COUNTIFS($E$4:$CN$4,"WR",$E6:$CN6,">0"))) -> 3 | GE6: =IF($D6="","",IF($GD6="","",MIN(1,$GD6/5))) -> 0.6 | GF6: {=IF($D6="","",SUMPRODUCT(($CP$4:$FY$4="Att")*($CP$2:$FY$2<>"")*($CP6:$FY6<>"N-A")*($CP6:$FY6<>"")))} -> 0 | GG6: =IF($D6="","",COUNTIFS($CP$4:$FY$4,"Att",$CP6:$FY6,"Yes")) -> 0 | GH6: =IF($D6="","",IF($GF6=0,"",MIN(1,$GG6/$GF6))) | GI6: =IF($D6="","",SUMIF($CP$4:$FY$4,"Mins",$CP6:$FY6)) -> 0 | GJ6: =IF($D6="","",IF($GG6=0,"",$GI6/$GG6)) | GK6: =IF($D6="","",IF(COUNTIFS($CP$4:$FY$4,"Rating",$CP6:$FY6,">0")=0,"",SUMIF($CP$4:$FY$4,"Rating",$CP6:$FY6)/COUNTIFS($CP$4:$FY$4,"Rating",$CP6:$FY6,">0"))) -> 7.5 | GL6: =IF($D6="","",IF($GK6="","",MIN(1,$GK6/10))) -> 0.75 | GM6: =IF($D6="","",COUNTIFS($CP$4:$FY$4,"MOTM",$CP6:$FY6,"Yes")) -> 0 | GN6: =IF($D6="","",IF($GG6=0,(N($GC6)*$GA$2+N($GE6)*$GB$2)/MAX(0.0001,$GA$2+$GB$2),N($GC6)*$GA$2+N($GE6)*$GB$2+N($GH6)*$GC$2+N($GL6)*$GD$2)) -> 0.76666667 | GO6: =IF($D6="","",$D6) -> Stella McEvoy
C7: 3 | D7: Zara Power | E7: No | G7: No | I7: No | CR7: =IF($D7="","",IF(COUNTIFS('Match Day Reports'!$C$85:$C$102,$D7)=0,"",SUMIFS('Match Day Reports'!$I$85:$I$102,'Match Day Reports'!$C$85:$C$102,$D7))) | CS7: =IF($D7="","",IF($D7='Match Day Reports'!$H$82,"Yes","")) | CV7: =IF($D7="","",IF(COUNTIFS('Match Day Reports'!$C$112:$C$129,$D7)=0,"",SUMIFS('Match Day Reports'!$I$112:$I$129,'Match Day Reports'!$C$112:$C$129,$D7))) | CW7: =IF($D7="","",IF($D7='Match Day Reports'!$H$109,"Yes","")) | CZ7: =IF($D7="","",IF(COUNTIFS('Match Day Reports'!$C$139:$C$156,$D7)=0,"",SUMIFS('Match Day Reports'!$I$139:$I$156,'Match Day Reports'!$C$139:$C$156,$D7))) | DA7: =IF($D7="","",IF($D7='Match Day Reports'!$H$136,"Yes","")) | DD7: =IF($D7="","",IF(COUNTIFS('Match Day Reports'!$C$166:$C$183,$D7)=0,"",SUMIFS('Match Day Reports'!$I$166:$I$183,'Match Day Reports'!$C$166:$C$183,$D7))) | DE7: =IF($D7="","",IF($D7='Match Day Reports'!$H$163,"Yes","")) | DH7: =IF($D7="","",IF(COUNTIFS('Match Day Reports'!$C$193:$C$210,$D7)=0,"",SUMIFS('Match Day Reports'!$I$193:$I$210,'Match Day Reports'!$C$193:$C$210,$D7))) | DI7: =IF($D7="","",IF($D7='Match Day Reports'!$H$190,"Yes","")) | DL7: =IF($D7="","",IF(COUNTIFS('Match Day Reports'!$C$220:$C$237,$D7)=0,"",SUMIFS('Match Day Reports'!$I$220:$I$237,'Match Day Reports'!$C$220:$C$237,$D7))) | DM7: =IF($D7="","",IF($D7='Match Day Reports'!$H$217,"Yes","")) | DP7: =IF($D7="","",IF(COUNTIFS('Match Day Reports'!$C$247:$C$264,$D7)=0,"",SUMIFS('Match Day Reports'!$I$247:$I$264,'Match Day Reports'!$C$247:$C$264,$D7))) | DQ7: =IF($D7="","",IF($D7='Match Day Reports'!$H$244,"Yes","")) | DT7: =IF($D7="","",IF(COUNTIFS('Match Day Reports'!$C$274:$C$291,$D7)=0,"",SUMIFS('Match Day Reports'!$I$274:$I$291,'Match Day Reports'!$C$274:$C$291,$D7))) | DU7: =IF($D7="","",IF($D7='Match Day Reports'!$H$271,"Yes","")) | DX7: =IF($D7="","",IF(COUNTIFS('Match Day Reports'!$C$301:$C$318,$D7)=0,"",SUMIFS('Match Day Reports'!$I$301:$I$318,'Match Day Reports'!$C$301:$C$318,$D7))) | DY7: =IF($D7="","",IF($D7='Match Day Reports'!$H$298,"Yes","")) | EB7: =IF($D7="","",IF(COUNTIFS('Match Day Reports'!$C$328:$C$345,$D7)=0,"",SUMIFS('Match Day Reports'!$I$328:$I$345,'Match Day Reports'!$C$328:$C$345,$D7))) | EC7: =IF($D7="","",IF($D7='Match Day Reports'!$H$325,"Yes","")) | EF7: =IF($D7="","",IF(COUNTIFS('Match Day Reports'!$C$355:$C$372,$D7)=0,"",SUMIFS('Match Day Reports'!$I$355:$I$372,'Match Day Reports'!$C$355:$C$372,$D7))) | EG7: =IF($D7="","",IF($D7='Match Day Reports'!$H$352,"Yes","")) | EJ7: =IF($D7="","",IF(COUNTIFS('Match Day Reports'!$C$382:$C$399,$D7)=0,"",SUMIFS('Match Day Reports'!$I$382:$I$399,'Match Day Reports'!$C$382:$C$399,$D7))) | EK7: =IF($D7="","",IF($D7='Match Day Reports'!$H$379,"Yes","")) | EN7: =IF($D7="","",IF(COUNTIFS('Match Day Reports'!$C$409:$C$426,$D7)=0,"",SUMIFS('Match Day Reports'!$I$409:$I$426,'Match Day Reports'!$C$409:$C$426,$D7))) | EO7: =IF($D7="","",IF($D7='Match Day Reports'!$H$406,"Yes","")) | ER7: =IF($D7="","",IF(COUNTIFS('Match Day Reports'!$C$436:$C$453,$D7)=0,"",SUMIFS('Match Day Reports'!$I$436:$I$453,'Match Day Reports'!$C$436:$C$453,$D7))) | ES7: =IF($D7="","",IF($D7='Match Day Reports'!$H$433,"Yes","")) | EV7: =IF($D7="","",IF(COUNTIFS('Match Day Reports'!$C$463:$C$480,$D7)=0,"",SUMIFS('Match Day Reports'!$I$463:$I$480,'Match Day Reports'!$C$463:$C$480,$D7))) | EW7: =IF($D7="","",IF($D7='Match Day Reports'!$H$460,"Yes","")) | EZ7: =IF($D7="","",IF(COUNTIFS('Match Day Reports'!$C$490:$C$507,$D7)=0,"",SUMIFS('Match Day Reports'!$I$490:$I$507,'Match Day Reports'!$C$490:$C$507,$D7))) | FA7: =IF($D7="","",IF($D7='Match Day Reports'!$H$487,"Yes","")) | FD7: =IF($D7="","",IF(COUNTIFS('Match Day Reports'!$C$517:$C$534,$D7)=0,"",SUMIFS('Match Day Reports'!$I$517:$I$534,'Match Day Reports'!$C$517:$C$534,$D7))) | FE7: =IF($D7="","",IF($D7='Match Day Reports'!$H$514,"Yes","")) | FH7: =IF($D7="","",IF(COUNTIFS('Match Day Reports'!$C$544:$C$561,$D7)=0,"",SUMIFS('Match Day Reports'!$I$544:$I$561,'Match Day Reports'!$C$544:$C$561,$D7))) | FI7: =IF($D7="","",IF($D7='Match Day Reports'!$H$541,"Yes","")) | FL7: =IF($D7="","",IF(COUNTIFS('Match Day Reports'!$C$571:$C$588,$D7)=0,"",SUMIFS('Match Day Reports'!$I$571:$I$588,'Match Day Reports'!$C$571:$C$588,$D7))) | FM7: =IF($D7="","",IF($D7='Match Day Reports'!$H$568,"Yes","")) | FP7: =IF($D7="","",IF(COUNTIFS('Match Day Reports'!$C$598:$C$615,$D7)=0,"",SUMIFS('Match Day Reports'!$I$598:$I$615,'Match Day Reports'!$C$598:$C$615,$D7))) | FQ7: =IF($D7="","",IF($D7='Match Day Reports'!$H$595,"Yes","")) | FT7: =IF($D7="","",IF(COUNTIFS('Match Day Reports'!$C$625:$C$642,$D7)=0,"",SUMIFS('Match Day Reports'!$I$625:$I$642,'Match Day Reports'!$C$625:$C$642,$D7))) | FU7: =IF($D7="","",IF($D7='Match Day Reports'!$H$622,"Yes","")) | FX7: =IF($D7="","",IF(COUNTIFS('Match Day Reports'!$C$652:$C$669,$D7)=0,"",SUMIFS('Match Day Reports'!$I$652:$I$669,'Match Day Reports'!$C$652:$C$669,$D7))) | FY7: =IF($D7="","",IF($D7='Match Day Reports'!$H$649,"Yes","")) | GA7: =IF($D7="","",COUNTIFS($E$4:$CN$4,"Att",$E7:$CN7,"Yes")) -> 0 | GB7: {=IF($D7="","",SUMPRODUCT(($E$4:$CN$4="Att")*((($E$3:$CN$3<>"")+($E7:$CN7="Yes")+($E7:$CN7="No"))>0)))} -> 3 | GC7: =IF($D7="","",IF($GB7=0,"",MIN(1,$GA7/$GB7))) -> 0 | GD7: =IF($D7="","",IF(COUNTIFS($E$4:$CN$4,"WR",$E7:$CN7,">0")=0,"",SUMIF($E$4:$CN$4,"WR",$E7:$CN7)/COUNTIFS($E$4:$CN$4,"WR",$E7:$CN7,">0"))) | GE7: =IF($D7="","",IF($GD7="","",MIN(1,$GD7/5))) | GF7: {=IF($D7="","",SUMPRODUCT(($CP$4:$FY$4="Att")*($CP$2:$FY$2<>"")*($CP7:$FY7<>"N-A")*($CP7:$FY7<>"")))} -> 0 | GG7: =IF($D7="","",COUNTIFS($CP$4:$FY$4,"Att",$CP7:$FY7,"Yes")) -> 0 | GH7: =IF($D7="","",IF($GF7=0,"",MIN(1,$GG7/$GF7))) | GI7: =IF($D7="","",SUMIF($CP$4:$FY$4,"Mins",$CP7:$FY7)) -> 0 | GJ7: =IF($D7="","",IF($GG7=0,"",$GI7/$GG7)) | GK7: =IF($D7="","",IF(COUNTIFS($CP$4:$FY$4,"Rating",$CP7:$FY7,">0")=0,"",SUMIF($CP$4:$FY$4,"Rating",$CP7:$FY7)/COUNTIFS($CP$4:$FY$4,"Rating",$CP7:$FY7,">0"))) | GL7: =IF($D7="","",IF($GK7="","",MIN(1,$GK7/10))) | GM7: =IF($D7="","",COUNTIFS($CP$4:$FY$4,"MOTM",$CP7:$FY7,"Yes")) -> 0 | GN7: =IF($D7="","",IF($GG7=0,(N($GC7)*$GA$2+N($GE7)*$GB$2)/MAX(0.0001,$GA$2+$GB$2),N($GC7)*$GA$2+N($GE7)*$GB$2+N($GH7)*$GC$2+N($GL7)*$GD$2)) -> 0 | GO7: =IF($D7="","",$D7) -> Zara Power
C8: 4 | D8: Heidi Cerubini Dunne | E8: No | G8: No | I8: No | CR8: =IF($D8="","",IF(COUNTIFS('Match Day Reports'!$C$85:$C$102,$D8)=0,"",SUMIFS('Match Day Reports'!$I$85:$I$102,'Match Day Reports'!$C$85:$C$102,$D8))) | CS8: =IF($D8="","",IF($D8='Match Day Reports'!$H$82,"Yes","")) | CV8: =IF($D8="","",IF(COUNTIFS('Match Day Reports'!$C$112:$C$129,$D8)=0,"",SUMIFS('Match Day Reports'!$I$112:$I$129,'Match Day Reports'!$C$112:$C$129,$D8))) | CW8: =IF($D8="","",IF($D8='Match Day Reports'!$H$109,"Yes","")) | CZ8: =IF($D8="","",IF(COUNTIFS('Match Day Reports'!$C$139:$C$156,$D8)=0,"",SUMIFS('Match Day Reports'!$I$139:$I$156,'Match Day Reports'!$C$139:$C$156,$D8))) | DA8: =IF($D8="","",IF($D8='Match Day Reports'!$H$136,"Yes","")) | DD8: =IF($D8="","",IF(COUNTIFS('Match Day Reports'!$C$166:$C$183,$D8)=0,"",SUMIFS('Match Day Reports'!$I$166:$I$183,'Match Day Reports'!$C$166:$C$183,$D8))) | DE8: =IF($D8="","",IF($D8='Match Day Reports'!$H$163,"Yes","")) | DH8: =IF($D8="","",IF(COUNTIFS('Match Day Reports'!$C$193:$C$210,$D8)=0,"",SUMIFS('Match Day Reports'!$I$193:$I$210,'Match Day Reports'!$C$193:$C$210,$D8))) | DI8: =IF($D8="","",IF($D8='Match Day Reports'!$H$190,"Yes","")) | DL8: =IF($D8="","",IF(COUNTIFS('Match Day Reports'!$C$220:$C$237,$D8)=0,"",SUMIFS('Match Day Reports'!$I$220:$I$237,'Match Day Reports'!$C$220:$C$237,$D8))) | DM8: =IF($D8="","",IF($D8='Match Day Reports'!$H$217,"Yes","")) | DP8: =IF($D8="","",IF(COUNTIFS('Match Day Reports'!$C$247:$C$264,$D8)=0,"",SUMIFS('Match Day Reports'!$I$247:$I$264,'Match Day Reports'!$C$247:$C$264,$D8))) | DQ8: =IF($D8="","",IF($D8='Match Day Reports'!$H$244,"Yes","")) | DT8: =IF($D8="","",IF(COUNTIFS('Match Day Reports'!$C$274:$C$291,$D8)=0,"",SUMIFS('Match Day Reports'!$I$274:$I$291,'Match Day Reports'!$C$274:$C$291,$D8))) | DU8: =IF($D8="","",IF($D8='Match Day Reports'!$H$271,"Yes","")) | DX8: =IF($D8="","",IF(COUNTIFS('Match Day Reports'!$C$301:$C$318,$D8)=0,"",SUMIFS('Match Day Reports'!$I$301:$I$318,'Match Day Reports'!$C$301:$C$318,$D8))) | DY8: =IF($D8="","",IF($D8='Match Day Reports'!$H$298,"Yes","")) | EB8: =IF($D8="","",IF(COUNTIFS('Match Day Reports'!$C$328:$C$345,$D8)=0,"",SUMIFS('Match Day Reports'!$I$328:$I$345,'Match Day Reports'!$C$328:$C$345,$D8))) | EC8: =IF($D8="","",IF($D8='Match Day Reports'!$H$325,"Yes","")) | EF8: =IF($D8="","",IF(COUNTIFS('Match Day Reports'!$C$355:$C$372,$D8)=0,"",SUMIFS('Match Day Reports'!$I$355:$I$372,'Match Day Reports'!$C$355:$C$372,$D8))) | EG8: =IF($D8="","",IF($D8='Match Day Reports'!$H$352,"Yes","")) | EJ8: =IF($D8="","",IF(COUNTIFS('Match Day Reports'!$C$382:$C$399,$D8)=0,"",SUMIFS('Match Day Reports'!$I$382:$I$399,'Match Day Reports'!$C$382:$C$399,$D8))) | EK8: =IF($D8="","",IF($D8='Match Day Reports'!$H$379,"Yes","")) | EN8: =IF($D8="","",IF(COUNTIFS('Match Day Reports'!$C$409:$C$426,$D8)=0,"",SUMIFS('Match Day Reports'!$I$409:$I$426,'Match Day Reports'!$C$409:$C$426,$D8))) | EO8: =IF($D8="","",IF($D8='Match Day Reports'!$H$406,"Yes","")) | ER8: =IF($D8="","",IF(COUNTIFS('Match Day Reports'!$C$436:$C$453,$D8)=0,"",SUMIFS('Match Day Reports'!$I$436:$I$453,'Match Day Reports'!$C$436:$C$453,$D8))) | ES8: =IF($D8="","",IF($D8='Match Day Reports'!$H$433,"Yes","")) | EV8: =IF($D8="","",IF(COUNTIFS('Match Day Reports'!$C$463:$C$480,$D8)=0,"",SUMIFS('Match Day Reports'!$I$463:$I$480,'Match Day Reports'!$C$463:$C$480,$D8))) | EW8: =IF($D8="","",IF($D8='Match Day Reports'!$H$460,"Yes","")) | EZ8: =IF($D8="","",IF(COUNTIFS('Match Day Reports'!$C$490:$C$507,$D8)=0,"",SUMIFS('Match Day Reports'!$I$490:$I$507,'Match Day Reports'!$C$490:$C$507,$D8))) | FA8: =IF($D8="","",IF($D8='Match Day Reports'!$H$487,"Yes","")) | FD8: =IF($D8="","",IF(COUNTIFS('Match Day Reports'!$C$517:$C$534,$D8)=0,"",SUMIFS('Match Day Reports'!$I$517:$I$534,'Match Day Reports'!$C$517:$C$534,$D8))) | FE8: =IF($D8="","",IF($D8='Match Day Reports'!$H$514,"Yes","")) | FH8: =IF($D8="","",IF(COUNTIFS('Match Day Reports'!$C$544:$C$561,$D8)=0,"",SUMIFS('Match Day Reports'!$I$544:$I$561,'Match Day Reports'!$C$544:$C$561,$D8))) | FI8: =IF($D8="","",IF($D8='Match Day Reports'!$H$541,"Yes","")) | FL8: =IF($D8="","",IF(COUNTIFS('Match Day Reports'!$C$571:$C$588,$D8)=0,"",SUMIFS('Match Day Reports'!$I$571:$I$588,'Match Day Reports'!$C$571:$C$588,$D8))) | FM8: =IF($D8="","",IF($D8='Match Day Reports'!$H$568,"Yes","")) | FP8: =IF($D8="","",IF(COUNTIFS('Match Day Reports'!$C$598:$C$615,$D8)=0,"",SUMIFS('Match Day Reports'!$I$598:$I$615,'Match Day Reports'!$C$598:$C$615,$D8))) | FQ8: =IF($D8="","",IF($D8='Match Day Reports'!$H$595,"Yes","")) | FT8: =IF($D8="","",IF(COUNTIFS('Match Day Reports'!$C$625:$C$642,$D8)=0,"",SUMIFS('Match Day Reports'!$I$625:$I$642,'Match Day Reports'!$C$625:$C$642,$D8))) | FU8: =IF($D8="","",IF($D8='Match Day Reports'!$H$622,"Yes","")) | FX8: =IF($D8="","",IF(COUNTIFS('Match Day Reports'!$C$652:$C$669,$D8)=0,"",SUMIFS('Match Day Reports'!$I$652:$I$669,'Match Day Reports'!$C$652:$C$669,$D8))) | FY8: =IF($D8="","",IF($D8='Match Day Reports'!$H$649,"Yes","")) | GA8: =IF($D8="","",COUNTIFS($E$4:$CN$4,"Att",$E8:$CN8,"Yes")) -> 0 | GB8: {=IF($D8="","",SUMPRODUCT(($E$4:$CN$4="Att")*((($E$3:$CN$3<>"")+($E8:$CN8="Yes")+($E8:$CN8="No"))>0)))} -> 3 | GC8: =IF($D8="","",IF($GB8=0,"",MIN(1,$GA8/$GB8))) -> 0 | GD8: =IF($D8="","",IF(COUNTIFS($E$4:$CN$4,"WR",$E8:$CN8,">0")=0,"",SUMIF($E$4:$CN$4,"WR",$E8:$CN8)/COUNTIFS($E$4:$CN$4,"WR",$E8:$CN8,">0"))) | GE8: =IF($D8="","",IF($GD8="","",MIN(1,$GD8/5))) | GF8: {=IF($D8="","",SUMPRODUCT(($CP$4:$FY$4="Att")*($CP$2:$FY$2<>"")*($CP8:$FY8<>"N-A")*($CP8:$FY8<>"")))} -> 0 | GG8: =IF($D8="","",COUNTIFS($CP$4:$FY$4,"Att",$CP8:$FY8,"Yes")) -> 0 | GH8: =IF($D8="","",IF($GF8=0,"",MIN(1,$GG8/$GF8))) | GI8: =IF($D8="","",SUMIF($CP$4:$FY$4,"Mins",$CP8:$FY8)) -> 0 | GJ8: =IF($D8="","",IF($GG8=0,"",$GI8/$GG8)) | GK8: =IF($D8="","",IF(COUNTIFS($CP$4:$FY$4,"Rating",$CP8:$FY8,">0")=0,"",SUMIF($CP$4:$FY$4,"Rating",$CP8:$FY8)/COUNTIFS($CP$4:$FY$4,"Rating",$CP8:$FY8,">0"))) | GL8: =IF($D8="","",IF($GK8="","",MIN(1,$GK8/10))) | GM8: =IF($D8="","",COUNTIFS($CP$4:$FY$4,"MOTM",$CP8:$FY8,"Yes")) -> 0 | GN8: =IF($D8="","",IF($GG8=0,(N($GC8)*$GA$2+N($GE8)*$GB$2)/MAX(0.0001,$GA$2+$GB$2),N($GC8)*$GA$2+N($GE8)*$GB$2+N($GH8)*$GC$2+N($GL8)*$GD$2)) -> 0 | GO8: =IF($D8="","",$D8) -> Heidi Cerubini Dunne
C9: 5 | D9: Roisin Offenhausen | E9: Yes | F9: 3 | G9: Yes | H9: 3 | I9: Yes | J9: 5 | CR9: =IF($D9="","",IF(COUNTIFS('Match Day Reports'!$C$85:$C$102,$D9)=0,"",SUMIFS('Match Day Reports'!$I$85:$I$102,'Match Day Reports'!$C$85:$C$102,$D9))) -> 10 | CS9: =IF($D9="","",IF($D9='Match Day Reports'!$H$82,"Yes","")) -> Yes | CV9: =IF($D9="","",IF(COUNTIFS('Match Day Reports'!$C$112:$C$129,$D9)=0,"",SUMIFS('Match Day Reports'!$I$112:$I$129,'Match Day Reports'!$C$112:$C$129,$D9))) | CW9: =IF($D9="","",IF($D9='Match Day Reports'!$H$109,"Yes","")) | CZ9: =IF($D9="","",IF(COUNTIFS('Match Day Reports'!$C$139:$C$156,$D9)=0,"",SUMIFS('Match Day Reports'!$I$139:$I$156,'Match Day Reports'!$C$139:$C$156,$D9))) | DA9: =IF($D9="","",IF($D9='Match Day Reports'!$H$136,"Yes","")) | DD9: =IF($D9="","",IF(COUNTIFS('Match Day Reports'!$C$166:$C$183,$D9)=0,"",SUMIFS('Match Day Reports'!$I$166:$I$183,'Match Day Reports'!$C$166:$C$183,$D9))) | DE9: =IF($D9="","",IF($D9='Match Day Reports'!$H$163,"Yes","")) | DH9: =IF($D9="","",IF(COUNTIFS('Match Day Reports'!$C$193:$C$210,$D9)=0,"",SUMIFS('Match Day Reports'!$I$193:$I$210,'Match Day Reports'!$C$193:$C$210,$D9))) | DI9: =IF($D9="","",IF($D9='Match Day Reports'!$H$190,"Yes","")) | DL9: =IF($D9="","",IF(COUNTIFS('Match Day Reports'!$C$220:$C$237,$D9)=0,"",SUMIFS('Match Day Reports'!$I$220:$I$237,'Match Day Reports'!$C$220:$C$237,$D9))) | DM9: =IF($D9="","",IF($D9='Match Day Reports'!$H$217,"Yes","")) | DP9: =IF($D9="","",IF(COUNTIFS('Match Day Reports'!$C$247:$C$264,$D9)=0,"",SUMIFS('Match Day Reports'!$I$247:$I$264,'Match Day Reports'!$C$247:$C$264,$D9))) | DQ9: =IF($D9="","",IF($D9='Match Day Reports'!$H$244,"Yes","")) | DT9: =IF($D9="","",IF(COUNTIFS('Match Day Reports'!$C$274:$C$291,$D9)=0,"",SUMIFS('Match Day Reports'!$I$274:$I$291,'Match Day Reports'!$C$274:$C$291,$D9))) | DU9: =IF($D9="","",IF($D9='Match Day Reports'!$H$271,"Yes","")) | DX9: =IF($D9="","",IF(COUNTIFS('Match Day Reports'!$C$301:$C$318,$D9)=0,"",SUMIFS('Match Day Reports'!$I$301:$I$318,'Match Day Reports'!$C$301:$C$318,$D9))) | DY9: =IF($D9="","",IF($D9='Match Day Reports'!$H$298,"Yes","")) | EB9: =IF($D9="","",IF(COUNTIFS('Match Day Reports'!$C$328:$C$345,$D9)=0,"",SUMIFS('Match Day Reports'!$I$328:$I$345,'Match Day Reports'!$C$328:$C$345,$D9))) | EC9: =IF($D9="","",IF($D9='Match Day Reports'!$H$325,"Yes","")) | EF9: =IF($D9="","",IF(COUNTIFS('Match Day Reports'!$C$355:$C$372,$D9)=0,"",SUMIFS('Match Day Reports'!$I$355:$I$372,'Match Day Reports'!$C$355:$C$372,$D9))) | EG9: =IF($D9="","",IF($D9='Match Day Reports'!$H$352,"Yes","")) | EJ9: =IF($D9="","",IF(COUNTIFS('Match Day Reports'!$C$382:$C$399,$D9)=0,"",SUMIFS('Match Day Reports'!$I$382:$I$399,'Match Day Reports'!$C$382:$C$399,$D9))) | EK9: =IF($D9="","",IF($D9='Match Day Reports'!$H$379,"Yes","")) | EN9: =IF($D9="","",IF(COUNTIFS('Match Day Reports'!$C$409:$C$426,$D9)=0,"",SUMIFS('Match Day Reports'!$I$409:$I$426,'Match Day Reports'!$C$409:$C$426,$D9))) | EO9: =IF($D9="","",IF($D9='Match Day Reports'!$H$406,"Yes","")) | ER9: =IF($D9="","",IF(COUNTIFS('Match Day Reports'!$C$436:$C$453,$D9)=0,"",SUMIFS('Match Day Reports'!$I$436:$I$453,'Match Day Reports'!$C$436:$C$453,$D9))) | ES9: =IF($D9="","",IF($D9='Match Day Reports'!$H$433,"Yes","")) | EV9: =IF($D9="","",IF(COUNTIFS('Match Day Reports'!$C$463:$C$480,$D9)=0,"",SUMIFS('Match Day Reports'!$I$463:$I$480,'Match Day Reports'!$C$463:$C$480,$D9))) | EW9: =IF($D9="","",IF($D9='Match Day Reports'!$H$460,"Yes","")) | EZ9: =IF($D9="","",IF(COUNTIFS('Match Day Reports'!$C$490:$C$507,$D9)=0,"",SUMIFS('Match Day Reports'!$I$490:$I$507,'Match Day Reports'!$C$490:$C$507,$D9))) | FA9: =IF($D9="","",IF($D9='Match Day Reports'!$H$487,"Yes","")) | FD9: =IF($D9="","",IF(COUNTIFS('Match Day Reports'!$C$517:$C$534,$D9)=0,"",SUMIFS('Match Day Reports'!$I$517:$I$534,'Match Day Reports'!$C$517:$C$534,$D9))) | FE9: =IF($D9="","",IF($D9='Match Day Reports'!$H$514,"Yes","")) | FH9: =IF($D9="","",IF(COUNTIFS('Match Day Reports'!$C$544:$C$561,$D9)=0,"",SUMIFS('Match Day Reports'!$I$544:$I$561,'Match Day Reports'!$C$544:$C$561,$D9))) | FI9: =IF($D9="","",IF($D9='Match Day Reports'!$H$541,"Yes","")) | FL9: =IF($D9="","",IF(COUNTIFS('Match Day Reports'!$C$571:$C$588,$D9)=0,"",SUMIFS('Match Day Reports'!$I$571:$I$588,'Match Day Reports'!$C$571:$C$588,$D9))) | FM9: =IF($D9="","",IF($D9='Match Day Reports'!$H$568,"Yes","")) | FP9: =IF($D9="","",IF(COUNTIFS('Match Day Reports'!$C$598:$C$615,$D9)=0,"",SUMIFS('Match Day Reports'!$I$598:$I$615,'Match Day Reports'!$C$598:$C$615,$D9))) | FQ9: =IF($D9="","",IF($D9='Match Day Reports'!$H$595,"Yes","")) | FT9: =IF($D9="","",IF(COUNTIFS('Match Day Reports'!$C$625:$C$642,$D9)=0,"",SUMIFS('Match Day Reports'!$I$625:$I$642,'Match Day Reports'!$C$625:$C$642,$D9))) | FU9: =IF($D9="","",IF($D9='Match Day Reports'!$H$622,"Yes","")) | FX9: =IF($D9="","",IF(COUNTIFS('Match Day Reports'!$C$652:$C$669,$D9)=0,"",SUMIFS('Match Day Reports'!$I$652:$I$669,'Match Day Reports'!$C$652:$C$669,$D9))) | FY9: =IF($D9="","",IF($D9='Match Day Reports'!$H$649,"Yes","")) | GA9: =IF($D9="","",COUNTIFS($E$4:$CN$4,"Att",$E9:$CN9,"Yes")) -> 3 | GB9: {=IF($D9="","",SUMPRODUCT(($E$4:$CN$4="Att")*((($E$3:$CN$3<>"")+($E9:$CN9="Yes")+($E9:$CN9="No"))>0)))} -> 3 | GC9: =IF($D9="","",IF($GB9=0,"",MIN(1,$GA9/$GB9))) -> 1 | GD9: =IF($D9="","",IF(COUNTIFS($E$4:$CN$4,"WR",$E9:$CN9,">0")=0,"",SUMIF($E$4:$CN$4,"WR",$E9:$CN9)/COUNTIFS($E$4:$CN$4,"WR",$E9:$CN9,">0"))) -> 3.6666667 | GE9: =IF($D9="","",IF($GD9="","",MIN(1,$GD9/5))) -> 0.73333333 | GF9: {=IF($D9="","",SUMPRODUCT(($CP$4:$FY$4="Att")*($CP$2:$FY$2<>"")*($CP9:$FY9<>"N-A")*($CP9:$FY9<>"")))} -> 0 | GG9: =IF($D9="","",COUNTIFS($CP$4:$FY$4,"Att",$CP9:$FY9,"Yes")) -> 0 | GH9: =IF($D9="","",IF($GF9=0,"",MIN(1,$GG9/$GF9))) | GI9: =IF($D9="","",SUMIF($CP$4:$FY$4,"Mins",$CP9:$FY9)) -> 0 | GJ9: =IF($D9="","",IF($GG9=0,"",$GI9/$GG9)) | GK9: =IF($D9="","",IF(COUNTIFS($CP$4:$FY$4,"Rating",$CP9:$FY9,">0")=0,"",SUMIF($CP$4:$FY$4,"Rating",$CP9:$FY9)/COUNTIFS($CP$4:$FY$4,"Rating",$CP9:$FY9,">0"))) -> 10 | GL9: =IF($D9="","",IF($GK9="","",MIN(1,$GK9/10))) -> 1 | GM9: =IF($D9="","",COUNTIFS($CP$4:$FY$4,"MOTM",$CP9:$FY9,"Yes")) -> 1 | GN9: =IF($D9="","",IF($GG9=0,(N($GC9)*$GA$2+N($GE9)*$GB$2)/MAX(0.0001,$GA$2+$GB$2),N($GC9)*$GA$2+N($GE9)*$GB$2+N($GH9)*$GC$2+N($GL9)*$GD$2)) -> 0.84444444 | GO9: =IF($D9="","",$D9) -> Roisin Offenhausen
C10: 6 | D10: Naomi Adewoyin | E10: Yes | F10: 3 | G10: Yes | H10: 3 | I10: Yes | J10: 3 | CR10: =IF($D10="","",IF(COUNTIFS('Match Day Reports'!$C$85:$C$102,$D10)=0,"",SUMIFS('Match Day Reports'!$I$85:$I$102,'Match Day Reports'!$C$85:$C$102,$D10))) -> 7.5 | CS10: =IF($D10="","",IF($D10='Match Day Reports'!$H$82,"Yes","")) | CV10: =IF($D10="","",IF(COUNTIFS('Match Day Reports'!$C$112:$C$129,$D10)=0,"",SUMIFS('Match Day Reports'!$I$112:$I$129,'Match Day Reports'!$C$112:$C$129,$D10))) | CW10: =IF($D10="","",IF($D10='Match Day Reports'!$H$109,"Yes","")) | CZ10: =IF($D10="","",IF(COUNTIFS('Match Day Reports'!$C$139:$C$156,$D10)=0,"",SUMIFS('Match Day Reports'!$I$139:$I$156,'Match Day Reports'!$C$139:$C$156,$D10))) | DA10: =IF($D10="","",IF($D10='Match Day Reports'!$H$136,"Yes","")) | DD10: =IF($D10="","",IF(COUNTIFS('Match Day Reports'!$C$166:$C$183,$D10)=0,"",SUMIFS('Match Day Reports'!$I$166:$I$183,'Match Day Reports'!$C$166:$C$183,$D10))) | DE10: =IF($D10="","",IF($D10='Match Day Reports'!$H$163,"Yes","")) | DH10: =IF($D10="","",IF(COUNTIFS('Match Day Reports'!$C$193:$C$210,$D10)=0,"",SUMIFS('Match Day Reports'!$I$193:$I$210,'Match Day Reports'!$C$193:$C$210,$D10))) | DI10: =IF($D10="","",IF($D10='Match Day Reports'!$H$190,"Yes","")) | DL10: =IF($D10="","",IF(COUNTIFS('Match Day Reports'!$C$220:$C$237,$D10)=0,"",SUMIFS('Match Day Reports'!$I$220:$I$237,'Match Day Reports'!$C$220:$C$237,$D10))) | DM10: =IF($D10="","",IF($D10='Match Day Reports'!$H$217,"Yes","")) | DP10: =IF($D10="","",IF(COUNTIFS('Match Day Reports'!$C$247:$C$264,$D10)=0,"",SUMIFS('Match Day Reports'!$I$247:$I$264,'Match Day Reports'!$C$247:$C$264,$D10))) | DQ10: =IF($D10="","",IF($D10='Match Day Reports'!$H$244,"Yes","")) | DT10: =IF($D10="","",IF(COUNTIFS('Match Day Reports'!$C$274:$C$291,$D10)=0,"",SUMIFS('Match Day Reports'!$I$274:$I$291,'Match Day Reports'!$C$274:$C$291,$D10))) | DU10: =IF($D10="","",IF($D10='Match Day Reports'!$H$271,"Yes","")) | DX10: =IF($D10="","",IF(COUNTIFS('Match Day Reports'!$C$301:$C$318,$D10)=0,"",SUMIFS('Match Day Reports'!$I$301:$I$318,'Match Day Reports'!$C$301:$C$318,$D10))) | DY10: =IF($D10="","",IF($D10='Match Day Reports'!$H$298,"Yes","")) | EB10: =IF($D10="","",IF(COUNTIFS('Match Day Reports'!$C$328:$C$345,$D10)=0,"",SUMIFS('Match Day Reports'!$I$328:$I$345,'Match Day Reports'!$C$328:$C$345,$D10))) | EC10: =IF($D10="","",IF($D10='Match Day Reports'!$H$325,"Yes","")) | EF10: =IF($D10="","",IF(COUNTIFS('Match Day Reports'!$C$355:$C$372,$D10)=0,"",SUMIFS('Match Day Reports'!$I$355:$I$372,'Match Day Reports'!$C$355:$C$372,$D10))) | EG10: =IF($D10="","",IF($D10='Match Day Reports'!$H$352,"Yes","")) | EJ10: =IF($D10="","",IF(COUNTIFS('Match Day Reports'!$C$382:$C$399,$D10)=0,"",SUMIFS('Match Day Reports'!$I$382:$I$399,'Match Day Reports'!$C$382:$C$399,$D10))) | EK10: =IF($D10="","",IF($D10='Match Day Reports'!$H$379,"Yes","")) | EN10: =IF($D10="","",IF(COUNTIFS('Match Day Reports'!$C$409:$C$426,$D10)=0,"",SUMIFS('Match Day Reports'!$I$409:$I$426,'Match Day Reports'!$C$409:$C$426,$D10))) | EO10: =IF($D10="","",IF($D10='Match Day Reports'!$H$406,"Yes","")) | ER10: =IF($D10="","",IF(COUNTIFS('Match Day Reports'!$C$436:$C$453,$D10)=0,"",SUMIFS('Match Day Reports'!$I$436:$I$453,'Match Day Reports'!$C$436:$C$453,$D10))) | ES10: =IF($D10="","",IF($D10='Match Day Reports'!$H$433,"Yes","")) | EV10: =IF($D10="","",IF(COUNTIFS('Match Day Reports'!$C$463:$C$480,$D10)=0,"",SUMIFS('Match Day Reports'!$I$463:$I$480,'Match Day Reports'!$C$463:$C$480,$D10))) | EW10: =IF($D10="","",IF($D10='Match Day Reports'!$H$460,"Yes","")) | EZ10: =IF($D10="","",IF(COUNTIFS('Match Day Reports'!$C$490:$C$507,$D10)=0,"",SUMIFS('Match Day Reports'!$I$490:$I$507,'Match Day Reports'!$C$490:$C$507,$D10))) | FA10: =IF($D10="","",IF($D10='Match Day Reports'!$H$487,"Yes","")) | FD10: =IF($D10="","",IF(COUNTIFS('Match Day Reports'!$C$517:$C$534,$D10)=0,"",SUMIFS('Match Day Reports'!$I$517:$I$534,'Match Day Reports'!$C$517:$C$534,$D10))) | FE10: =IF($D10="","",IF($D10='Match Day Reports'!$H$514,"Yes","")) | FH10: =IF($D10="","",IF(COUNTIFS('Match Day Reports'!$C$544:$C$561,$D10)=0,"",SUMIFS('Match Day Reports'!$I$544:$I$561,'Match Day Reports'!$C$544:$C$561,$D10))) | FI10: =IF($D10="","",IF($D10='Match Day Reports'!$H$541,"Yes","")) | FL10: =IF($D10="","",IF(COUNTIFS('Match Day Reports'!$C$571:$C$588,$D10)=0,"",SUMIFS('Match Day Reports'!$I$571:$I$588,'Match Day Reports'!$C$571:$C$588,$D10))) | FM10: =IF($D10="","",IF($D10='Match Day Reports'!$H$568,"Yes","")) | FP10: =IF($D10="","",IF(COUNTIFS('Match Day Reports'!$C$598:$C$615,$D10)=0,"",SUMIFS('Match Day Reports'!$I$598:$I$615,'Match Day Reports'!$C$598:$C$615,$D10))) | FQ10: =IF($D10="","",IF($D10='Match Day Reports'!$H$595,"Yes","")) | FT10: =IF($D10="","",IF(COUNTIFS('Match Day Reports'!$C$625:$C$642,$D10)=0,"",SUMIFS('Match Day Reports'!$I$625:$I$642,'Match Day Reports'!$C$625:$C$642,$D10))) | FU10: =IF($D10="","",IF($D10='Match Day Reports'!$H$622,"Yes","")) | FX10: =IF($D10="","",IF(COUNTIFS('Match Day Reports'!$C$652:$C$669,$D10)=0,"",SUMIFS('Match Day Reports'!$I$652:$I$669,'Match Day Reports'!$C$652:$C$669,$D10))) | FY10: =IF($D10="","",IF($D10='Match Day Reports'!$H$649,"Yes","")) | GA10: =IF($D10="","",COUNTIFS($E$4:$CN$4,"Att",$E10:$CN10,"Yes")) -> 3 | GB10: {=IF($D10="","",SUMPRODUCT(($E$4:$CN$4="Att")*((($E$3:$CN$3<>"")+($E10:$CN10="Yes")+($E10:$CN10="No"))>0)))} -> 3 | GC10: =IF($D10="","",IF($GB10=0,"",MIN(1,$GA10/$GB10))) -> 1 | GD10: =IF($D10="","",IF(COUNTIFS($E$4:$CN$4,"WR",$E10:$CN10,">0")=0,"",SUMIF($E$4:$CN$4,"WR",$E10:$CN10)/COUNTIFS($E$4:$CN$4,"WR",$E10:$CN10,">0"))) -> 3 | GE10: =IF($D10="","",IF($GD10="","",MIN(1,$GD10/5))) -> 0.6 | GF10: {=IF($D10="","",SUMPRODUCT(($CP$4:$FY$4="Att")*($CP$2:$FY$2<>"")*($CP10:$FY10<>"N-A")*($CP10:$FY10<>"")))} -> 0 | GG10: =IF($D10="","",COUNTIFS($CP$4:$FY$4,"Att",$CP10:$FY10,"Yes")) -> 0 | GH10: =IF($D10="","",IF($GF10=0,"",MIN(1,$GG10/$GF10))) | GI10: =IF($D10="","",SUMIF($CP$4:$FY$4,"Mins",$CP10:$FY10)) -> 0 | GJ10: =IF($D10="","",IF($GG10=0,"",$GI10/$GG10)) | GK10: =IF($D10="","",IF(COUNTIFS($CP$4:$FY$4,"Rating",$CP10:$FY10,">0")=0,"",SUMIF($CP$4:$FY$4,"Rating",$CP10:$FY10)/COUNTIFS($CP$4:$FY$4,"Rating",$CP10:$FY10,">0"))) -> 7.5 | GL10: =IF($D10="","",IF($GK10="","",MIN(1,$GK10/10))) -> 0.75 | GM10: =IF($D10="","",COUNTIFS($CP$4:$FY$4,"MOTM",$CP10:$FY10,"Yes")) -> 0 | GN10: =IF($D10="","",IF($GG10=0,(N($GC10)*$GA$2+N($GE10)*$GB$2)/MAX(0.0001,$GA$2+$GB$2),N($GC10)*$GA$2+N($GE10)*$GB$2+N($GH10)*$GC$2+N($GL10)*$GD$2)) -> 0.76666667 | GO10: =IF($D10="","",$D10) -> Naomi Adewoyin
C11: 7 | D11: Amber Kilalee | E11: Yes | F11: 3 | G11: Yes | H11: 3 | I11: Yes | J11: 3 | CR11: =IF($D11="","",IF(COUNTIFS('Match Day Reports'!$C$85:$C$102,$D11)=0,"",SUMIFS('Match Day Reports'!$I$85:$I$102,'Match Day Reports'!$C$85:$C$102,$D11))) -> 7.5 | CS11: =IF($D11="","",IF($D11='Match Day Reports'!$H$82,"Yes","")) | CV11: =IF($D11="","",IF(COUNTIFS('Match Day Reports'!$C$112:$C$129,$D11)=0,"",SUMIFS('Match Day Reports'!$I$112:$I$129,'Match Day Reports'!$C$112:$C$129,$D11))) | CW11: =IF($D11="","",IF($D11='Match Day Reports'!$H$109,"Yes","")) | CZ11: =IF($D11="","",IF(COUNTIFS('Match Day Reports'!$C$139:$C$156,$D11)=0,"",SUMIFS('Match Day Reports'!$I$139:$I$156,'Match Day Reports'!$C$139:$C$156,$D11))) | DA11: =IF($D11="","",IF($D11='Match Day Reports'!$H$136,"Yes","")) | DD11: =IF($D11="","",IF(COUNTIFS('Match Day Reports'!$C$166:$C$183,$D11)=0,"",SUMIFS('Match Day Reports'!$I$166:$I$183,'Match Day Reports'!$C$166:$C$183,$D11))) | DE11: =IF($D11="","",IF($D11='Match Day Reports'!$H$163,"Yes","")) | DH11: =IF($D11="","",IF(COUNTIFS('Match Day Reports'!$C$193:$C$210,$D11)=0,"",SUMIFS('Match Day Reports'!$I$193:$I$210,'Match Day Reports'!$C$193:$C$210,$D11))) | DI11: =IF($D11="","",IF($D11='Match Day Reports'!$H$190,"Yes","")) | DL11: =IF($D11="","",IF(COUNTIFS('Match Day Reports'!$C$220:$C$237,$D11)=0,"",SUMIFS('Match Day Reports'!$I$220:$I$237,'Match Day Reports'!$C$220:$C$237,$D11))) | DM11: =IF($D11="","",IF($D11='Match Day Reports'!$H$217,"Yes","")) | DP11: =IF($D11="","",IF(COUNTIFS('Match Day Reports'!$C$247:$C$264,$D11)=0,"",SUMIFS('Match Day Reports'!$I$247:$I$264,'Match Day Reports'!$C$247:$C$264,$D11))) | DQ11: =IF($D11="","",IF($D11='Match Day Reports'!$H$244,"Yes","")) | DT11: =IF($D11="","",IF(COUNTIFS('Match Day Reports'!$C$274:$C$291,$D11)=0,"",SUMIFS('Match Day Reports'!$I$274:$I$291,'Match Day Reports'!$C$274:$C$291,$D11))) | DU11: =IF($D11="","",IF($D11='Match Day Reports'!$H$271,"Yes","")) | DX11: =IF($D11="","",IF(COUNTIFS('Match Day Reports'!$C$301:$C$318,$D11)=0,"",SUMIFS('Match Day Reports'!$I$301:$I$318,'Match Day Reports'!$C$301:$C$318,$D11))) | DY11: =IF($D11="","",IF($D11='Match Day Reports'!$H$298,"Yes","")) | EB11: =IF($D11="","",IF(COUNTIFS('Match Day Reports'!$C$328:$C$345,$D11)=0,"",SUMIFS('Match Day Reports'!$I$328:$I$345,'Match Day Reports'!$C$328:$C$345,$D11))) | EC11: =IF($D11="","",IF($D11='Match Day Reports'!$H$325,"Yes","")) | EF11: =IF($D11="","",IF(COUNTIFS('Match Day Reports'!$C$355:$C$372,$D11)=0,"",SUMIFS('Match Day Reports'!$I$355:$I$372,'Match Day Reports'!$C$355:$C$372,$D11))) | EG11: =IF($D11="","",IF($D11='Match Day Reports'!$H$352,"Yes","")) | EJ11: =IF($D11="","",IF(COUNTIFS('Match Day Reports'!$C$382:$C$399,$D11)=0,"",SUMIFS('Match Day Reports'!$I$382:$I$399,'Match Day Reports'!$C$382:$C$399,$D11))) | EK11: =IF($D11="","",IF($D11='Match Day Reports'!$H$379,"Yes","")) | EN11: =IF($D11="","",IF(COUNTIFS('Match Day Reports'!$C$409:$C$426,$D11)=0,"",SUMIFS('Match Day Reports'!$I$409:$I$426,'Match Day Reports'!$C$409:$C$426,$D11))) | EO11: =IF($D11="","",IF($D11='Match Day Reports'!$H$406,"Yes","")) | ER11: =IF($D11="","",IF(COUNTIFS('Match Day Reports'!$C$436:$C$453,$D11)=0,"",SUMIFS('Match Day Reports'!$I$436:$I$453,'Match Day Reports'!$C$436:$C$453,$D11))) | ES11: =IF($D11="","",IF($D11='Match Day Reports'!$H$433,"Yes","")) | EV11: =IF($D11="","",IF(COUNTIFS('Match Day Reports'!$C$463:$C$480,$D11)=0,"",SUMIFS('Match Day Reports'!$I$463:$I$480,'Match Day Reports'!$C$463:$C$480,$D11))) | EW11: =IF($D11="","",IF($D11='Match Day Reports'!$H$460,"Yes","")) | EZ11: =IF($D11="","",IF(COUNTIFS('Match Day Reports'!$C$490:$C$507,$D11)=0,"",SUMIFS('Match Day Reports'!$I$490:$I$507,'Match Day Reports'!$C$490:$C$507,$D11))) | FA11: =IF($D11="","",IF($D11='Match Day Reports'!$H$487,"Yes","")) | FD11: =IF($D11="","",IF(COUNTIFS('Match Day Reports'!$C$517:$C$534,$D11)=0,"",SUMIFS('Match Day Reports'!$I$517:$I$534,'Match Day Reports'!$C$517:$C$534,$D11))) | FE11: =IF($D11="","",IF($D11='Match Day Reports'!$H$514,"Yes","")) | FH11: =IF($D11="","",IF(COUNTIFS('Match Day Reports'!$C$544:$C$561,$D11)=0,"",SUMIFS('Match Day Reports'!$I$544:$I$561,'Match Day Reports'!$C$544:$C$561,$D11))) | FI11: =IF($D11="","",IF($D11='Match Day Reports'!$H$541,"Yes","")) | FL11: =IF($D11="","",IF(COUNTIFS('Match Day Reports'!$C$571:$C$588,$D11)=0,"",SUMIFS('Match Day Reports'!$I$571:$I$588,'Match Day Reports'!$C$571:$C$588,$D11))) | FM11: =IF($D11="","",IF($D11='Match Day Reports'!$H$568,"Yes","")) | FP11: =IF($D11="","",IF(COUNTIFS('Match Day Reports'!$C$598:$C$615,$D11)=0,"",SUMIFS('Match Day Reports'!$I$598:$I$615,'Match Day Reports'!$C$598:$C$615,$D11))) | FQ11: =IF($D11="","",IF($D11='Match Day Reports'!$H$595,"Yes","")) | FT11: =IF($D11="","",IF(COUNTIFS('Match Day Reports'!$C$625:$C$642,$D11)=0,"",SUMIFS('Match Day Reports'!$I$625:$I$642,'Match Day Reports'!$C$625:$C$642,$D11))) | FU11: =IF($D11="","",IF($D11='Match Day Reports'!$H$622,"Yes","")) | FX11: =IF($D11="","",IF(COUNTIFS('Match Day Reports'!$C$652:$C$669,$D11)=0,"",SUMIFS('Match Day Reports'!$I$652:$I$669,'Match Day Reports'!$C$652:$C$669,$D11))) | FY11: =IF($D11="","",IF($D11='Match Day Reports'!$H$649,"Yes","")) | GA11: =IF($D11="","",COUNTIFS($E$4:$CN$4,"Att",$E11:$CN11,"Yes")) -> 3 | GB11: {=IF($D11="","",SUMPRODUCT(($E$4:$CN$4="Att")*((($E$3:$CN$3<>"")+($E11:$CN11="Yes")+($E11:$CN11="No"))>0)))} -> 3 | GC11: =IF($D11="","",IF($GB11=0,"",MIN(1,$GA11/$GB11))) -> 1 | GD11: =IF($D11="","",IF(COUNTIFS($E$4:$CN$4,"WR",$E11:$CN11,">0")=0,"",SUMIF($E$4:$CN$4,"WR",$E11:$CN11)/COUNTIFS($E$4:$CN$4,"WR",$E11:$CN11,">0"))) -> 3 | GE11: =IF($D11="","",IF($GD11="","",MIN(1,$GD11/5))) -> 0.6 | GF11: {=IF($D11="","",SUMPRODUCT(($CP$4:$FY$4="Att")*($CP$2:$FY$2<>"")*($CP11:$FY11<>"N-A")*($CP11:$FY11<>"")))} -> 0 | GG11: =IF($D11="","",COUNTIFS($CP$4:$FY$4,"Att",$CP11:$FY11,"Yes")) -> 0 | GH11: =IF($D11="","",IF($GF11=0,"",MIN(1,$GG11/$GF11))) | GI11: =IF($D11="","",SUMIF($CP$4:$FY$4,"Mins",$CP11:$FY11)) -> 0 | GJ11: =IF($D11="","",IF($GG11=0,"",$GI11/$GG11)) | GK11: =IF($D11="","",IF(COUNTIFS($CP$4:$FY$4,"Rating",$CP11:$FY11,">0")=0,"",SUMIF($CP$4:$FY$4,"Rating",$CP11:$FY11)/COUNTIFS($CP$4:$FY$4,"Rating",$CP11:$FY11,">0"))) -> 7.5 | GL11: =IF($D11="","",IF($GK11="","",MIN(1,$GK11/10))) -> 0.75 | GM11: =IF($D11="","",COUNTIFS($CP$4:$FY$4,"MOTM",$CP11:$FY11,"Yes")) -> 0 | GN11: =IF($D11="","",IF($GG11=0,(N($GC11)*$GA$2+N($GE11)*$GB$2)/MAX(0.0001,$GA$2+$GB$2),N($GC11)*$GA$2+N($GE11)*$GB$2+N($GH11)*$GC$2+N($GL11)*$GD$2)) -> 0.76666667 | GO11: =IF($D11="","",$D11) -> Amber Kilalee
C12: 8 | D12: Shauna Kavanagh | E12: Yes | F12: 2 | G12: Yes | H12: 3 | I12: Yes | J12: 3 | CR12: =IF($D12="","",IF(COUNTIFS('Match Day Reports'!$C$85:$C$102,$D12)=0,"",SUMIFS('Match Day Reports'!$I$85:$I$102,'Match Day Reports'!$C$85:$C$102,$D12))) -> 7.5 | CS12: =IF($D12="","",IF($D12='Match Day Reports'!$H$82,"Yes","")) | CV12: =IF($D12="","",IF(COUNTIFS('Match Day Reports'!$C$112:$C$129,$D12)=0,"",SUMIFS('Match Day Reports'!$I$112:$I$129,'Match Day Reports'!$C$112:$C$129,$D12))) | CW12: =IF($D12="","",IF($D12='Match Day Reports'!$H$109,"Yes","")) | CZ12: =IF($D12="","",IF(COUNTIFS('Match Day Reports'!$C$139:$C$156,$D12)=0,"",SUMIFS('Match Day Reports'!$I$139:$I$156,'Match Day Reports'!$C$139:$C$156,$D12))) | DA12: =IF($D12="","",IF($D12='Match Day Reports'!$H$136,"Yes","")) | DD12: =IF($D12="","",IF(COUNTIFS('Match Day Reports'!$C$166:$C$183,$D12)=0,"",SUMIFS('Match Day Reports'!$I$166:$I$183,'Match Day Reports'!$C$166:$C$183,$D12))) | DE12: =IF($D12="","",IF($D12='Match Day Reports'!$H$163,"Yes","")) | DH12: =IF($D12="","",IF(COUNTIFS('Match Day Reports'!$C$193:$C$210,$D12)=0,"",SUMIFS('Match Day Reports'!$I$193:$I$210,'Match Day Reports'!$C$193:$C$210,$D12))) | DI12: =IF($D12="","",IF($D12='Match Day Reports'!$H$190,"Yes","")) | DL12: =IF($D12="","",IF(COUNTIFS('Match Day Reports'!$C$220:$C$237,$D12)=0,"",SUMIFS('Match Day Reports'!$I$220:$I$237,'Match Day Reports'!$C$220:$C$237,$D12))) | DM12: =IF($D12="","",IF($D12='Match Day Reports'!$H$217,"Yes","")) | DP12: =IF($D12="","",IF(COUNTIFS('Match Day Reports'!$C$247:$C$264,$D12)=0,"",SUMIFS('Match Day Reports'!$I$247:$I$264,'Match Day Reports'!$C$247:$C$264,$D12))) | DQ12: =IF($D12="","",IF($D12='Match Day Reports'!$H$244,"Yes","")) | DT12: =IF($D12="","",IF(COUNTIFS('Match Day Reports'!$C$274:$C$291,$D12)=0,"",SUMIFS('Match Day Reports'!$I$274:$I$291,'Match Day Reports'!$C$274:$C$291,$D12))) | DU12: =IF($D12="","",IF($D12='Match Day Reports'!$H$271,"Yes","")) | DX12: =IF($D12="","",IF(COUNTIFS('Match Day Reports'!$C$301:$C$318,$D12)=0,"",SUMIFS('Match Day Reports'!$I$301:$I$318,'Match Day Reports'!$C$301:$C$318,$D12))) | DY12: =IF($D12="","",IF($D12='Match Day Reports'!$H$298,"Yes","")) | EB12: =IF($D12="","",IF(COUNTIFS('Match Day Reports'!$C$328:$C$345,$D12)=0,"",SUMIFS('Match Day Reports'!$I$328:$I$345,'Match Day Reports'!$C$328:$C$345,$D12))) | EC12: =IF($D12="","",IF($D12='Match Day Reports'!$H$325,"Yes","")) | EF12: =IF($D12="","",IF(COUNTIFS('Match Day Reports'!$C$355:$C$372,$D12)=0,"",SUMIFS('Match Day Reports'!$I$355:$I$372,'Match Day Reports'!$C$355:$C$372,$D12))) | EG12: =IF($D12="","",IF($D12='Match Day Reports'!$H$352,"Yes","")) | EJ12: =IF($D12="","",IF(COUNTIFS('Match Day Reports'!$C$382:$C$399,$D12)=0,"",SUMIFS('Match Day Reports'!$I$382:$I$399,'Match Day Reports'!$C$382:$C$399,$D12))) | EK12: =IF($D12="","",IF($D12='Match Day Reports'!$H$379,"Yes","")) | EN12: =IF($D12="","",IF(COUNTIFS('Match Day Reports'!$C$409:$C$426,$D12)=0,"",SUMIFS('Match Day Reports'!$I$409:$I$426,'Match Day Reports'!$C$409:$C$426,$D12))) | EO12: =IF($D12="","",IF($D12='Match Day Reports'!$H$406,"Yes","")) | ER12: =IF($D12="","",IF(COUNTIFS('Match Day Reports'!$C$436:$C$453,$D12)=0,"",SUMIFS('Match Day Reports'!$I$436:$I$453,'Match Day Reports'!$C$436:$C$453,$D12))) | ES12: =IF($D12="","",IF($D12='Match Day Reports'!$H$433,"Yes","")) | EV12: =IF($D12="","",IF(COUNTIFS('Match Day Reports'!$C$463:$C$480,$D12)=0,"",SUMIFS('Match Day Reports'!$I$463:$I$480,'Match Day Reports'!$C$463:$C$480,$D12))) | EW12: =IF($D12="","",IF($D12='Match Day Reports'!$H$460,"Yes","")) | EZ12: =IF($D12="","",IF(COUNTIFS('Match Day Reports'!$C$490:$C$507,$D12)=0,"",SUMIFS('Match Day Reports'!$I$490:$I$507,'Match Day Reports'!$C$490:$C$507,$D12))) | FA12: =IF($D12="","",IF($D12='Match Day Reports'!$H$487,"Yes","")) | FD12: =IF($D12="","",IF(COUNTIFS('Match Day Reports'!$C$517:$C$534,$D12)=0,"",SUMIFS('Match Day Reports'!$I$517:$I$534,'Match Day Reports'!$C$517:$C$534,$D12))) | FE12: =IF($D12="","",IF($D12='Match Day Reports'!$H$514,"Yes","")) | FH12: =IF($D12="","",IF(COUNTIFS('Match Day Reports'!$C$544:$C$561,$D12)=0,"",SUMIFS('Match Day Reports'!$I$544:$I$561,'Match Day Reports'!$C$544:$C$561,$D12))) | FI12: =IF($D12="","",IF($D12='Match Day Reports'!$H$541,"Yes","")) | FL12: =IF($D12="","",IF(COUNTIFS('Match Day Reports'!$C$571:$C$588,$D12)=0,"",SUMIFS('Match Day Reports'!$I$571:$I$588,'Match Day Reports'!$C$571:$C$588,$D12))) | FM12: =IF($D12="","",IF($D12='Match Day Reports'!$H$568,"Yes","")) | FP12: =IF($D12="","",IF(COUNTIFS('Match Day Reports'!$C$598:$C$615,$D12)=0,"",SUMIFS('Match Day Reports'!$I$598:$I$615,'Match Day Reports'!$C$598:$C$615,$D12))) | FQ12: =IF($D12="","",IF($D12='Match Day Reports'!$H$595,"Yes","")) | FT12: =IF($D12="","",IF(COUNTIFS('Match Day Reports'!$C$625:$C$642,$D12)=0,"",SUMIFS('Match Day Reports'!$I$625:$I$642,'Match Day Reports'!$C$625:$C$642,$D12))) | FU12: =IF($D12="","",IF($D12='Match Day Reports'!$H$622,"Yes","")) | FX12: =IF($D12="","",IF(COUNTIFS('Match Day Reports'!$C$652:$C$669,$D12)=0,"",SUMIFS('Match Day Reports'!$I$652:$I$669,'Match Day Reports'!$C$652:$C$669,$D12))) | FY12: =IF($D12="","",IF($D12='Match Day Reports'!$H$649,"Yes","")) | GA12: =IF($D12="","",COUNTIFS($E$4:$CN$4,"Att",$E12:$CN12,"Yes")) -> 3 | GB12: {=IF($D12="","",SUMPRODUCT(($E$4:$CN$4="Att")*((($E$3:$CN$3<>"")+($E12:$CN12="Yes")+($E12:$CN12="No"))>0)))} -> 3 | GC12: =IF($D12="","",IF($GB12=0,"",MIN(1,$GA12/$GB12))) -> 1 | GD12: =IF($D12="","",IF(COUNTIFS($E$4:$CN$4,"WR",$E12:$CN12,">0")=0,"",SUMIF($E$4:$CN$4,"WR",$E12:$CN12)/COUNTIFS($E$4:$CN$4,"WR",$E12:$CN12,">0"))) -> 2.6666667 | GE12: =IF($D12="","",IF($GD12="","",MIN(1,$GD12/5))) -> 0.53333333 | GF12: {=IF($D12="","",SUMPRODUCT(($CP$4:$FY$4="Att")*($CP$2:$FY$2<>"")*($CP12:$FY12<>"N-A")*($CP12:$FY12<>"")))} -> 0 | GG12: =IF($D12="","",COUNTIFS($CP$4:$FY$4,"Att",$CP12:$FY12,"Yes")) -> 0 | GH12: =IF($D12="","",IF($GF12=0,"",MIN(1,$GG12/$GF12))) | GI12: =IF($D12="","",SUMIF($CP$4:$FY$4,"Mins",$CP12:$FY12)) -> 0 | GJ12: =IF($D12="","",IF($GG12=0,"",$GI12/$GG12)) | GK12: =IF($D12="","",IF(COUNTIFS($CP$4:$FY$4,"Rating",$CP12:$FY12,">0")=0,"",SUMIF($CP$4:$FY$4,"Rating",$CP12:$FY12)/COUNTIFS($CP$4:$FY$4,"Rating",$CP12:$FY12,">0"))) -> 7.5 | GL12: =IF($D12="","",IF($GK12="","",MIN(1,$GK12/10))) -> 0.75 | GM12: =IF($D12="","",COUNTIFS($CP$4:$FY$4,"MOTM",$CP12:$FY12,"Yes")) -> 0 | GN12: =IF($D12="","",IF($GG12=0,(N($GC12)*$GA$2+N($GE12)*$GB$2)/MAX(0.0001,$GA$2+$GB$2),N($GC12)*$GA$2+N($GE12)*$GB$2+N($GH12)*$GC$2+N($GL12)*$GD$2)) -> 0.72777778 | GO12: =IF($D12="","",$D12) -> Shauna Kavanagh
C13: 9 | D13: Tara Brannigan | E13: Yes | F13: 3 | G13: Yes | H13: 3 | I13: Yes | J13: 3 | CR13: =IF($D13="","",IF(COUNTIFS('Match Day Reports'!$C$85:$C$102,$D13)=0,"",SUMIFS('Match Day Reports'!$I$85:$I$102,'Match Day Reports'!$C$85:$C$102,$D13))) -> 8 | CS13: =IF($D13="","",IF($D13='Match Day Reports'!$H$82,"Yes","")) | CV13: =IF($D13="","",IF(COUNTIFS('Match Day Reports'!$C$112:$C$129,$D13)=0,"",SUMIFS('Match Day Reports'!$I$112:$I$129,'Match Day Reports'!$C$112:$C$129,$D13))) | CW13: =IF($D13="","",IF($D13='Match Day Reports'!$H$109,"Yes","")) | CZ13: =IF($D13="","",IF(COUNTIFS('Match Day Reports'!$C$139:$C$156,$D13)=0,"",SUMIFS('Match Day Reports'!$I$139:$I$156,'Match Day Reports'!$C$139:$C$156,$D13))) | DA13: =IF($D13="","",IF($D13='Match Day Reports'!$H$136,"Yes","")) | DD13: =IF($D13="","",IF(COUNTIFS('Match Day Reports'!$C$166:$C$183,$D13)=0,"",SUMIFS('Match Day Reports'!$I$166:$I$183,'Match Day Reports'!$C$166:$C$183,$D13))) | DE13: =IF($D13="","",IF($D13='Match Day Reports'!$H$163,"Yes","")) | DH13: =IF($D13="","",IF(COUNTIFS('Match Day Reports'!$C$193:$C$210,$D13)=0,"",SUMIFS('Match Day Reports'!$I$193:$I$210,'Match Day Reports'!$C$193:$C$210,$D13))) | DI13: =IF($D13="","",IF($D13='Match Day Reports'!$H$190,"Yes","")) | DL13: =IF($D13="","",IF(COUNTIFS('Match Day Reports'!$C$220:$C$237,$D13)=0,"",SUMIFS('Match Day Reports'!$I$220:$I$237,'Match Day Reports'!$C$220:$C$237,$D13))) | DM13: =IF($D13="","",IF($D13='Match Day Reports'!$H$217,"Yes","")) | DP13: =IF($D13="","",IF(COUNTIFS('Match Day Reports'!$C$247:$C$264,$D13)=0,"",SUMIFS('Match Day Reports'!$I$247:$I$264,'Match Day Reports'!$C$247:$C$264,$D13))) | DQ13: =IF($D13="","",IF($D13='Match Day Reports'!$H$244,"Yes","")) | DT13: =IF($D13="","",IF(COUNTIFS('Match Day Reports'!$C$274:$C$291,$D13)=0,"",SUMIFS('Match Day Reports'!$I$274:$I$291,'Match Day Reports'!$C$274:$C$291,$D13))) | DU13: =IF($D13="","",IF($D13='Match Day Reports'!$H$271,"Yes","")) | DX13: =IF($D13="","",IF(COUNTIFS('Match Day Reports'!$C$301:$C$318,$D13)=0,"",SUMIFS('Match Day Reports'!$I$301:$I$318,'Match Day Reports'!$C$301:$C$318,$D13))) | DY13: =IF($D13="","",IF($D13='Match Day Reports'!$H$298,"Yes","")) | EB13: =IF($D13="","",IF(COUNTIFS('Match Day Reports'!$C$328:$C$345,$D13)=0,"",SUMIFS('Match Day Reports'!$I$328:$I$345,'Match Day Reports'!$C$328:$C$345,$D13))) | EC13: =IF($D13="","",IF($D13='Match Day Reports'!$H$325,"Yes","")) | EF13: =IF($D13="","",IF(COUNTIFS('Match Day Reports'!$C$355:$C$372,$D13)=0,"",SUMIFS('Match Day Reports'!$I$355:$I$372,'Match Day Reports'!$C$355:$C$372,$D13))) | EG13: =IF($D13="","",IF($D13='Match Day Reports'!$H$352,"Yes","")) | EJ13: =IF($D13="","",IF(COUNTIFS('Match Day Reports'!$C$382:$C$399,$D13)=0,"",SUMIFS('Match Day Reports'!$I$382:$I$399,'Match Day Reports'!$C$382:$C$399,$D13))) | EK13: =IF($D13="","",IF($D13='Match Day Reports'!$H$379,"Yes","")) | EN13: =IF($D13="","",IF(COUNTIFS('Match Day Reports'!$C$409:$C$426,$D13)=0,"",SUMIFS('Match Day Reports'!$I$409:$I$426,'Match Day Reports'!$C$409:$C$426,$D13))) | EO13: =IF($D13="","",IF($D13='Match Day Reports'!$H$406,"Yes","")) | ER13: =IF($D13="","",IF(COUNTIFS('Match Day Reports'!$C$436:$C$453,$D13)=0,"",SUMIFS('Match Day Reports'!$I$436:$I$453,'Match Day Reports'!$C$436:$C$453,$D13))) | ES13: =IF($D13="","",IF($D13='Match Day Reports'!$H$433,"Yes","")) | EV13: =IF($D13="","",IF(COUNTIFS('Match Day Reports'!$C$463:$C$480,$D13)=0,"",SUMIFS('Match Day Reports'!$I$463:$I$480,'Match Day Reports'!$C$463:$C$480,$D13))) | EW13: =IF($D13="","",IF($D13='Match Day Reports'!$H$460,"Yes","")) | EZ13: =IF($D13="","",IF(COUNTIFS('Match Day Reports'!$C$490:$C$507,$D13)=0,"",SUMIFS('Match Day Reports'!$I$490:$I$507,'Match Day Reports'!$C$490:$C$507,$D13))) | FA13: =IF($D13="","",IF($D13='Match Day Reports'!$H$487,"Yes","")) | FD13: =IF($D13="","",IF(COUNTIFS('Match Day Reports'!$C$517:$C$534,$D13)=0,"",SUMIFS('Match Day Reports'!$I$517:$I$534,'Match Day Reports'!$C$517:$C$534,$D13))) | FE13: =IF($D13="","",IF($D13='Match Day Reports'!$H$514,"Yes","")) | FH13: =IF($D13="","",IF(COUNTIFS('Match Day Reports'!$C$544:$C$561,$D13)=0,"",SUMIFS('Match Day Reports'!$I$544:$I$561,'Match Day Reports'!$C$544:$C$561,$D13))) | FI13: =IF($D13="","",IF($D13='Match Day Reports'!$H$541,"Yes","")) | FL13: =IF($D13="","",IF(COUNTIFS('Match Day Reports'!$C$571:$C$588,$D13)=0,"",SUMIFS('Match Day Reports'!$I$571:$I$588,'Match Day Reports'!$C$571:$C$588,$D13))) | FM13: =IF($D13="","",IF($D13='Match Day Reports'!$H$568,"Yes","")) | FP13: =IF($D13="","",IF(COUNTIFS('Match Day Reports'!$C$598:$C$615,$D13)=0,"",SUMIFS('Match Day Reports'!$I$598:$I$615,'Match Day Reports'!$C$598:$C$615,$D13))) | FQ13: =IF($D13="","",IF($D13='Match Day Reports'!$H$595,"Yes","")) | FT13: =IF($D13="","",IF(COUNTIFS('Match Day Reports'!$C$625:$C$642,$D13)=0,"",SUMIFS('Match Day Reports'!$I$625:$I$642,'Match Day Reports'!$C$625:$C$642,$D13))) | FU13: =IF($D13="","",IF($D13='Match Day Reports'!$H$622,"Yes","")) | FX13: =IF($D13="","",IF(COUNTIFS('Match Day Reports'!$C$652:$C$669,$D13)=0,"",SUMIFS('Match Day Reports'!$I$652:$I$669,'Match Day Reports'!$C$652:$C$669,$D13))) | FY13: =IF($D13="","",IF($D13='Match Day Reports'!$H$649,"Yes","")) | GA13: =IF($D13="","",COUNTIFS($E$4:$CN$4,"Att",$E13:$CN13,"Yes")) -> 3 | GB13: {=IF($D13="","",SUMPRODUCT(($E$4:$CN$4="Att")*((($E$3:$CN$3<>"")+($E13:$CN13="Yes")+($E13:$CN13="No"))>0)))} -> 3 | GC13: =IF($D13="","",IF($GB13=0,"",MIN(1,$GA13/$GB13))) -> 1 | GD13: =IF($D13="","",IF(COUNTIFS($E$4:$CN$4,"WR",$E13:$CN13,">0")=0,"",SUMIF($E$4:$CN$4,"WR",$E13:$CN13)/COUNTIFS($E$4:$CN$4,"WR",$E13:$CN13,">0"))) -> 3 | GE13: =IF($D13="","",IF($GD13="","",MIN(1,$GD13/5))) -> 0.6 | GF13: {=IF($D13="","",SUMPRODUCT(($CP$4:$FY$4="Att")*($CP$2:$FY$2<>"")*($CP13:$FY13<>"N-A")*($CP13:$FY13<>"")))} -> 0 | GG13: =IF($D13="","",COUNTIFS($CP$4:$FY$4,"Att",$CP13:$FY13,"Yes")) -> 0 | GH13: =IF($D13="","",IF($GF13=0,"",MIN(1,$GG13/$GF13))) | GI13: =IF($D13="","",SUMIF($CP$4:$FY$4,"Mins",$CP13:$FY13)) -> 0 | GJ13: =IF($D13="","",IF($GG13=0,"",$GI13/$GG13)) | GK13: =IF($D13="","",IF(COUNTIFS($CP$4:$FY$4,"Rating",$CP13:$FY13,">0")=0,"",SUMIF($CP$4:$FY$4,"Rating",$CP13:$FY13)/COUNTIFS($CP$4:$FY$4,"Rating",$CP13:$FY13,">0"))) -> 8 | GL13: =IF($D13="","",IF($GK13="","",MIN(1,$GK13/10))) -> 0.8 | GM13: =IF($D13="","",COUNTIFS($CP$4:$FY$4,"MOTM",$CP13:$FY13,"Yes")) -> 0 | GN13: =IF($D13="","",IF($GG13=0,(N($GC13)*$GA$2+N($GE13)*$GB$2)/MAX(0.0001,$GA$2+$GB$2),N($GC13)*$GA$2+N($GE13)*$GB$2+N($GH13)*$GC$2+N($GL13)*$GD$2)) -> 0.76666667 | GO13: =IF($D13="","",$D13) -> Tara Brannigan
