Workbook
Name Opponents: Attendance!$D$46:$D$56
Name PlayerList: Attendance!$D$5:$D$24

Sheet Dashboard
B2: LUCAN UTD YOUTHS — GIRLS YOUTH | 2026/2027 LEAGUE SEASON
B3: Everything on this tab updates automatically from the Attendance tab. Only the player dropdown in the Individual Progress section is an input.
B5: {="Girls Youth Squad | GW "&MAX(1,SUMPRODUCT((Attendance!$CP$4:$FY$4="Att")*(Attendance!$CP$2:$FY$2<>"")))&" of 22 | "&SUMPRODUCT((Attendance!$E$4:$CN$4="Att")*(Attendance!$E$3:$CN$3<>""))&" sessions held | "&SUMPRODUCT((Attendance!$CP$4:$FY$4="Att")*(Attendance!$CP$28:$FY$28<>""))&" matches played | "&COUNTA(Attendance!$D$5:$D$24)&" players tracked"} -> Girls Youth Squad | GW 1 of 22 | 0 sessions held | 0 matches played | 17 players tracked
B7: Season Score | D7: Avg Training Attendance | F7: Avg Work Rate | H7: Avg Matchday Attendance | J7: Avg Match Rating | L7: Record (W-D-L) | N7: Full Attenders
B8: =IFERROR(AVERAGE(Workings!$H$6:$H$25),0) -> 0 | D8: =IFERROR(AVERAGE(Workings!$D$6:$D$25),0) -> 0 | F8: =IFERROR(AVERAGE(Workings!$E$6:$E$25),0) -> 0 | H8: =IFERROR(AVERAGE(Workings!$F$6:$F$25),0) -> 0 | J8: =IFERROR(AVERAGE(Workings!$G$6:$G$25),0) -> 0 | L8: =COUNTIF(Attendance!$CP$28:$FY$28,"W")&" - "&COUNTIF(Attendance!$CP$28:$FY$28,"D")&" - "&COUNTIF(Attendance!$CP$28:$FY$28,"L") -> 0 - 0 - 0 | N8: =COUNTIF(Workings!$D$6:$D$25,1) -> 0
AF33: PLAYER SCORECARD — training work-rate trend (44 sessions), matchday trend (22 fixtures) and season metrics
AF34: Player | AG34: Training work-rate trend (▁▃▅▆█ = 1–5, · = missed) | AH34: Matchday trend (rating bands, · = no minutes) | AI34: 1 | AJ34: 2 | AK34: 3 | AL34: 4 | AM34: 5 | AN34: 6 | AO34: 7 | AP34: 8 | AQ34: 9 | AR34: 10 | AS34: 11 | AT34: 12 | AU34: 13 | AV34: 14 | AW34: 15 | AX34: 16 | AY34: 17 | AZ34: 18 | BA34: 19 | BB34: 20 | BC34: 21 | BD34: 22 | BE34: Att % | BF34: Avg WR | BG34: Avg Rating | BH34: Season Score %
AF35: =IF(Attendance!$D5="","",Attendance!$D5) -> Aoife Kennan | AG35: {=IF($AF35="","",_xlfn.TEXTJOIN("",TRUE,IF(Attendance!$E$4:$CN$4="WR",IFERROR(CHOOSE(Attendance!$E5:$CN5,"▁","▃","▅","▆","█"),"·"),"")))} -> ············································ | AH35: {=IF($AF35="","",_xlfn.TEXTJOIN("",TRUE,IF(Attendance!$CP$4:$FY$4="Rating",IFERROR(CHOOSE(ROUNDUP(Attendance!$CP5:$FY5/2,0),"▁","▃","▅","▆","█"),"·"),"")))} -> ······················ | AI35: =IF($AF35="","",IFERROR(AVERAGE(OFFSET(Attendance!$A$1,4,5+(1-1)*4),OFFSET(Attendance!$A$1,4,7+(1-1)*4)),"")) | AJ35: =IF($AF35="","",IFERROR(AVERAGE(OFFSET(Attendance!$A$1,4,5+(2-1)*4),OFFSET(Attendance!$A$1,4,7+(2-1)*4)),"")) | AK35: =IF($AF35="","",IFERROR(AVERAGE(OFFSET(Attendance!$A$1,4,5+(3-1)*4),OFFSET(Attendance!$A$1,4,7+(3-1)*4)),"")) | AL35: =IF($AF35="","",IFERROR(AVERAGE(OFFSET(Attendance!$A$1,4,5+(4-1)*4),OFFSET(Attendance!$A$1,4,7+(4-1)*4)),"")) | AM35: =IF($AF35="","",IFERROR(AVERAGE(OFFSET(Attendance!$A$1,4,5+(5-1)*4),OFFSET(Attendance!$A$1,4,7+(5-1)*4)),"")) | AN35: =IF($AF35="","",IFERROR(AVERAGE(OFFSET(Attendance!$A$1,4,5+(6-1)*4),OFFSET(Attendance!$A$1,4,7+(6-1)*4)),"")) | AO35: =IF($AF35="","",IFERROR(AVERAGE(OFFSET(Attendance!$A$1,4,5+(7-1)*4),OFFSET(Attendance!$A$1,4,7+(7-1)*4)),"")) | AP35: =IF($AF35="","",IFERROR(AVERAGE(OFFSET(Attendance!$A$1,4,5+(8-1)*4),OFFSET(Attendance!$A$1,4,7+(8-1)*4)),"")) | AQ35: =IF($AF35="","",IFERROR(AVERAGE(OFFSET(Attendance!$A$1,4,5+(9-1)*4),OFFSET(Attendance!$A$1,4,7+(9-1)*4)),"")) | AR35: =IF($AF35="","",IFERROR(AVERAGE(OFFSET(Attendance!$A$1,4,5+(10-1)*4),OFFSET(Attendance!$A$1,4,7+(10-1)*4)),"")) | AS35: =IF($AF35="","",IFERROR(AVERAGE(OFFSET(Attendance!$A$1,4,5+(11-1)*4),OFFSET(Attendance!$A$1,4,7+(11-1)*4)),"")) | AT35: =IF($AF35="","",IFERROR(AVERAGE(OFFSET(Attendance!$A$1,4,5+(12-1)*4),OFFSET(Attendance!$A$1,4,7+(12-1)*4)),"")) | AU35: =IF($AF35="","",IFERROR(AVERAGE(OFFSET(Attendance!$A$1,4,5+(13-1)*4),OFFSET(Attendance!$A$1,4,7+(13-1)*4)),"")) | AV35: =IF($AF35="","",IFERROR(AVERAGE(OFFSET(Attendance!$A$1,4,5+(14-1)*4),OFFSET(Attendance!$A$1,4,7+(14-1)*4)),"")) | AW35: =IF($AF35="","",IFERROR(AVERAGE(OFFSET(Attendance!$A$1,4,5+(15-1)*4),OFFSET(Attendance!$A$1,4,7+(15-1)*4)),"")) | AX35: =IF($AF35="","",IFERROR(AVERAGE(OFFSET(Attendance!$A$1,4,5+(16-1)*4),OFFSET(Attendance!$A$1,4,7+(16-1)*4)),"")) | AY35: =IF($AF35="","",IFERROR(AVERAGE(OFFSET(Attendance!$A$1,4,5+(17-1)*4),OFFSET(Attendance!$A$1,4,7+(17-1)*4)),"")) | AZ35: =IF($AF35="","",IFERROR(AVERAGE(OFFSET(Attendance!$A$1,4,5+(18-1)*4),OFFSET(Attendance!$A$1,4,7+(18-1)*4)),"")) | BA35: =IF($AF35="","",IFERROR(AVERAGE(OFFSET(Attendance!$A$1,4,5+(19-1)*4),OFFSET(Attendance!$A$1,4,7+(19-1)*4)),"")) | BB35: =IF($AF35="","",IFERROR(AVERAGE(OFFSET(Attendance!$A$1,4,5+(20-1)*4),OFFSET(Attendance!$A$1,4,7+(20-1)*4)),"")) | BC35: =IF($AF35="","",IFERROR(AVERAGE(OFFSET(Attendance!$A$1,4,5+(21-1)*4),OFFSET(Attendance!$A$1,4,7+(21-1)*4)),"")) | BD35: =IF($AF35="","",IFERROR(AVERAGE(OFFSET(Attendance!$A$1,4,5+(22-1)*4),OFFSET(Attendance!$A$1,4,7+(22-1)*4)),"")) | BE35: =IF($AF35="","",IFERROR(Workings!$D6,"")) | BF35: =IF($AF35="","",IFERROR(Workings!$E6,"")) | BG35: =IF($AF35="","",IFERROR(Workings!$G6,"")) | BH35: =IF($AF35="","",IFERROR(Workings!$H6,"")) -> 0
AF36: =IF(Attendance!$D6="","",Attendance!$D6) -> Stella McEvoy | AG36: {=IF($AF36="","",_xlfn.TEXTJOIN("",TRUE,IF(Attendance!$E$4:$CN$4="WR",IFERROR(CHOOSE(Attendance!$E6:$CN6,"▁","▃","▅","▆","█"),"·"),"")))} -> ············································ | AH36: {=IF($AF36="","",_xlfn.TEXTJOIN("",TRUE,IF(Attendance!$CP$4:$FY$4="Rating",IFERROR(CHOOSE(ROUNDUP(Attendance!$CP6:$FY6/2,0),"▁","▃","▅","▆","█"),"·"),"")))} -> ······················ | AI36: =IF($AF36="","",IFERROR(AVERAGE(OFFSET(Attendance!$A$1,5,5+(1-1)*4),OFFSET(Attendance!$A$1,5,7+(1-1)*4)),"")) | AJ36: =IF($AF36="","",IFERROR(AVERAGE(OFFSET(Attendance!$A$1,5,5+(2-1)*4),OFFSET(Attendance!$A$1,5,7+(2-1)*4)),"")) | AK36: =IF($AF36="","",IFERROR(AVERAGE(OFFSET(Attendance!$A$1,5,5+(3-1)*4),OFFSET(Attendance!$A$1,5,7+(3-1)*4)),"")) | AL36: =IF($AF36="","",IFERROR(AVERAGE(OFFSET(Attendance!$A$1,5,5+(4-1)*4),OFFSET(Attendance!$A$1,5,7+(4-1)*4)),"")) | AM36: =IF($AF36="","",IFERROR(AVERAGE(OFFSET(Attendance!$A$1,5,5+(5-1)*4),OFFSET(Attendance!$A$1,5,7+(5-1)*4)),"")) | AN36: =IF($AF36="","",IFERROR(AVERAGE(OFFSET(Attendance!$A$1,5,5+(6-1)*4),OFFSET(Attendance!$A$1,5,7+(6-1)*4)),"")) | AO36: =IF($AF36="","",IFERROR(AVERAGE(OFFSET(Attendance!$A$1,5,5+(7-1)*4),OFFSET(Attendance!$A$1,5,7+(7-1)*4)),"")) | AP36: =IF($AF36="","",IFERROR(AVERAGE(OFFSET(Attendance!$A$1,5,5+(8-1)*4),OFFSET(Attendance!$A$1,5,7+(8-1)*4)),"")) | AQ36: =IF($AF36="","",IFERROR(AVERAGE(OFFSET(Attendance!$A$1,5,5+(9-1)*4),OFFSET(Attendance!$A$1,5,7+(9-1)*4)),"")) | AR36: =IF($AF36="","",IFERROR(AVERAGE(OFFSET(Attendance!$A$1,5,5+(10-1)*4),OFFSET(Attendance!$A$1,5,7+(10-1)*4)),"")) | AS36: =IF($AF36="","",IFERROR(AVERAGE(OFFSET(Attendance!$A$1,5,5+(11-1)*4),OFFSET(Attendance!$A$1,5,7+(11-1)*4)),"")) | AT36: =IF($AF36="","",IFERROR(AVERAGE(OFFSET(Attendance!$A$1,5,5+(12-1)*4),OFFSET(Attendance!$A$1,5,7+(12-1)*4)),"")) | AU36: =IF($AF36="","",IFERROR(AVERAGE(OFFSET(Attendance!$A$1,5,5+(13-1)*4),OFFSET(Attendance!$A$1,5,7+(13-1)*4)),"")) | AV36: =IF($AF36="","",IFERROR(AVERAGE(OFFSET(Attendance!$A$1,5,5+(14-1)*4),OFFSET(Attendance!$A$1,5,7+(14-1)*4)),"")) | AW36: =IF($AF36="","",IFERROR(AVERAGE(OFFSET(Attendance!$A$1,5,5+(15-1)*4),OFFSET(Attendance!$A$1,5,7+(15-1)*4)),"")) | AX36: =IF($AF36="","",IFERROR(AVERAGE(OFFSET(Attendance!$A$1,5,5+(16-1)*4),OFFSET(Attendance!$A$1,5,7+(16-1)*4)),"")) | AY36: =IF($AF36="","",IFERROR(AVERAGE(OFFSET(Attendance!$A$1,5,5+(17-1)*4),OFFSET(Attendance!$A$1,5,7+(17-1)*4)),"")) | AZ36: =IF($AF36="","",IFERROR(AVERAGE(OFFSET(Attendance!$A$1,5,5+(18-1)*4),OFFSET(Attendance!$A$1,5,7+(18-1)*4)),"")) | BA36: =IF($AF36="","",IFERROR(AVERAGE(OFFSET(Attendance!$A$1,5,5+(19-1)*4),OFFSET(Attendance!$A$1,5,7+(19-1)*4)),"")) | BB36: =IF($AF36="","",IFERROR(AVERAGE(OFFSET(Attendance!$A$1,5,5+(20-1)*4),OFFSET(Attendance!$A$1,5,7+(20-1)*4)),"")) | BC36: =IF($AF36="","",IFERROR(AVERAGE(OFFSET(Attendance!$A$1,5,5+(21-1)*4),OFFSET(Attendance!$A$1,5,7+(21-1)*4)),"")) | BD36: =IF($AF36="","",IFERROR(AVERAGE(OFFSET(Attendance!$A$1,5,5+(22-1)*4),OFFSET(Attendance!$A$1,5,7+(22-1)*4)),"")) | BE36: =IF($AF36="","",IFERROR(Workings!$D7,"")) | BF36: =IF($AF36="","",IFERROR(Workings!$E7,"")) | BG36: =IF($AF36="","",IFERROR(Workings!$G7,"")) | BH36: =IF($AF36="","",IFERROR(Workings!$H7,"")) -> 0
AF37: =IF(Attendance!$D7="","",Attendance!$D7) -> Zara Power | AG37: {=IF($AF37="","",_xlfn.TEXTJOIN("",TRUE,IF(Attendance!$E$4:$CN$4="WR",IFERROR(CHOOSE(Attendance!$E7:$CN7,"▁","▃","▅","▆","█"),"·"),"")))} -> ············································ | AH37: {=IF($AF37="","",_xlfn.TEXTJOIN("",TRUE,IF(Attendance!$CP$4:$FY$4="Rating",IFERROR(CHOOSE(ROUNDUP(Attendance!$CP7:$FY7/2,0),"▁","▃","▅","▆","█"),"·"),"")))} -> ······················ | AI37: =IF($AF37="","",IFERROR(AVERAGE(OFFSET(Attendance!$A$1,6,5+(1-1)*4),OFFSET(Attendance!$A$1,6,7+(1-1)*4)),"")) | AJ37: =IF($AF37="","",IFERROR(AVERAGE(OFFSET(Attendance!$A$1,6,5+(2-1)*4),OFFSET(Attendance!$A$1,6,7+(2-1)*4)),"")) | AK37: =IF($AF37="","",IFERROR(AVERAGE(OFFSET(Attendance!$A$1,6,5+(3-1)*4),OFFSET(Attendance!$A$1,6,7+(3-1)*4)),"")) | AL37: =IF($AF37="","",IFERROR(AVERAGE(OFFSET(Attendance!$A$1,6,5+(4-1)*4),OFFSET(Attendance!$A$1,6,7+(4-1)*4)),"")) | AM37: =IF($AF37="","",IFERROR(AVERAGE(OFFSET(Attendance!$A$1,6,5+(5-1)*4),OFFSET(Attendance!$A$1,6,7+(5-1)*4)),"")) | AN37: =IF($AF37="","",IFERROR(AVERAGE(OFFSET(Attendance!$A$1,6,5+(6-1)*4),OFFSET(Attendance!$A$1,6,7+(6-1)*4)),"")) | AO37: =IF($AF37="","",IFERROR(AVERAGE(OFFSET(Attendance!$A$1,6,5+(7-1)*4),OFFSET(Attendance!$A$1,6,7+(7-1)*4)),"")) | AP37: =IF($AF37="","",IFERROR(AVERAGE(OFFSET(Attendance!$A$1,6,5+(8-1)*4),OFFSET(Attendance!$A$1,6,7+(8-1)*4)),"")) | AQ37: =IF($AF37="","",IFERROR(AVERAGE(OFFSET(Attendance!$A$1,6,5+(9-1)*4),OFFSET(Attendance!$A$1,6,7+(9-1)*4)),"")) | AR37: =IF($AF37="","",IFERROR(AVERAGE(OFFSET(Attendance!$A$1,6,5+(10-1)*4),OFFSET(Attendance!$A$1,6,7+(10-1)*4)),"")) | AS37: =IF($AF37="","",IFERROR(AVERAGE(OFFSET(Attendance!$A$1,6,5+(11-1)*4),OFFSET(Attendance!$A$1,6,7+(11-1)*4)),"")) | AT37: =IF($AF37="","",IFERROR(AVERAGE(OFFSET(Attendance!$A$1,6,5+(12-1)*4),OFFSET(Attendance!$A$1,6,7+(12-1)*4)),"")) | AU37: =IF($AF37="","",IFERROR(AVERAGE(OFFSET(Attendance!$A$1,6,5+(13-1)*4),OFFSET(Attendance!$A$1,6,7+(13-1)*4)),"")) | AV37: =IF($AF37="","",IFERROR(AVERAGE(OFFSET(Attendance!$A$1,6,5+(14-1)*4),OFFSET(Attendance!$A$1,6,7+(14-1)*4)),"")) | AW37: =IF($AF37="","",IFERROR(AVERAGE(OFFSET(Attendance!$A$1,6,5+(15-1)*4),OFFSET(Attendance!$A$1,6,7+(15-1)*4)),"")) | AX37: =IF($AF37="","",IFERROR(AVERAGE(OFFSET(Attendance!$A$1,6,5+(16-1)*4),OFFSET(Attendance!$A$1,6,7+(16-1)*4)),"")) | AY37: =IF($AF37="","",IFERROR(AVERAGE(OFFSET(Attendance!$A$1,6,5+(17-1)*4),OFFSET(Attendance!$A$1,6,7+(17-1)*4)),"")) | AZ37: =IF($AF37="","",IFERROR(AVERAGE(OFFSET(Attendance!$A$1,6,5+(18-1)*4),OFFSET(Attendance!$A$1,6,7+(18-1)*4)),"")) | BA37: =IF($AF37="","",IFERROR(AVERAGE(OFFSET(Attendance!$A$1,6,5+(19-1)*4),OFFSET(Attendance!$A$1,6,7+(19-1)*4)),"")) | BB37: =IF($AF37="","",IFERROR(AVERAGE(OFFSET(Attendance!$A$1,6,5+(20-1)*4),OFFSET(Attendance!$A$1,6,7+(20-1)*4)),"")) | BC37: =IF($AF37="","",IFERROR(AVERAGE(OFFSET(Attendance!$A$1,6,5+(21-1)*4),OFFSET(Attendance!$A$1,6,7+(21-1)*4)),"")) | BD37: =IF($AF37="","",IFERROR(AVERAGE(OFFSET(Attendance!$A$1,6,5+(22-1)*4),OFFSET(Attendance!$A$1,6,7+(22-1)*4)),"")) | BE37: =IF($AF37="","",IFERROR(Workings!$D8,"")) | BF37: =IF($AF37="","",IFERROR(Workings!$E8,"")) | BG37: =IF($AF37="","",IFERROR(Workings!$G8,"")) | BH37: =IF($AF37="","",IFERROR(Workings!$H8,"")) -> 0
AF38: =IF(Attendance!$D8="","",Attendance!$D8) -> Heidi Cerubini Dunne | AG38: {=IF($AF38="","",_xlfn.TEXTJOIN("",TRUE,IF(Attendance!$E$4:$CN$4="WR",IFERROR(CHOOSE(Attendance!$E8:$CN8,"▁","▃","▅","▆","█"),"·"),"")))} -> ············································ | AH38: {=IF($AF38="","",_xlfn.TEXTJOIN("",TRUE,IF(Attendance!$CP$4:$FY$4="Rating",IFERROR(CHOOSE(ROUNDUP(Attendance!$CP8:$FY8/2,0),"▁","▃","▅","▆","█"),"·"),"")))} -> ······················ | AI38: =IF($AF38="","",IFERROR(AVERAGE(OFFSET(Attendance!$A$1,7,5+(1-1)*4),OFFSET(Attendance!$A$1,7,7+(1-1)*4)),"")) | AJ38: =IF($AF38="","",IFERROR(AVERAGE(OFFSET(Attendance!$A$1,7,5+(2-1)*4),OFFSET(Attendance!$A$1,7,7+(2-1)*4)),"")) | AK38: =IF($AF38="","",IFERROR(AVERAGE(OFFSET(Attendance!$A$1,7,5+(3-1)*4),OFFSET(Attendance!$A$1,7,7+(3-1)*4)),"")) | AL38: =IF($AF38="","",IFERROR(AVERAGE(OFFSET(Attendance!$A$1,7,5+(4-1)*4),OFFSET(Attendance!$A$1,7,7+(4-1)*4)),"")) | AM38: =IF($AF38="","",IFERROR(AVERAGE(OFFSET(Attendance!$A$1,7,5+(5-1)*4),OFFSET(Attendance!$A$1,7,7+(5-1)*4)),"")) | AN38: =IF($AF38="","",IFERROR(AVERAGE(OFFSET(Attendance!$A$1,7,5+(6-1)*4),OFFSET(Attendance!$A$1,7,7+(6-1)*4)),"")) | AO38: =IF($AF38="","",IFERROR(AVERAGE(OFFSET(Attendance!$A$1,7,5+(7-1)*4),OFFSET(Attendance!$A$1,7,7+(7-1)*4)),"")) | AP38: =IF($AF38="","",IFERROR(AVERAGE(OFFSET(Attendance!$A$1,7,5+(8-1)*4),OFFSET(Attendance!$A$1,7,7+(8-1)*4)),"")) | AQ38: =IF($AF38="","",IFERROR(AVERAGE(OFFSET(Attendance!$A$1,7,5+(9-1)*4),OFFSET(Attendance!$A$1,7,7+(9-1)*4)),"")) | AR38: =IF($AF38="","",IFERROR(AVERAGE(OFFSET(Attendance!$A$1,7,5+(10-1)*4),OFFSET(Attendance!$A$1,7,7+(10-1)*4)),"")) | AS38: =IF($AF38="","",IFERROR(AVERAGE(OFFSET(Attendance!$A$1,7,5+(11-1)*4),OFFSET(Attendance!$A$1,7,7+(11-1)*4)),"")) | AT38: =IF($AF38="","",IFERROR(AVERAGE(OFFSET(Attendance!$A$1,7,5+(12-1)*4),OFFSET(Attendance!$A$1,7,7+(12-1)*4)),"")) | AU38: =IF($AF38="","",IFERROR(AVERAGE(OFFSET(Attendance!$A$1,7,5+(13-1)*4),OFFSET(Attendance!$A$1,7,7+(13-1)*4)),"")) | AV38: =IF($AF38="","",IFERROR(AVERAGE(OFFSET(Attendance!$A$1,7,5+(14-1)*4),OFFSET(Attendance!$A$1,7,7+(14-1)*4)),"")) | AW38: =IF($AF38="","",IFERROR(AVERAGE(OFFSET(Attendance!$A$1,7,5+(15-1)*4),OFFSET(Attendance!$A$1,7,7+(15-1)*4)),"")) | AX38: =IF($AF38="","",IFERROR(AVERAGE(OFFSET(Attendance!$A$1,7,5+(16-1)*4),OFFSET(Attendance!$A$1,7,7+(16-1)*4)),"")) | AY38: =IF($AF38="","",IFERROR(AVERAGE(OFFSET(Attendance!$A$1,7,5+(17-1)*4),OFFSET(Attendance!$A$1,7,7+(17-1)*4)),"")) | AZ38: =IF($AF38="","",IFERROR(AVERAGE(OFFSET(Attendance!$A$1,7,5+(18-1)*4),OFFSET(Attendance!$A$1,7,7+(18-1)*4)),"")) | BA38: =IF($AF38="","",IFERROR(AVERAGE(OFFSET(Attendance!$A$1,7,5+(19-1)*4),OFFSET(Attendance!$A$1,7,7+(19-1)*4)),"")) | BB38: =IF($AF38="","",IFERROR(AVERAGE(OFFSET(Attendance!$A$1,7,5+(20-1)*4),OFFSET(Attendance!$A$1,7,7+(20-1)*4)),"")) | BC38: =IF($AF38="","",IFERROR(AVERAGE(OFFSET(Attendance!$A$1,7,5+(21-1)*4),OFFSET(Attendance!$A$1,7,7+(21-1)*4)),"")) | BD38: =IF($AF38="","",IFERROR(AVERAGE(OFFSET(Attendance!$A$1,7,5+(22-1)*4),OFFSET(Attendance!$A$1,7,7+(22-1)*4)),"")) | BE38: =IF($AF38="","",IFERROR(Workings!$D9,"")) | BF38: =IF($AF38="","",IFERROR(Workings!$E9,"")) | BG38: =IF($AF38="","",IFERROR(Workings!$G9,"")) | BH38: =IF($AF38="","",IFERROR(Workings!$H9,"")) -> 0
AF39: =IF(Attendance!$D9="","",Attendance!$D9) -> Roisin Offenhausen | AG39: {=IF($AF39="","",_xlfn.TEXTJOIN("",TRUE,IF(Attendance!$E$4:$CN$4="WR",IFERROR(CHOOSE(Attendance!$E9:$CN9,"▁","▃","▅","▆","█"),"·"),"")))} -> ············································ | AH39: {=IF($AF39="","",_xlfn.TEXTJOIN("",TRUE,IF(Attendance!$CP$4:$FY$4="Rating",IFERROR(CHOOSE(ROUNDUP(Attendance!$CP9:$FY9/2,0),"▁","▃","▅","▆","█"),"·"),"")))} -> ······················ | AI39: =IF($AF39="","",IFERROR(AVERAGE(OFFSET(Attendance!$A$1,8,5+(1-1)*4),OFFSET(Attendance!$A$1,8,7+(1-1)*4)),"")) | AJ39: =IF($AF39="","",IFERROR(AVERAGE(OFFSET(Attendance!$A$1,8,5+(2-1)*4),OFFSET(Attendance!$A$1,8,7+(2-1)*4)),"")) | AK39: =IF($AF39="","",IFERROR(AVERAGE(OFFSET(Attendance!$A$1,8,5+(3-1)*4),OFFSET(Attendance!$A$1,8,7+(3-1)*4)),"")) | AL39: =IF($AF39="","",IFERROR(AVERAGE(OFFSET(Attendance!$A$1,8,5+(4-1)*4),OFFSET(Attendance!$A$1,8,7+(4-1)*4)),"")) | AM39: =IF($AF39="","",IFERROR(AVERAGE(OFFSET(Attendance!$A$1,8,5+(5-1)*4),OFFSET(Attendance!$A$1,8,7+(5-1)*4)),"")) | AN39: =IF($AF39="","",IFERROR(AVERAGE(OFFSET(Attendance!$A$1,8,5+(6-1)*4),OFFSET(Attendance!$A$1,8,7+(6-1)*4)),"")) | AO39: =IF($AF39="","",IFERROR(AVERAGE(OFFSET(Attendance!$A$1,8,5+(7-1)*4),OFFSET(Attendance!$A$1,8,7+(7-1)*4)),"")) | AP39: =IF($AF39="","",IFERROR(AVERAGE(OFFSET(Attendance!$A$1,8,5+(8-1)*4),OFFSET(Attendance!$A$1,8,7+(8-1)*4)),"")) | AQ39: =IF($AF39="","",IFERROR(AVERAGE(OFFSET(Attendance!$A$1,8,5+(9-1)*4),OFFSET(Attendance!$A$1,8,7+(9-1)*4)),"")) | AR39: =IF($AF39="","",IFERROR(AVERAGE(OFFSET(Attendance!$A$1,8,5+(10-1)*4),OFFSET(Attendance!$A$1,8,7+(10-1)*4)),"")) | AS39: =IF($AF39="","",IFERROR(AVERAGE(OFFSET(Attendance!$A$1,8,5+(11-1)*4),OFFSET(Attendance!$A$1,8,7+(11-1)*4)),"")) | AT39: =IF($AF39="","",IFERROR(AVERAGE(OFFSET(Attendance!$A$1,8,5+(12-1)*4),OFFSET(Attendance!$A$1,8,7+(12-1)*4)),"")) | AU39: =IF($AF39="","",IFERROR(AVERAGE(OFFSET(Attendance!$A$1,8,5+(13-1)*4),OFFSET(Attendance!$A$1,8,7+(13-1)*4)),"")) | AV39: =IF($AF39="","",IFERROR(AVERAGE(OFFSET(Attendance!$A$1,8,5+(14-1)*4),OFFSET(Attendance!$A$1,8,7+(14-1)*4)),"")) | AW39: =IF($AF39="","",IFERROR(AVERAGE(OFFSET(Attendance!$A$1,8,5+(15-1)*4),OFFSET(Attendance!$A$1,8,7+(15-1)*4)),"")) | AX39: =IF($AF39="","",IFERROR(AVERAGE(OFFSET(Attendance!$A$1,8,5+(16-1)*4),OFFSET(Attendance!$A$1,8,7+(16-1)*4)),"")) | AY39: =IF($AF39="","",IFERROR(AVERAGE(OFFSET(Attendance!$A$1,8,5+(17-1)*4),OFFSET(Attendance!$A$1,8,7+(17-1)*4)),"")) | AZ39: =IF($AF39="","",IFERROR(AVERAGE(OFFSET(Attendance!$A$1,8,5+(18-1)*4),OFFSET(Attendance!$A$1,8,7+(18-1)*4)),"")) | BA39: =IF($AF39="","",IFERROR(AVERAGE(OFFSET(Attendance!$A$1,8,5+(19-1)*4),OFFSET(Attendance!$A$1,8,7+(19-1)*4)),"")) | BB39: =IF($AF39="","",IFERROR(AVERAGE(OFFSET(Attendance!$A$1,8,5+(20-1)*4),OFFSET(Attendance!$A$1,8,7+(20-1)*4)),"")) | BC39: =IF($AF39="","",IFERROR(AVERAGE(OFFSET(Attendance!$A$1,8,5+(21-1)*4),OFFSET(Attendance!$A$1,8,7+(21-1)*4)),"")) | BD39: =IF($AF39="","",IFERROR(AVERAGE(OFFSET(Attendance!$A$1,8,5+(22-1)*4),OFFSET(Attendance!$A$1,8,7+(22-1)*4)),"")) | BE39: =IF($AF39="","",IFERROR(Workings!$D10,"")) | BF39: =IF($AF39="","",IFERROR(Workings!$E10,"")) | BG39: =IF($AF39="","",IFERROR(Workings!$G10,"")) | BH39: =IF($AF39="","",IFERROR(Workings!$H10,"")) -> 0
AF40: =IF(Attendance!$D10="","",Attendance!$D10) -> Naomi Adewoyin | AG40: {=IF($AF40="","",_xlfn.TEXTJOIN("",TRUE,IF(Attendance!$E$4:$CN$4="WR",IFERROR(CHOOSE(Attendance!$E10:$CN10,"▁","▃","▅","▆","█"),"·"),"")))} -> ············································ | AH40: {=IF($AF40="","",_xlfn.TEXTJOIN("",TRUE,IF(Attendance!$CP$4:$FY$4="Rating",IFERROR(CHOOSE(ROUNDUP(Attendance!$CP10:$FY10/2,0),"▁","▃","▅","▆","█"),"·"),"")))} -> ······················ | AI40: =IF($AF40="","",IFERROR(AVERAGE(OFFSET(Attendance!$A$1,9,5+(1-1)*4),OFFSET(Attendance!$A$1,9,7+(1-1)*4)),"")) | AJ40: =IF($AF40="","",IFERROR(AVERAGE(OFFSET(Attendance!$A$1,9,5+(2-1)*4),OFFSET(Attendance!$A$1,9,7+(2-1)*4)),"")) | AK40: =IF($AF40="","",IFERROR(AVERAGE(OFFSET(Attendance!$A$1,9,5+(3-1)*4),OFFSET(Attendance!$A$1,9,7+(3-1)*4)),"")) | AL40: =IF($AF40="","",IFERROR(AVERAGE(OFFSET(Attendance!$A$1,9,5+(4-1)*4),OFFSET(Attendance!$A$1,9,7+(4-1)*4)),"")) | AM40: =IF($AF40="","",IFERROR(AVERAGE(OFFSET(Attendance!$A$1,9,5+(5-1)*4),OFFSET(Attendance!$A$1,9,7+(5-1)*4)),"")) | AN40: =IF($AF40="","",IFERROR(AVERAGE(OFFSET(Attendance!$A$1,9,5+(6-1)*4),OFFSET(Attendance!$A$1,9,7+(6-1)*4)),"")) | AO40: =IF($AF40="","",IFERROR(AVERAGE(OFFSET(Attendance!$A$1,9,5+(7-1)*4),OFFSET(Attendance!$A$1,9,7+(7-1)*4)),"")) | AP40: =IF($AF40="","",IFERROR(AVERAGE(OFFSET(Attendance!$A$1,9,5+(8-1)*4),OFFSET(Attendance!$A$1,9,7+(8-1)*4)),"")) | AQ40: =IF($AF40="","",IFERROR(AVERAGE(OFFSET(Attendance!$A$1,9,5+(9-1)*4),OFFSET(Attendance!$A$1,9,7+(9-1)*4)),"")) | AR40: =IF($AF40="","",IFERROR(AVERAGE(OFFSET(Attendance!$A$1,9,5+(10-1)*4),OFFSET(Attendance!$A$1,9,7+(10-1)*4)),"")) | AS40: =IF($AF40="","",IFERROR(AVERAGE(OFFSET(Attendance!$A$1,9,5+(11-1)*4),OFFSET(Attendance!$A$1,9,7+(11-1)*4)),"")) | AT40: =IF($AF40="","",IFERROR(AVERAGE(OFFSET(Attendance!$A$1,9,5+(12-1)*4),OFFSET(Attendance!$A$1,9,7+(12-1)*4)),"")) | AU40: =IF($AF40="","",IFERROR(AVERAGE(OFFSET(Attendance!$A$1,9,5+(13-1)*4),OFFSET(Attendance!$A$1,9,7+(13-1)*4)),"")) | AV40: =IF($AF40="","",IFERROR(AVERAGE(OFFSET(Attendance!$A$1,9,5+(14-1)*4),OFFSET(Attendance!$A$1,9,7+(14-1)*4)),"")) | AW40: =IF($AF40="","",IFERROR(AVERAGE(OFFSET(Attendance!$A$1,9,5+(15-1)*4),OFFSET(Attendance!$A$1,9,7+(15-1)*4)),"")) | AX40: =IF($AF40="","",IFERROR(AVERAGE(OFFSET(Attendance!$A$1,9,5+(16-1)*4),OFFSET(Attendance!$A$1,9,7+(16-1)*4)),"")) | AY40: =IF($AF40="","",IFERROR(AVERAGE(OFFSET(Attendance!$A$1,9,5+(17-1)*4),OFFSET(Attendance!$A$1,9,7+(17-1)*4)),"")) | AZ40: =IF($AF40="","",IFERROR(AVERAGE(OFFSET(Attendance!$A$1,9,5+(18-1)*4),OFFSET(Attendance!$A$1,9,7+(18-1)*4)),"")) | BA40: =IF($AF40="","",IFERROR(AVERAGE(OFFSET(Attendance!$A$1,9,5+(19-1)*4),OFFSET(Attendance!$A$1,9,7+(19-1)*4)),"")) | BB40: =IF($AF40="","",IFERROR(AVERAGE(OFFSET(Attendance!$A$1,9,5+(20-1)*4),OFFSET(Attendance!$A$1,9,7+(20-1)*4)),"")) | BC40: =IF($AF40="","",IFERROR(AVERAGE(OFFSET(Attendance!$A$1,9,5+(21-1)*4),OFFSET(Attendance!$A$1,9,7+(21-1)*4)),"")) | BD40: =IF($AF40="","",IFERROR(AVERAGE(OFFSET(Attendance!$A$1,9,5+(22-1)*4),OFFSET(Attendance!$A$1,9,7+(22-1)*4)),"")) | BE40: =IF($AF40="","",IFERROR(Workings!$D11,"")) | BF40: =IF($AF40="","",IFERROR(Workings!$E11,"")) | BG40: =IF($AF40="","",IFERROR(Workings!$G11,"")) | BH40: =IF($AF40="","",IFERROR(Workings!$H11,"")) -> 0
AF41: =IF(Attendance!$D11="","",Attendance!$D11) -> Amber Kilalee | AG41: {=IF($AF41="","",_xlfn.TEXTJOIN("",TRUE,IF(Attendance!$E$4:$CN$4="WR",IFERROR(CHOOSE(Attendance!$E11:$CN11,"▁","▃","▅","▆","█"),"·"),"")))} -> ············································ | AH41: {=IF($AF41="","",_xlfn.TEXTJOIN("",TRUE,IF(Attendance!$CP$4:$FY$4="Rating",IFERROR(CHOOSE(ROUNDUP(Attendance!$CP11:$FY11/2,0),"▁","▃","▅","▆","█"),"·"),"")))} -> ······················ | AI41: =IF($AF41="","",IFERROR(AVERAGE(OFFSET(Attendance!$A$1,10,5+(1-1)*4),OFFSET(Attendance!$A$1,10,7+(1-1)*4)),"")) | AJ41: =IF($AF41="","",IFERROR(AVERAGE(OFFSET(Attendance!$A$1,10,5+(2-1)*4),OFFSET(Attendance!$A$1,10,7+(2-1)*4)),"")) | AK41: =IF($AF41="","",IFERROR(AVERAGE(OFFSET(Attendance!$A$1,10,5+(3-1)*4),OFFSET(Attendance!$A$1,10,7+(3-1)*4)),"")) | AL41: =IF($AF41="","",IFERROR(AVERAGE(OFFSET(Attendance!$A$1,10,5+(4-1)*4),OFFSET(Attendance!$A$1,10,7+(4-1)*4)),"")) | AM41: =IF($AF41="","",IFERROR(AVERAGE(OFFSET(Attendance!$A$1,10,5+(5-1)*4),OFFSET(Attendance!$A$1,10,7+(5-1)*4)),"")) | AN41: =IF($AF41="","",IFERROR(AVERAGE(OFFSET(Attendance!$A$1,10,5+(6-1)*4),OFFSET(Attendance!$A$1,10,7+(6-1)*4)),"")) | AO41: =IF($AF41="","",IFERROR(AVERAGE(OFFSET(Attendance!$A$1,10,5+(7-1)*4),OFFSET(Attendance!$A$1,10,7+(7-1)*4)),"")) | AP41: =IF($AF41="","",IFERROR(AVERAGE(OFFSET(Attendance!$A$1,10,5+(8-1)*4),OFFSET(Attendance!$A$1,10,7+(8-1)*4)),"")) | AQ41: =IF($AF41="","",IFERROR(AVERAGE(OFFSET(Attendance!$A$1,10,5+(9-1)*4),OFFSET(Attendance!$A$1,10,7+(9-1)*4)),"")) | AR41: =IF($AF41="","",IFERROR(AVERAGE(OFFSET(Attendance!$A$1,10,5+(10-1)*4),OFFSET(Attendance!$A$1,10,7+(10-1)*4)),"")) | AS41: =IF($AF41="","",IFERROR(AVERAGE(OFFSET(Attendance!$A$1,10,5+(11-1)*4),OFFSET(Attendance!$A$1,10,7+(11-1)*4)),"")) | AT41: =IF($AF41="","",IFERROR(AVERAGE(OFFSET(Attendance!$A$1,10,5+(12-1)*4),OFFSET(Attendance!$A$1,10,7+(12-1)*4)),"")) | AU41: =IF($AF41="","",IFERROR(AVERAGE(OFFSET(Attendance!$A$1,10,5+(13-1)*4),OFFSET(Attendance!$A$1,10,7+(13-1)*4)),"")) | AV41: =IF($AF41="","",IFERROR(AVERAGE(OFFSET(Attendance!$A$1,10,5+(14-1)*4),OFFSET(Attendance!$A$1,10,7+(14-1)*4)),"")) | AW41: =IF($AF41="","",IFERROR(AVERAGE(OFFSET(Attendance!$A$1,10,5+(15-1)*4),OFFSET(Attendance!$A$1,10,7+(15-1)*4)),"")) | AX41: =IF($AF41="","",IFERROR(AVERAGE(OFFSET(Attendance!$A$1,10,5+(16-1)*4),OFFSET(Attendance!$A$1,10,7+(16-1)*4)),"")) | AY41: =IF($AF41="","",IFERROR(AVERAGE(OFFSET(Attendance!$A$1,10,5+(17-1)*4),OFFSET(Attendance!$A$1,10,7+(17-1)*4)),"")) | AZ41: =IF($AF41="","",IFERROR(AVERAGE(OFFSET(Attendance!$A$1,10,5+(18-1)*4),OFFSET(Attendance!$A$1,10,7+(18-1)*4)),"")) | BA41: =IF($AF41="","",IFERROR(AVERAGE(OFFSET(Attendance!$A$1,10,5+(19-1)*4),OFFSET(Attendance!$A$1,10,7+(19-1)*4)),"")) | BB41: =IF($AF41="","",IFERROR(AVERAGE(OFFSET(Attendance!$A$1,10,5+(20-1)*4),OFFSET(Attendance!$A$1,10,7+(20-1)*4)),"")) | BC41: =IF($AF41="","",IFERROR(AVERAGE(OFFSET(Attendance!$A$1,10,5+(21-1)*4),OFFSET(Attendance!$A$1,10,7+(21-1)*4)),"")) | BD41: =IF($AF41="","",IFERROR(AVERAGE(OFFSET(Attendance!$A$1,10,5+(22-1)*4),OFFSET(Attendance!$A$1,10,7+(22-1)*4)),"")) | BE41: =IF($AF41="","",IFERROR(Workings!$D12,"")) | BF41: =IF($AF41="","",IFERROR(Workings!$E12,"")) | BG41: =IF($AF41="","",IFERROR(Workings!$G12,"")) | BH41: =IF($AF41="","",IFERROR(Workings!$H12,"")) -> 0
AF42: =IF(Attendance!$D12="","",Attendance!$D12) -> Shauna Kavanagh | AG42: {=IF($AF42="","",_xlfn.TEXTJOIN("",TRUE,IF(Attendance!$E$4:$CN$4="WR",IFERROR(CHOOSE(Attendance!$E12:$CN12,"▁","▃","▅","▆","█"),"·"),"")))} -> ············································ | AH42: {=IF($AF42="","",_xlfn.TEXTJOIN("",TRUE,IF(Attendance!$CP$4:$FY$4="Rating",IFERROR(CHOOSE(ROUNDUP(Attendance!$CP12:$FY12/2,0),"▁","▃","▅","▆","█"),"·"),"")))} -> ······················ | AI42: =IF($AF42="","",IFERROR(AVERAGE(OFFSET(Attendance!$A$1,11,5+(1-1)*4),OFFSET(Attendance!$A$1,11,7+(1-1)*4)),"")) | AJ42: =IF($AF42="","",IFERROR(AVERAGE(OFFSET(Attendance!$A$1,11,5+(2-1)*4),OFFSET(Attendance!$A$1,11,7+(2-1)*4)),"")) | AK42: =IF($AF42="","",IFERROR(AVERAGE(OFFSET(Attendance!$A$1,11,5+(3-1)*4),OFFSET(Attendance!$A$1,11,7+(3-1)*4)),"")) | AL42: =IF($AF42="","",IFERROR(AVERAGE(OFFSET(Attendance!$A$1,11,5+(4-1)*4),OFFSET(Attendance!$A$1,11,7+(4-1)*4)),"")) | AM42: =IF($AF42="","",IFERROR(AVERAGE(OFFSET(Attendance!$A$1,11,5+(5-1)*4),OFFSET(Attendance!$A$1,11,7+(5-1)*4)),"")) | AN42: =IF($AF42="","",IFERROR(AVERAGE(OFFSET(Attendance!$A$1,11,5+(6-1)*4),OFFSET(Attendance!$A$1,11,7+(6-1)*4)),"")) | AO42: =IF($AF42="","",IFERROR(AVERAGE(OFFSET(Attendance!$A$1,11,5+(7-1)*4),OFFSET(Attendance!$A$1,11,7+(7-1)*4)),"")) | AP42: =IF($AF42="","",IFERROR(AVERAGE(OFFSET(Attendance!$A$1,11,5+(8-1)*4),OFFSET(Attendance!$A$1,11,7+(8-1)*4)),"")) | AQ42: =IF($AF42="","",IFERROR(AVERAGE(OFFSET(Attendance!$A$1,11,5+(9-1)*4),OFFSET(Attendance!$A$1,11,7+(9-1)*4)),"")) | AR42: =IF($AF42="","",IFERROR(AVERAGE(OFFSET(Attendance!$A$1,11,5+(10-1)*4),OFFSET(Attendance!$A$1,11,7+(10-1)*4)),"")) | AS42: =IF($AF42="","",IFERROR(AVERAGE(OFFSET(Attendance!$A$1,11,5+(11-1)*4),OFFSET(Attendance!$A$1,11,7+(11-1)*4)),"")) | AT42: =IF($AF42="","",IFERROR(AVERAGE(OFFSET(Attendance!$A$1,11,5+(12-1)*4),OFFSET(Attendance!$A$1,11,7+(12-1)*4)),"")) | AU42: =IF($AF42="","",IFERROR(AVERAGE(OFFSET(Attendance!$A$1,11,5+(13-1)*4),OFFSET(Attendance!$A$1,11,7+(13-1)*4)),"")) | AV42: =IF($AF42="","",IFERROR(AVERAGE(OFFSET(Attendance!$A$1,11,5+(14-1)*4),OFFSET(Attendance!$A$1,11,7+(14-1)*4)),"")) | AW42: =IF($AF42="","",IFERROR(AVERAGE(OFFSET(Attendance!$A$1,11,5+(15-1)*4),OFFSET(Attendance!$A$1,11,7+(15-1)*4)),"")) | AX42: =IF($AF42="","",IFERROR(AVERAGE(OFFSET(Attendance!$A$1,11,5+(16-1)*4),OFFSET(Attendance!$A$1,11,7+(16-1)*4)),"")) | AY42: =IF($AF42="","",IFERROR(AVERAGE(OFFSET(Attendance!$A$1,11,5+(17-1)*4),OFFSET(Attendance!$A$1,11,7+(17-1)*4)),"")) | AZ42: =IF($AF42="","",IFERROR(AVERAGE(OFFSET(Attendance!$A$1,11,5+(18-1)*4),OFFSET(Attendance!$A$1,11,7+(18-1)*4)),"")) | BA42: =IF($AF42="","",IFERROR(AVERAGE(OFFSET(Attendance!$A$1,11,5+(19-1)*4),OFFSET(Attendance!$A$1,11,7+(19-1)*4)),"")) | BB42: =IF($AF42="","",IFERROR(AVERAGE(OFFSET(Attendance!$A$1,11,5+(20-1)*4),OFFSET(Attendance!$A$1,11,7+(20-1)*4)),"")) | BC42: =IF($AF42="","",IFERROR(AVERAGE(OFFSET(Attendance!$A$1,11,5+(21-1)*4),OFFSET(Attendance!$A$1,11,7+(21-1)*4)),"")) | BD42: =IF($AF42="","",IFERROR(AVERAGE(OFFSET(Attendance!$A$1,11,5+(22-1)*4),OFFSET(Attendance!$A$1,11,7+(22-1)*4)),"")) | BE42: =IF($AF42="","",IFERROR(Workings!$D13,"")) | BF42: =IF($AF42="","",IFERROR(Workings!$E13,"")) | BG42: =IF($AF42="","",IFERROR(Workings!$G13,"")) | BH42: =IF($AF42="","",IFERROR(Workings!$H13,"")) -> 0
AF43: =IF(Attendance!$D13="","",Attendance!$D13) -> Tara Brannigan | AG43: {=IF($AF43="","",_xlfn.TEXTJOIN("",TRUE,IF(Attendance!$E$4:$CN$4="WR",IFERROR(CHOOSE(Attendance!$E13:$CN13,"▁","▃","▅","▆","█"),"·"),"")))} -> ············································ | AH43: {=IF($AF43="","",_xlfn.TEXTJOIN("",TRUE,IF(Attendance!$CP$4:$FY$4="Rating",IFERROR(CHOOSE(ROUNDUP(Attendance!$CP13:$FY13/2,0),"▁","▃","▅","▆","█"),"·"),"")))} -> ······················ | AI43: =IF($AF43="","",IFERROR(AVERAGE(OFFSET(Attendance!$A$1,12,5+(1-1)*4),OFFSET(Attendance!$A$1,12,7+(1-1)*4)),"")) | AJ43: =IF($AF43="","",IFERROR(AVERAGE(OFFSET(Attendance!$A$1,12,5+(2-1)*4),OFFSET(Attendance!$A$1,12,7+(2-1)*4)),"")) | AK43: =IF($AF43="","",IFERROR(AVERAGE(OFFSET(Attendance!$A$1,12,5+(3-1)*4),OFFSET(Attendance!$A$1,12,7+(3-1)*4)),"")) | AL43: =IF($AF43="","",IFERROR(AVERAGE(OFFSET(Attendance!$A$1,12,5+(4-1)*4),OFFSET(Attendance!$A$1,12,7+(4-1)*4)),"")) | AM43: =IF($AF43="","",IFERROR(AVERAGE(OFFSET(Attendance!$A$1,12,5+(5-1)*4),OFFSET(Attendance!$A$1,12,7+(5-1)*4)),"")) | AN43: =IF($AF43="","",IFERROR(AVERAGE(OFFSET(Attendance!$A$1,12,5+(6-1)*4),OFFSET(Attendance!$A$1,12,7+(6-1)*4)),"")) | AO43: =IF($AF43="","",IFERROR(AVERAGE(OFFSET(Attendance!$A$1,12,5+(7-1)*4),OFFSET(Attendance!$A$1,12,7+(7-1)*4)),"")) | AP43: =IF($AF43="","",IFERROR(AVERAGE(OFFSET(Attendance!$A$1,12,5+(8-1)*4),OFFSET(Attendance!$A$1,12,7+(8-1)*4)),"")) | AQ43: =IF($AF43="","",IFERROR(AVERAGE(OFFSET(Attendance!$A$1,12,5+(9-1)*4),OFFSET(Attendance!$A$1,12,7+(9-1)*4)),"")) | AR43: =IF($AF43="","",IFERROR(AVERAGE(OFFSET(Attendance!$A$1,12,5+(10-1)*4),OFFSET(Attendance!$A$1,12,7+(10-1)*4)),"")) | AS43: =IF($AF43="","",IFERROR(AVERAGE(OFFSET(Attendance!$A$1,12,5+(11-1)*4),OFFSET(Attendance!$A$1,12,7+(11-1)*4)),"")) | AT43: =IF($AF43="","",IFERROR(AVERAGE(OFFSET(Attendance!$A$1,12,5+(12-1)*4),OFFSET(Attendance!$A$1,12,7+(12-1)*4)),"")) | AU43: =IF($AF43="","",IFERROR(AVERAGE(OFFSET(Attendance!$A$1,12,5+(13-1)*4),OFFSET(Attendance!$A$1,12,7+(13-1)*4)),"")) | AV43: =IF($AF43="","",IFERROR(AVERAGE(OFFSET(Attendance!$A$1,12,5+(14-1)*4),OFFSET(Attendance!$A$1,12,7+(14-1)*4)),"")) | AW43: =IF($AF43="","",IFERROR(AVERAGE(OFFSET(Attendance!$A$1,12,5+(15-1)*4),OFFSET(Attendance!$A$1,12,7+(15-1)*4)),"")) | AX43: =IF($AF43="","",IFERROR(AVERAGE(OFFSET(Attendance!$A$1,12,5+(16-1)*4),OFFSET(Attendance!$A$1,12,7+(16-1)*4)),"")) | AY43: =IF($AF43="","",IFERROR(AVERAGE(OFFSET(Attendance!$A$1,12,5+(17-1)*4),OFFSET(Attendance!$A$1,12,7+(17-1)*4)),"")) | AZ43: =IF($AF43="","",IFERROR(AVERAGE(OFFSET(Attendance!$A$1,12,5+(18-1)*4),OFFSET(Attendance!$A$1,12,7+(18-1)*4)),"")) | BA43: =IF($AF43="","",IFERROR(AVERAGE(OFFSET(Attendance!$A$1,12,5+(19-1)*4),OFFSET(Attendance!$A$1,12,7+(19-1)*4)),"")) | BB43: =IF($AF43="","",IFERROR(AVERAGE(OFFSET(Attendance!$A$1,12,5+(20-1)*4),OFFSET(Attendance!$A$1,12,7+(20-1)*4)),"")) | BC43: =IF($AF43="","",IFERROR(AVERAGE(OFFSET(Attendance!$A$1,12,5+(21-1)*4),OFFSET(Attendance!$A$1,12,7+(21-1)*4)),"")) | BD43: =IF($AF43="","",IFERROR(AVERAGE(OFFSET(Attendance!$A$1,12,5+(22-1)*4),OFFSET(Attendance!$A$1,12,7+(22-1)*4)),"")) | BE43: =IF($AF43="","",IFERROR(Workings!$D14,"")) | BF43: =IF($AF43="","",IFERROR(Workings!$E14,"")) | BG43: =IF($AF43="","",IFERROR(Workings!$G14,"")) | BH43: =IF($AF43="","",IFERROR(Workings!$H14,"")) -> 0
AF44: =IF(Attendance!$D14="","",Attendance!$D14) -> Semilore Adesanya | AG44: {=IF($AF44="","",_xlfn.TEXTJOIN("",TRUE,IF(Attendance!$E$4:$CN$4="WR",IFERROR(CHOOSE(Attendance!$E14:$CN14,"▁","▃","▅","▆","█"),"·"),"")))} -> ············································ | AH44: {=IF($AF44="","",_xlfn.TEXTJOIN("",TRUE,IF(Attendance!$CP$4:$FY$4="Rating",IFERROR(CHOOSE(ROUNDUP(Attendance!$CP14:$FY14/2,0),"▁","▃","▅","▆","█"),"·"),"")))} -> ······················ | AI44: =IF($AF44="","",IFERROR(AVERAGE(OFFSET(Attendance!$A$1,13,5+(1-1)*4),OFFSET(Attendance!$A$1,13,7+(1-1)*4)),"")) | AJ44: =IF($AF44="","",IFERROR(AVERAGE(OFFSET(Attendance!$A$1,13,5+(2-1)*4),OFFSET(Attendance!$A$1,13,7+(2-1)*4)),"")) | AK44: =IF($AF44="","",IFERROR(AVERAGE(OFFSET(Attendance!$A$1,13,5+(3-1)*4),OFFSET(Attendance!$A$1,13,7+(3-1)*4)),"")) | AL44: =IF($AF44="","",IFERROR(AVERAGE(OFFSET(Attendance!$A$1,13,5+(4-1)*4),OFFSET(Attendance!$A$1,13,7+(4-1)*4)),"")) | AM44: =IF($AF44="","",IFERROR(AVERAGE(OFFSET(Attendance!$A$1,13,5+(5-1)*4),OFFSET(Attendance!$A$1,13,7+(5-1)*4)),"")) | AN44: =IF($AF44="","",IFERROR(AVERAGE(OFFSET(Attendance!$A$1,13,5+(6-1)*4),OFFSET(Attendance!$A$1,13,7+(6-1)*4)),"")) | AO44: =IF($AF44="","",IFERROR(AVERAGE(OFFSET(Attendance!$A$1,13,5+(7-1)*4),OFFSET(Attendance!$A$1,13,7+(7-1)*4)),"")) | AP44: =IF($AF44="","",IFERROR(AVERAGE(OFFSET(Attendance!$A$1,13,5+(8-1)*4),OFFSET(Attendance!$A$1,13,7+(8-1)*4)),"")) | AQ44: =IF($AF44="","",IFERROR(AVERAGE(OFFSET(Attendance!$A$1,13,5+(9-1)*4),OFFSET(Attendance!$A$1,13,7+(9-1)*4)),"")) | AR44: =IF($AF44="","",IFERROR(AVERAGE(OFFSET(Attendance!$A$1,13,5+(10-1)*4),OFFSET(Attendance!$A$1,13,7+(10-1)*4)),"")) | AS44: =IF($AF44="","",IFERROR(AVERAGE(OFFSET(Attendance!$A$1,13,5+(11-1)*4),OFFSET(Attendance!$A$1,13,7+(11-1)*4)),"")) | AT44: =IF($AF44="","",IFERROR(AVERAGE(OFFSET(Attendance!$A$1,13,5+(12-1)*4),OFFSET(Attendance!$A$1,13,7+(12-1)*4)),"")) | AU44: =IF($AF44="","",IFERROR(AVERAGE(OFFSET(Attendance!$A$1,13,5+(13-1)*4),OFFSET(Attendance!$A$1,13,7+(13-1)*4)),"")) | AV44: =IF($AF44="","",IFERROR(AVERAGE(OFFSET(Attendance!$A$1,13,5+(14-1)*4),OFFSET(Attendance!$A$1,13,7+(14-1)*4)),"")) | AW44: =IF($AF44="","",IFERROR(AVERAGE(OFFSET(Attendance!$A$1,13,5+(15-1)*4),OFFSET(Attendance!$A$1,13,7+(15-1)*4)),"")) | AX44: =IF($AF44="","",IFERROR(AVERAGE(OFFSET(Attendance!$A$1,13,5+(16-1)*4),OFFSET(Attendance!$A$1,13,7+(16-1)*4)),"")) | AY44: =IF($AF44="","",IFERROR(AVERAGE(OFFSET(Attendance!$A$1,13,5+(17-1)*4),OFFSET(Attendance!$A$1,13,7+(17-1)*4)),"")) | AZ44: =IF($AF44="","",IFERROR(AVERAGE(OFFSET(Attendance!$A$1,13,5+(18-1)*4),OFFSET(Attendance!$A$1,13,7+(18-1)*4)),"")) | BA44: =IF($AF44="","",IFERROR(AVERAGE(OFFSET(Attendance!$A$1,13,5+(19-1)*4),OFFSET(Attendance!$A$1,13,7+(19-1)*4)),"")) | BB44: =IF($AF44="","",IFERROR(AVERAGE(OFFSET(Attendance!$A$1,13,5+(20-1)*4),OFFSET(Attendance!$A$1,13,7+(20-1)*4)),"")) | BC44: =IF($AF44="","",IFERROR(AVERAGE(OFFSET(Attendance!$A$1,13,5+(21-1)*4),OFFSET(Attendance!$A$1,13,7+(21-1)*4)),"")) | BD44: =IF($AF44="","",IFERROR(AVERAGE(OFFSET(Attendance!$A$1,13,5+(22-1)*4),OFFSET(Attendance!$A$1,13,7+(22-1)*4)),"")) | BE44: =IF($AF44="","",IFERROR(Workings!$D15,"")) | BF44: =IF($AF44="","",IFERROR(Workings!$E15,"")) | BG44: =IF($AF44="","",IFERROR(Workings!$G15,"")) | BH44: =IF($AF44="","",IFERROR(Workings!$H15,"")) -> 0
AF45: =IF(Attendance!$D15="","",Attendance!$D15) -> Hannah Fleming | AG45: {=IF($AF45="","",_xlfn.TEXTJOIN("",TRUE,IF(Attendance!$E$4:$CN$4="WR",IFERROR(CHOOSE(Attendance!$E15:$CN15,"▁","▃","▅","▆","█"),"·"),"")))} -> ············································ | AH45: {=IF($AF45="","",_xlfn.TEXTJOIN("",TRUE,IF(Attendance!$CP$4:$FY$4="Rating",IFERROR(CHOOSE(ROUNDUP(Attendance!$CP15:$FY15/2,0),"▁","▃","▅","▆","█"),"·"),"")))} -> ······················ | AI45: =IF($AF45="","",IFERROR(AVERAGE(OFFSET(Attendance!$A$1,14,5+(1-1)*4),OFFSET(Attendance!$A$1,14,7+(1-1)*4)),"")) | AJ45: =IF($AF45="","",IFERROR(AVERAGE(OFFSET(Attendance!$A$1,14,5+(2-1)*4),OFFSET(Attendance!$A$1,14,7+(2-1)*4)),"")) | AK45: =IF($AF45="","",IFERROR(AVERAGE(OFFSET(Attendance!$A$1,14,5+(3-1)*4),OFFSET(Attendance!$A$1,14,7+(3-1)*4)),"")) | AL45: =IF($AF45="","",IFERROR(AVERAGE(OFFSET(Attendance!$A$1,14,5+(4-1)*4),OFFSET(Attendance!$A$1,14,7+(4-1)*4)),"")) | AM45: =IF($AF45="","",IFERROR(AVERAGE(OFFSET(Attendance!$A$1,14,5+(5-1)*4),OFFSET(Attendance!$A$1,14,7+(5-1)*4)),"")) | AN45: =IF($AF45="","",IFERROR(AVERAGE(OFFSET(Attendance!$A$1,14,5+(6-1)*4),OFFSET(Attendance!$A$1,14,7+(6-1)*4)),"")) | AO45: =IF($AF45="","",IFERROR(AVERAGE(OFFSET(Attendance!$A$1,14,5+(7-1)*4),OFFSET(Attendance!$A$1,14,7+(7-1)*4)),"")) | AP45: =IF($AF45="","",IFERROR(AVERAGE(OFFSET(Attendance!$A$1,14,5+(8-1)*4),OFFSET(Attendance!$A$1,14,7+(8-1)*4)),"")) | AQ45: =IF($AF45="","",IFERROR(AVERAGE(OFFSET(Attendance!$A$1,14,5+(9-1)*4),OFFSET(Attendance!$A$1,14,7+(9-1)*4)),"")) | AR45: =IF($AF45="","",IFERROR(AVERAGE(OFFSET(Attendance!$A$1,14,5+(10-1)*4),OFFSET(Attendance!$A$1,14,7+(10-1)*4)),"")) | AS45: =IF($AF45="","",IFERROR(AVERAGE(OFFSET(Attendance!$A$1,14,5+(11-1)*4),OFFSET(Attendance!$A$1,14,7+(11-1)*4)),"")) | AT45: =IF($AF45="","",IFERROR(AVERAGE(OFFSET(Attendance!$A$1,14,5+(12-1)*4),OFFSET(Attendance!$A$1,14,7+(12-1)*4)),"")) | AU45: =IF($AF45="","",IFERROR(AVERAGE(OFFSET(Attendance!$A$1,14,5+(13-1)*4),OFFSET(Attendance!$A$1,14,7+(13-1)*4)),"")) | AV45: =IF($AF45="","",IFERROR(AVERAGE(OFFSET(Attendance!$A$1,14,5+(14-1)*4),OFFSET(Attendance!$A$1,14,7+(14-1)*4)),"")) | AW45: =IF($AF45="","",IFERROR(AVERAGE(OFFSET(Attendance!$A$1,14,5+(15-1)*4),OFFSET(Attendance!$A$1,14,7+(15-1)*4)),"")) | AX45: =IF($AF45="","",IFERROR(AVERAGE(OFFSET(Attendance!$A$1,14,5+(16-1)*4),OFFSET(Attendance!$A$1,14,7+(16-1)*4)),"")) | AY45: =IF($AF45="","",IFERROR(AVERAGE(OFFSET(Attendance!$A$1,14,5+(17-1)*4),OFFSET(Attendance!$A$1,14,7+(17-1)*4)),"")) | AZ45: =IF($AF45="","",IFERROR(AVERAGE(OFFSET(Attendance!$A$1,14,5+(18-1)*4),OFFSET(Attendance!$A$1,14,7+(18-1)*4)),"")) | BA45: =IF($AF45="","",IFERROR(AVERAGE(OFFSET(Attendance!$A$1,14,5+(19-1)*4),OFFSET(Attendance!$A$1,14,7+(19-1)*4)),"")) | BB45: =IF($AF45="","",IFERROR(AVERAGE(OFFSET(Attendance!$A$1,14,5+(20-1)*4),OFFSET(Attendance!$A$1,14,7+(20-1)*4)),"")) | BC45: =IF($AF45="","",IFERROR(AVERAGE(OFFSET(Attendance!$A$1,14,5+(21-1)*4),OFFSET(Attendance!$A$1,14,7+(21-1)*4)),"")) | BD45: =IF($AF45="","",IFERROR(AVERAGE(OFFSET(Attendance!$A$1,14,5+(22-1)*4),OFFSET(Attendance!$A$1,14,7+(22-1)*4)),"")) | BE45: =IF($AF45="","",IFERROR(Workings!$D16,"")) | BF45: =IF($AF45="","",IFERROR(Workings!$E16,"")) | BG45: =IF($AF45="","",IFERROR(Workings!$G16,"")) | BH45: =IF($AF45="","",IFERROR(Workings!$H16,"")) -> 0
AF46: =IF(Attendance!$D16="","",Attendance!$D16) -> Emma Kelly | AG46: {=IF($AF46="","",_xlfn.TEXTJOIN("",TRUE,IF(Attendance!$E$4:$CN$4="WR",IFERROR(CHOOSE(Attendance!$E16:$CN16,"▁","▃","▅","▆","█"),"·"),"")))} -> ············································ | AH46: {=IF($AF46="","",_xlfn.TEXTJOIN("",TRUE,IF(Attendance!$CP$4:$FY$4="Rating",IFERROR(CHOOSE(ROUNDUP(Attendance!$CP16:$FY16/2,0),"▁","▃","▅","▆","█"),"·"),"")))} -> ······················ | AI46: =IF($AF46="","",IFERROR(AVERAGE(OFFSET(Attendance!$A$1,15,5+(1-1)*4),OFFSET(Attendance!$A$1,15,7+(1-1)*4)),"")) | AJ46: =IF($AF46="","",IFERROR(AVERAGE(OFFSET(Attendance!$A$1,15,5+(2-1)*4),OFFSET(Attendance!$A$1,15,7+(2-1)*4)),"")) | AK46: =IF($AF46="","",IFERROR(AVERAGE(OFFSET(Attendance!$A$1,15,5+(3-1)*4),OFFSET(Attendance!$A$1,15,7+(3-1)*4)),"")) | AL46: =IF($AF46="","",IFERROR(AVERAGE(OFFSET(Attendance!$A$1,15,5+(4-1)*4),OFFSET(Attendance!$A$1,15,7+(4-1)*4)),"")) | AM46: =IF($AF46="","",IFERROR(AVERAGE(OFFSET(Attendance!$A$1,15,5+(5-1)*4),OFFSET(Attendance!$A$1,15,7+(5-1)*4)),"")) | AN46: =IF($AF46="","",IFERROR(AVERAGE(OFFSET(Attendance!$A$1,15,5+(6-1)*4),OFFSET(Attendance!$A$1,15,7+(6-1)*4)),"")) | AO46: =IF($AF46="","",IFERROR(AVERAGE(OFFSET(Attendance!$A$1,15,5+(7-1)*4),OFFSET(Attendance!$A$1,15,7+(7-1)*4)),"")) | AP46: =IF($AF46="","",IFERROR(AVERAGE(OFFSET(Attendance!$A$1,15,5+(8-1)*4),OFFSET(Attendance!$A$1,15,7+(8-1)*4)),"")) | AQ46: =IF($AF46="","",IFERROR(AVERAGE(OFFSET(Attendance!$A$1,15,5+(9-1)*4),OFFSET(Attendance!$A$1,15,7+(9-1)*4)),"")) | AR46: =IF($AF46="","",IFERROR(AVERAGE(OFFSET(Attendance!$A$1,15,5+(10-1)*4),OFFSET(Attendance!$A$1,15,7+(10-1)*4)),"")) | AS46: =IF($AF46="","",IFERROR(AVERAGE(OFFSET(Attendance!$A$1,15,5+(11-1)*4),OFFSET(Attendance!$A$1,15,7+(11-1)*4)),"")) | AT46: =IF($AF46="","",IFERROR(AVERAGE(OFFSET(Attendance!$A$1,15,5+(12-1)*4),OFFSET(Attendance!$A$1,15,7+(12-1)*4)),"")) | AU46: =IF($AF46="","",IFERROR(AVERAGE(OFFSET(Attendance!$A$1,15,5+(13-1)*4),OFFSET(Attendance!$A$1,15,7+(13-1)*4)),"")) | AV46: =IF($AF46="","",IFERROR(AVERAGE(OFFSET(Attendance!$A$1,15,5+(14-1)*4),OFFSET(Attendance!$A$1,15,7+(14-1)*4)),"")) | AW46: =IF($AF46="","",IFERROR(AVERAGE(OFFSET(Attendance!$A$1,15,5+(15-1)*4),OFFSET(Attendance!$A$1,15,7+(15-1)*4)),"")) | AX46: =IF($AF46="","",IFERROR(AVERAGE(OFFSET(Attendance!$A$1,15,5+(16-1)*4),OFFSET(Attendance!$A$1,15,7+(16-1)*4)),"")) | AY46: =IF($AF46="","",IFERROR(AVERAGE(OFFSET(Attendance!$A$1,15,5+(17-1)*4),OFFSET(Attendance!$A$1,15,7+(17-1)*4)),"")) | AZ46: =IF($AF46="","",IFERROR(AVERAGE(OFFSET(Attendance!$A$1,15,5+(18-1)*4),OFFSET(Attendance!$A$1,15,7+(18-1)*4)),"")) | BA46: =IF($AF46="","",IFERROR(AVERAGE(OFFSET(Attendance!$A$1,15,5+(19-1)*4),OFFSET(Attendance!$A$1,15,7+(19-1)*4)),"")) | BB46: =IF($AF46="","",IFERROR(AVERAGE(OFFSET(Attendance!$A$1,15,5+(20-1)*4),OFFSET(Attendance!$A$1,15,7+(20-1)*4)),"")) | BC46: =IF($AF46="","",IFERROR(AVERAGE(OFFSET(Attendance!$A$1,15,5+(21-1)*4),OFFSET(Attendance!$A$1,15,7+(21-1)*4)),"")) | BD46: =IF($AF46="","",IFERROR(AVERAGE(OFFSET(Attendance!$A$1,15,5+(22-1)*4),OFFSET(Attendance!$A$1,15,7+(22-1)*4)),"")) | BE46: =IF($AF46="","",IFERROR(Workings!$D17,"")) | BF46: =IF($AF46="","",IFERROR(Workings!$E17,"")) | BG46: =IF($AF46="","",IFERROR(Workings!$G17,"")) | BH46: =IF($AF46="","",IFERROR(Workings!$H17,"")) -> 0
AF47: =IF(Attendance!$D17="","",Attendance!$D17) -> Roma Memon | AG47: {=IF($AF47="","",_xlfn.TEXTJOIN("",TRUE,IF(Attendance!$E$4:$CN$4="WR",IFERROR(CHOOSE(Attendance!$E17:$CN17,"▁","▃","▅","▆","█"),"·"),"")))} -> ············································ | AH47: {=IF($AF47="","",_xlfn.TEXTJOIN("",TRUE,IF(Attendance!$CP$4:$FY$4="Rating",IFERROR(CHOOSE(ROUNDUP(Attendance!$CP17:$FY17/2,0),"▁","▃","▅","▆","█"),"·"),"")))} -> ······················ | AI47: =IF($AF47="","",IFERROR(AVERAGE(OFFSET(Attendance!$A$1,16,5+(1-1)*4),OFFSET(Attendance!$A$1,16,7+(1-1)*4)),"")) | AJ47: =IF($AF47="","",IFERROR(AVERAGE(OFFSET(Attendance!$A$1,16,5+(2-1)*4),OFFSET(Attendance!$A$1,16,7+(2-1)*4)),"")) | AK47: =IF($AF47="","",IFERROR(AVERAGE(OFFSET(Attendance!$A$1,16,5+(3-1)*4),OFFSET(Attendance!$A$1,16,7+(3-1)*4)),"")) | AL47: =IF($AF47="","",IFERROR(AVERAGE(OFFSET(Attendance!$A$1,16,5+(4-1)*4),OFFSET(Attendance!$A$1,16,7+(4-1)*4)),"")) | AM47: =IF($AF47="","",IFERROR(AVERAGE(OFFSET(Attendance!$A$1,16,5+(5-1)*4),OFFSET(Attendance!$A$1,16,7+(5-1)*4)),"")) | AN47: =IF($AF47="","",IFERROR(AVERAGE(OFFSET(Attendance!$A$1,16,5+(6-1)*4),OFFSET(Attendance!$A$1,16,7+(6-1)*4)),"")) | AO47: =IF($AF47="","",IFERROR(AVERAGE(OFFSET(Attendance!$A$1,16,5+(7-1)*4),OFFSET(Attendance!$A$1,16,7+(7-1)*4)),"")) | AP47: =IF($AF47="","",IFERROR(AVERAGE(OFFSET(Attendance!$A$1,16,5+(8-1)*4),OFFSET(Attendance!$A$1,16,7+(8-1)*4)),"")) | AQ47: =IF($AF47="","",IFERROR(AVERAGE(OFFSET(Attendance!$A$1,16,5+(9-1)*4),OFFSET(Attendance!$A$1,16,7+(9-1)*4)),"")) | AR47: =IF($AF47="","",IFERROR(AVERAGE(OFFSET(Attendance!$A$1,16,5+(10-1)*4),OFFSET(Attendance!$A$1,16,7+(10-1)*4)),"")) | AS47: =IF($AF47="","",IFERROR(AVERAGE(OFFSET(Attendance!$A$1,16,5+(11-1)*4),OFFSET(Attendance!$A$1,16,7+(11-1)*4)),"")) | AT47: =IF($AF47="","",IFERROR(AVERAGE(OFFSET(Attendance!$A$1,16,5+(12-1)*4),OFFSET(Attendance!$A$1,16,7+(12-1)*4)),"")) | AU47: =IF($AF47="","",IFERROR(AVERAGE(OFFSET(Attendance!$A$1,16,5+(13-1)*4),OFFSET(Attendance!$A$1,16,7+(13-1)*4)),"")) | AV47: =IF($AF47="","",IFERROR(AVERAGE(OFFSET(Attendance!$A$1,16,5+(14-1)*4),OFFSET(Attendance!$A$1,16,7+(14-1)*4)),"")) | AW47: =IF($AF47="","",IFERROR(AVERAGE(OFFSET(Attendance!$A$1,16,5+(15-1)*4),OFFSET(Attendance!$A$1,16,7+(15-1)*4)),"")) | AX47: =IF($AF47="","",IFERROR(AVERAGE(OFFSET(Attendance!$A$1,16,5+(16-1)*4),OFFSET(Attendance!$A$1,16,7+(16-1)*4)),"")) | AY47: =IF($AF47="","",IFERROR(AVERAGE(OFFSET(Attendance!$A$1,16,5+(17-1)*4),OFFSET(Attendance!$A$1,16,7+(17-1)*4)),"")) | AZ47: =IF($AF47="","",IFERROR(AVERAGE(OFFSET(Attendance!$A$1,16,5+(18-1)*4),OFFSET(Attendance!$A$1,16,7+(18-1)*4)),"")) | BA47: =IF($AF47="","",IFERROR(AVERAGE(OFFSET(Attendance!$A$1,16,5+(19-1)*4),OFFSET(Attendance!$A$1,16,7+(19-1)*4)),"")) | BB47: =IF($AF47="","",IFERROR(AVERAGE(OFFSET(Attendance!$A$1,16,5+(20-1)*4),OFFSET(Attendance!$A$1,16,7+(20-1)*4)),"")) | BC47: =IF($AF47="","",IFERROR(AVERAGE(OFFSET(Attendance!$A$1,16,5+(21-1)*4),OFFSET(Attendance!$A$1,16,7+(21-1)*4)),"")) | BD47: =IF($AF47="","",IFERROR(AVERAGE(OFFSET(Attendance!$A$1,16,5+(22-1)*4),OFFSET(Attendance!$A$1,16,7+(22-1)*4)),"")) | BE47: =IF($AF47="","",IFERROR(Workings!$D18,"")) | BF47: =IF($AF47="","",IFERROR(Workings!$E18,"")) | BG47: =IF($AF47="","",IFERROR(Workings!$G18,"")) | BH47: =IF($AF47="","",IFERROR(Workings!$H18,"")) -> 0
AF48: =IF(Attendance!$D18="","",Attendance!$D18) -> Emma Dromgoole | AG48: {=IF($AF48="","",_xlfn.TEXTJOIN("",TRUE,IF(Attendance!$E$4:$CN$4="WR",IFERROR(CHOOSE(Attendance!$E18:$CN18,"▁","▃","▅","▆","█"),"·"),"")))} -> ············································ | AH48: {=IF($AF48="","",_xlfn.TEXTJOIN("",TRUE,IF(Attendance!$CP$4:$FY$4="Rating",IFERROR(CHOOSE(ROUNDUP(Attendance!$CP18:$FY18/2,0),"▁","▃","▅","▆","█"),"·"),"")))} -> ······················ | AI48: =IF($AF48="","",IFERROR(AVERAGE(OFFSET(Attendance!$A$1,17,5+(1-1)*4),OFFSET(Attendance!$A$1,17,7+(1-1)*4)),"")) | AJ48: =IF($AF48="","",IFERROR(AVERAGE(OFFSET(Attendance!$A$1,17,5+(2-1)*4),OFFSET(Attendance!$A$1,17,7+(2-1)*4)),"")) | AK48: =IF($AF48="","",IFERROR(AVERAGE(OFFSET(Attendance!$A$1,17,5+(3-1)*4),OFFSET(Attendance!$A$1,17,7+(3-1)*4)),"")) | AL48: =IF($AF48="","",IFERROR(AVERAGE(OFFSET(Attendance!$A$1,17,5+(4-1)*4),OFFSET(Attendance!$A$1,17,7+(4-1)*4)),"")) | AM48: =IF($AF48="","",IFERROR(AVERAGE(OFFSET(Attendance!$A$1,17,5+(5-1)*4),OFFSET(Attendance!$A$1,17,7+(5-1)*4)),"")) | AN48: =IF($AF48="","",IFERROR(AVERAGE(OFFSET(Attendance!$A$1,17,5+(6-1)*4),OFFSET(Attendance!$A$1,17,7+(6-1)*4)),"")) | AO48: =IF($AF48="","",IFERROR(AVERAGE(OFFSET(Attendance!$A$1,17,5+(7-1)*4),OFFSET(Attendance!$A$1,17,7+(7-1)*4)),"")) | AP48: =IF($AF48="","",IFERROR(AVERAGE(OFFSET(Attendance!$A$1,17,5+(8-1)*4),OFFSET(Attendance!$A$1,17,7+(8-1)*4)),"")) | AQ48: =IF($AF48="","",IFERROR(AVERAGE(OFFSET(Attendance!$A$1,17,5+(9-1)*4),OFFSET(Attendance!$A$1,17,7+(9-1)*4)),"")) | AR48: =IF($AF48="","",IFERROR(AVERAGE(OFFSET(Attendance!$A$1,17,5+(10-1)*4),OFFSET(Attendance!$A$1,17,7+(10-1)*4)),"")) | AS48: =IF($AF48="","",IFERROR(AVERAGE(OFFSET(Attendance!$A$1,17,5+(11-1)*4),OFFSET(Attendance!$A$1,17,7+(11-1)*4)),"")) | AT48: =IF($AF48="","",IFERROR(AVERAGE(OFFSET(Attendance!$A$1,17,5+(12-1)*4),OFFSET(Attendance!$A$1,17,7+(12-1)*4)),"")) | AU48: =IF($AF48="","",IFERROR(AVERAGE(OFFSET(Attendance!$A$1,17,5+(13-1)*4),OFFSET(Attendance!$A$1,17,7+(13-1)*4)),"")) | AV48: =IF($AF48="","",IFERROR(AVERAGE(OFFSET(Attendance!$A$1,17,5+(14-1)*4),OFFSET(Attendance!$A$1,17,7+(14-1)*4)),"")) | AW48: =IF($AF48="","",IFERROR(AVERAGE(OFFSET(Attendance!$A$1,17,5+(15-1)*4),OFFSET(Attendance!$A$1,17,7+(15-1)*4)),"")) | AX48: =IF($AF48="","",IFERROR(AVERAGE(OFFSET(Attendance!$A$1,17,5+(16-1)*4),OFFSET(Attendance!$A$1,17,7+(16-1)*4)),"")) | AY48: =IF($AF48="","",IFERROR(AVERAGE(OFFSET(Attendance!$A$1,17,5+(17-1)*4),OFFSET(Attendance!$A$1,17,7+(17-1)*4)),"")) | AZ48: =IF($AF48="","",IFERROR(AVERAGE(OFFSET(Attendance!$A$1,17,5+(18-1)*4),OFFSET(Attendance!$A$1,17,7+(18-1)*4)),"")) | BA48: =IF($AF48="","",IFERROR(AVERAGE(OFFSET(Attendance!$A$1,17,5+(19-1)*4),OFFSET(Attendance!$A$1,17,7+(19-1)*4)),"")) | BB48: =IF($AF48="","",IFERROR(AVERAGE(OFFSET(Attendance!$A$1,17,5+(20-1)*4),OFFSET(Attendance!$A$1,17,7+(20-1)*4)),"")) | BC48: =IF($AF48="","",IFERROR(AVERAGE(OFFSET(Attendance!$A$1,17,5+(21-1)*4),OFFSET(Attendance!$A$1,17,7+(21-1)*4)),"")) | BD48: =IF($AF48="","",IFERROR(AVERAGE(OFFSET(Attendance!$A$1,17,5+(22-1)*4),OFFSET(Attendance!$A$1,17,7+(22-1)*4)),"")) | BE48: =IF($AF48="","",IFERROR(Workings!$D19,"")) | BF48: =IF($AF48="","",IFERROR(Workings!$E19,"")) | BG48: =IF($AF48="","",IFERROR(Workings!$G19,"")) | BH48: =IF($AF48="","",IFERROR(Workings!$H19,"")) -> 0
AF49: =IF(Attendance!$D19="","",Attendance!$D19) -> Elsie Morrison | AG49: {=IF($AF49="","",_xlfn.TEXTJOIN("",TRUE,IF(Attendance!$E$4:$CN$4="WR",IFERROR(CHOOSE(Attendance!$E19:$CN19,"▁","▃","▅","▆","█"),"·"),"")))} -> ············································ | AH49: {=IF($AF49="","",_xlfn.TEXTJOIN("",TRUE,IF(Attendance!$CP$4:$FY$4="Rating",IFERROR(CHOOSE(ROUNDUP(Attendance!$CP19:$FY19/2,0),"▁","▃","▅","▆","█"),"·"),"")))} -> ······················ | AI49: =IF($AF49="","",IFERROR(AVERAGE(OFFSET(Attendance!$A$1,18,5+(1-1)*4),OFFSET(Attendance!$A$1,18,7+(1-1)*4)),"")) | AJ49: =IF($AF49="","",IFERROR(AVERAGE(OFFSET(Attendance!$A$1,18,5+(2-1)*4),OFFSET(Attendance!$A$1,18,7+(2-1)*4)),"")) | AK49: =IF($AF49="","",IFERROR(AVERAGE(OFFSET(Attendance!$A$1,18,5+(3-1)*4),OFFSET(Attendance!$A$1,18,7+(3-1)*4)),"")) | AL49: =IF($AF49="","",IFERROR(AVERAGE(OFFSET(Attendance!$A$1,18,5+(4-1)*4),OFFSET(Attendance!$A$1,18,7+(4-1)*4)),"")) | AM49: =IF($AF49="","",IFERROR(AVERAGE(OFFSET(Attendance!$A$1,18,5+(5-1)*4),OFFSET(Attendance!$A$1,18,7+(5-1)*4)),"")) | AN49: =IF($AF49="","",IFERROR(AVERAGE(OFFSET(Attendance!$A$1,18,5+(6-1)*4),OFFSET(Attendance!$A$1,18,7+(6-1)*4)),"")) | AO49: =IF($AF49="","",IFERROR(AVERAGE(OFFSET(Attendance!$A$1,18,5+(7-1)*4),OFFSET(Attendance!$A$1,18,7+(7-1)*4)),"")) | AP49: =IF($AF49="","",IFERROR(AVERAGE(OFFSET(Attendance!$A$1,18,5+(8-1)*4),OFFSET(Attendance!$A$1,18,7+(8-1)*4)),"")) | AQ49: =IF($AF49="","",IFERROR(AVERAGE(OFFSET(Attendance!$A$1,18,5+(9-1)*4),OFFSET(Attendance!$A$1,18,7+(9-1)*4)),"")) | AR49: =IF($AF49="","",IFERROR(AVERAGE(OFFSET(Attendance!$A$1,18,5+(10-1)*4),OFFSET(Attendance!$A$1,18,7+(10-1)*4)),"")) | AS49: =IF($AF49="","",IFERROR(AVERAGE(OFFSET(Attendance!$A$1,18,5+(11-1)*4),OFFSET(Attendance!$A$1,18,7+(11-1)*4)),"")) | AT49: =IF($AF49="","",IFERROR(AVERAGE(OFFSET(Attendance!$A$1,18,5+(12-1)*4),OFFSET(Attendance!$A$1,18,7+(12-1)*4)),"")) | AU49: =IF($AF49="","",IFERROR(AVERAGE(OFFSET(Attendance!$A$1,18,5+(13-1)*4),OFFSET(Attendance!$A$1,18,7+(13-1)*4)),"")) | AV49: =IF($AF49="","",IFERROR(AVERAGE(OFFSET(Attendance!$A$1,18,5+(14-1)*4),OFFSET(Attendance!$A$1,18,7+(14-1)*4)),"")) | AW49: =IF($AF49="","",IFERROR(AVERAGE(OFFSET(Attendance!$A$1,18,5+(15-1)*4),OFFSET(Attendance!$A$1,18,7+(15-1)*4)),"")) | AX49: =IF($AF49="","",IFERROR(AVERAGE(OFFSET(Attendance!$A$1,18,5+(16-1)*4),OFFSET(Attendance!$A$1,18,7+(16-1)*4)),"")) | AY49: =IF($AF49="","",IFERROR(AVERAGE(OFFSET(Attendance!$A$1,18,5+(17-1)*4),OFFSET(Attendance!$A$1,18,7+(17-1)*4)),"")) | AZ49: =IF($AF49="","",IFERROR(AVERAGE(OFFSET(Attendance!$A$1,18,5+(18-1)*4),OFFSET(Attendance!$A$1,18,7+(18-1)*4)),"")) | BA49: =IF($AF49="","",IFERROR(AVERAGE(OFFSET(Attendance!$A$1,18,5+(19-1)*4),OFFSET(Attendance!$A$1,18,7+(19-1)*4)),"")) | BB49: =IF($AF49="","",IFERROR(AVERAGE(OFFSET(Attendance!$A$1,18,5+(20-1)*4),OFFSET(Attendance!$A$1,18,7+(20-1)*4)),"")) | BC49: =IF($AF49="","",IFERROR(AVERAGE(OFFSET(Attendance!$A$1,18,5+(21-1)*4),OFFSET(Attendance!$A$1,18,7+(21-1)*4)),"")) | BD49: =IF($AF49="","",IFERROR(AVERAGE(OFFSET(Attendance!$A$1,18,5+(22-1)*4),OFFSET(Attendance!$A$1,18,7+(22-1)*4)),"")) | BE49: =IF($AF49="","",IFERROR(Workings!$D20,"")) | BF49: =IF($AF49="","",IFERROR(Workings!$E20,"")) | BG49: =IF($AF49="","",IFERROR(Workings!$G20,"")) | BH49: =IF($AF49="","",IFERROR(Workings!$H20,"")) -> 0
AF50: =IF(Attendance!$D20="","",Attendance!$D20) -> Zara Freeman | AG50: {=IF($AF50="","",_xlfn.TEXTJOIN("",TRUE,IF(Attendance!$E$4:$CN$4="WR",IFERROR(CHOOSE(Attendance!$E20:$CN20,"▁","▃","▅","▆","█"),"·"),"")))} -> ············································ | AH50: {=IF($AF50="","",_xlfn.TEXTJOIN("",TRUE,IF(Attendance!$CP$4:$FY$4="Rating",IFERROR(CHOOSE(ROUNDUP(Attendance!$CP20:$FY20/2,0),"▁","▃","▅","▆","█"),"·"),"")))} -> ······················ | AI50: =IF($AF50="","",IFERROR(AVERAGE(OFFSET(Attendance!$A$1,19,5+(1-1)*4),OFFSET(Attendance!$A$1,19,7+(1-1)*4)),"")) | AJ50: =IF($AF50="","",IFERROR(AVERAGE(OFFSET(Attendance!$A$1,19,5+(2-1)*4),OFFSET(Attendance!$A$1,19,7+(2-1)*4)),"")) | AK50: =IF($AF50="","",IFERROR(AVERAGE(OFFSET(Attendance!$A$1,19,5+(3-1)*4),OFFSET(Attendance!$A$1,19,7+(3-1)*4)),"")) | AL50: =IF($AF50="","",IFERROR(AVERAGE(OFFSET(Attendance!$A$1,19,5+(4-1)*4),OFFSET(Attendance!$A$1,19,7+(4-1)*4)),"")) | AM50: =IF($AF50="","",IFERROR(AVERAGE(OFFSET(Attendance!$A$1,19,5+(5-1)*4),OFFSET(Attendance!$A$1,19,7+(5-1)*4)),"")) | AN50: =IF($AF50="","",IFERROR(AVERAGE(OFFSET(Attendance!$A$1,19,5+(6-1)*4),OFFSET(Attendance!$A$1,19,7+(6-1)*4)),"")) | AO50: =IF($AF50="","",IFERROR(AVERAGE(OFFSET(Attendance!$A$1,19,5+(7-1)*4),OFFSET(Attendance!$A$1,19,7+(7-1)*4)),"")) | AP50: =IF($AF50="","",IFERROR(AVERAGE(OFFSET(Attendance!$A$1,19,5+(8-1)*4),OFFSET(Attendance!$A$1,19,7+(8-1)*4)),"")) | AQ50: =IF($AF50="","",IFERROR(AVERAGE(OFFSET(Attendance!$A$1,19,5+(9-1)*4),OFFSET(Attendance!$A$1,19,7+(9-1)*4)),"")) | AR50: =IF($AF50="","",IFERROR(AVERAGE(OFFSET(Attendance!$A$1,19,5+(10-1)*4),OFFSET(Attendance!$A$1,19,7+(10-1)*4)),"")) | AS50: =IF($AF50="","",IFERROR(AVERAGE(OFFSET(Attendance!$A$1,19,5+(11-1)*4),OFFSET(Attendance!$A$1,19,7+(11-1)*4)),"")) | AT50: =IF($AF50="","",IFERROR(AVERAGE(OFFSET(Attendance!$A$1,19,5+(12-1)*4),OFFSET(Attendance!$A$1,19,7+(12-1)*4)),"")) | AU50: =IF($AF50="","",IFERROR(AVERAGE(OFFSET(Attendance!$A$1,19,5+(13-1)*4),OFFSET(Attendance!$A$1,19,7+(13-1)*4)),"")) | AV50: =IF($AF50="","",IFERROR(AVERAGE(OFFSET(Attendance!$A$1,19,5+(14-1)*4),OFFSET(Attendance!$A$1,19,7+(14-1)*4)),"")) | AW50: =IF($AF50="","",IFERROR(AVERAGE(OFFSET(Attendance!$A$1,19,5+(15-1)*4),OFFSET(Attendance!$A$1,19,7+(15-1)*4)),"")) | AX50: =IF($AF50="","",IFERROR(AVERAGE(OFFSET(Attendance!$A$1,19,5+(16-1)*4),OFFSET(Attendance!$A$1,19,7+(16-1)*4)),"")) | AY50: =IF($AF50="","",IFERROR(AVERAGE(OFFSET(Attendance!$A$1,19,5+(17-1)*4),OFFSET(Attendance!$A$1,19,7+(17-1)*4)),"")) | AZ50: =IF($AF50="","",IFERROR(AVERAGE(OFFSET(Attendance!$A$1,19,5+(18-1)*4),OFFSET(Attendance!$A$1,19,7+(18-1)*4)),"")) | BA50: =IF($AF50="","",IFERROR(AVERAGE(OFFSET(Attendance!$A$1,19,5+(19-1)*4),OFFSET(Attendance!$A$1,19,7+(19-1)*4)),"")) | BB50: =IF($AF50="","",IFERROR(AVERAGE(OFFSET(Attendance!$A$1,19,5+(20-1)*4),OFFSET(Attendance!$A$1,19,7+(20-1)*4)),"")) | BC50: =IF($AF50="","",IFERROR(AVERAGE(OFFSET(Attendance!$A$1,19,5+(21-1)*4),OFFSET(Attendance!$A$1,19,7+(21-1)*4)),"")) | BD50: =IF($AF50="","",IFERROR(AVERAGE(OFFSET(Attendance!$A$1,19,5+(22-1)*4),OFFSET(Attendance!$A$1,19,7+(22-1)*4)),"")) | BE50: =IF($AF50="","",IFERROR(Workings!$D21,"")) | BF50: =IF($AF50="","",IFERROR(Workings!$E21,"")) | BG50: =IF($AF50="","",IFERROR(Workings!$G21,"")) | BH50: =IF($AF50="","",IFERROR(Workings!$H21,"")) -> 0
AF51: =IF(Attendance!$D21="","",Attendance!$D21) -> Marianna | AG51: {=IF($AF51="","",_xlfn.TEXTJOIN("",TRUE,IF(Attendance!$E$4:$CN$4="WR",IFERROR(CHOOSE(Attendance!$E21:$CN21,"▁","▃","▅","▆","█"),"·"),"")))} -> ············································ | AH51: {=IF($AF51="","",_xlfn.TEXTJOIN("",TRUE,IF(Attendance!$CP$4:$FY$4="Rating",IFERROR(CHOOSE(ROUNDUP(Attendance!$CP21:$FY21/2,0),"▁","▃","▅","▆","█"),"·"),"")))} -> ······················ | AI51: =IF($AF51="","",IFERROR(AVERAGE(OFFSET(Attendance!$A$1,20,5+(1-1)*4),OFFSET(Attendance!$A$1,20,7+(1-1)*4)),"")) | AJ51: =IF($AF51="","",IFERROR(AVERAGE(OFFSET(Attendance!$A$1,20,5+(2-1)*4),OFFSET(Attendance!$A$1,20,7+(2-1)*4)),"")) | AK51: =IF($AF51="","",IFERROR(AVERAGE(OFFSET(Attendance!$A$1,20,5+(3-1)*4),OFFSET(Attendance!$A$1,20,7+(3-1)*4)),"")) | AL51: =IF($AF51="","",IFERROR(AVERAGE(OFFSET(Attendance!$A$1,20,5+(4-1)*4),OFFSET(Attendance!$A$1,20,7+(4-1)*4)),"")) | AM51: =IF($AF51="","",IFERROR(AVERAGE(OFFSET(Attendance!$A$1,20,5+(5-1)*4),OFFSET(Attendance!$A$1,20,7+(5-1)*4)),"")) | AN51: =IF($AF51="","",IFERROR(AVERAGE(OFFSET(Attendance!$A$1,20,5+(6-1)*4),OFFSET(Attendance!$A$1,20,7+(6-1)*4)),"")) | AO51: =IF($AF51="","",IFERROR(AVERAGE(OFFSET(Attendance!$A$1,20,5+(7-1)*4),OFFSET(Attendance!$A$1,20,7+(7-1)*4)),"")) | AP51: =IF($AF51="","",IFERROR(AVERAGE(OFFSET(Attendance!$A$1,20,5+(8-1)*4),OFFSET(Attendance!$A$1,20,7+(8-1)*4)),"")) | AQ51: =IF($AF51="","",IFERROR(AVERAGE(OFFSET(Attendance!$A$1,20,5+(9-1)*4),OFFSET(Attendance!$A$1,20,7+(9-1)*4)),"")) | AR51: =IF($AF51="","",IFERROR(AVERAGE(OFFSET(Attendance!$A$1,20,5+(10-1)*4),OFFSET(Attendance!$A$1,20,7+(10-1)*4)),"")) | AS51: =IF($AF51="","",IFERROR(AVERAGE(OFFSET(Attendance!$A$1,20,5+(11-1)*4),OFFSET(Attendance!$A$1,20,7+(11-1)*4)),"")) | AT51: =IF($AF51="","",IFERROR(AVERAGE(OFFSET(Attendance!$A$1,20,5+(12-1)*4),OFFSET(Attendance!$A$1,20,7+(12-1)*4)),"")) | AU51: =IF($AF51="","",IFERROR(AVERAGE(OFFSET(Attendance!$A$1,20,5+(13-1)*4),OFFSET(Attendance!$A$1,20,7+(13-1)*4)),"")) | AV51: =IF($AF51="","",IFERROR(AVERAGE(OFFSET(Attendance!$A$1,20,5+(14-1)*4),OFFSET(Attendance!$A$1,20,7+(14-1)*4)),"")) | AW51: =IF($AF51="","",IFERROR(AVERAGE(OFFSET(Attendance!$A$1,20,5+(15-1)*4),OFFSET(Attendance!$A$1,20,7+(15-1)*4)),"")) | AX51: =IF($AF51="","",IFERROR(AVERAGE(OFFSET(Attendance!$A$1,20,5+(16-1)*4),OFFSET(Attendance!$A$1,20,7+(16-1)*4)),"")) | AY51: =IF($AF51="","",IFERROR(AVERAGE(OFFSET(Attendance!$A$1,20,5+(17-1)*4),OFFSET(Attendance!$A$1,20,7+(17-1)*4)),"")) | AZ51: =IF($AF51="","",IFERROR(AVERAGE(OFFSET(Attendance!$A$1,20,5+(18-1)*4),OFFSET(Attendance!$A$1,20,7+(18-1)*4)),"")) | BA51: =IF($AF51="","",IFERROR(AVERAGE(OFFSET(Attendance!$A$1,20,5+(19-1)*4),OFFSET(Attendance!$A$1,20,7+(19-1)*4)),"")) | BB51: =IF($AF51="","",IFERROR(AVERAGE(OFFSET(Attendance!$A$1,20,5+(20-1)*4),OFFSET(Attendance!$A$1,20,7+(20-1)*4)),"")) | BC51: =IF($AF51="","",IFERROR(AVERAGE(OFFSET(Attendance!$A$1,20,5+(21-1)*4),OFFSET(Attendance!$A$1,20,7+(21-1)*4)),"")) | BD51: =IF($AF51="","",IFERROR(AVERAGE(OFFSET(Attendance!$A$1,20,5+(22-1)*4),OFFSET(Attendance!$A$1,20,7+(22-1)*4)),"")) | BE51: =IF($AF51="","",IFERROR(Workings!$D22,"")) | BF51: =IF($AF51="","",IFERROR(Workings!$E22,"")) | BG51: =IF($AF51="","",IFERROR(Workings!$G22,"")) | BH51: =IF($AF51="","",IFERROR(Workings!$H22,"")) -> 0
AF52: =IF(Attendance!$D22="","",Attendance!$D22) | AG52: {=IF($AF52="","",_xlfn.TEXTJOIN("",TRUE,IF(Attendance!$E$4:$CN$4="WR",IFERROR(CHOOSE(Attendance!$E22:$CN22,"▁","▃","▅","▆","█"),"·"),"")))} | AH52: {=IF($AF52="","",_xlfn.TEXTJOIN("",TRUE,IF(Attendance!$CP$4:$FY$4="Rating",IFERROR(CHOOSE(ROUNDUP(Attendance!$CP22:$FY22/2,0),"▁","▃","▅","▆","█"),"·"),"")))} | AI52: =IF($AF52="","",IFERROR(AVERAGE(OFFSET(Attendance!$A$1,21,5+(1-1)*4),OFFSET(Attendance!$A$1,21,7+(1-1)*4)),"")) | AJ52: =IF($AF52="","",IFERROR(AVERAGE(OFFSET(Attendance!$A$1,21,5+(2-1)*4),OFFSET(Attendance!$A$1,21,7+(2-1)*4)),"")) | AK52: =IF($AF52="","",IFERROR(AVERAGE(OFFSET(Attendance!$A$1,21,5+(3-1)*4),OFFSET(Attendance!$A$1,21,7+(3-1)*4)),"")) | AL52: =IF($AF52="","",IFERROR(AVERAGE(OFFSET(Attendance!$A$1,21,5+(4-1)*4),OFFSET(Attendance!$A$1,21,7+(4-1)*4)),"")) | AM52: =IF($AF52="","",IFERROR(AVERAGE(OFFSET(Attendance!$A$1,21,5+(5-1)*4),OFFSET(Attendance!$A$1,21,7+(5-1)*4)),"")) | AN52: =IF($AF52="","",IFERROR(AVERAGE(OFFSET(Attendance!$A$1,21,5+(6-1)*4),OFFSET(Attendance!$A$1,21,7+(6-1)*4)),"")) | AO52: =IF($AF52="","",IFERROR(AVERAGE(OFFSET(Attendance!$A$1,21,5+(7-1)*4),OFFSET(Attendance!$A$1,21,7+(7-1)*4)),"")) | AP52: =IF($AF52="","",IFERROR(AVERAGE(OFFSET(Attendance!$A$1,21,5+(8-1)*4),OFFSET(Attendance!$A$1,21,7+(8-1)*4)),"")) | AQ52: =IF($AF52="","",IFERROR(AVERAGE(OFFSET(Attendance!$A$1,21,5+(9-1)*4),OFFSET(Attendance!$A$1,21,7+(9-1)*4)),"")) | AR52: =IF($AF52="","",IFERROR(AVERAGE(OFFSET(Attendance!$A$1,21,5+(10-1)*4),OFFSET(Attendance!$A$1,21,7+(10-1)*4)),"")) | AS52: =IF($AF52="","",IFERROR(AVERAGE(OFFSET(Attendance!$A$1,21,5+(11-1)*4),OFFSET(Attendance!$A$1,21,7+(11-1)*4)),"")) | AT52: =IF($AF52="","",IFERROR(AVERAGE(OFFSET(Attendance!$A$1,21,5+(12-1)*4),OFFSET(Attendance!$A$1,21,7+(12-1)*4)),"")) | AU52: =IF($AF52="","",IFERROR(AVERAGE(OFFSET(Attendance!$A$1,21,5+(13-1)*4),OFFSET(Attendance!$A$1,21,7+(13-1)*4)),"")) | AV52: =IF($AF52="","",IFERROR(AVERAGE(OFFSET(Attendance!$A$1,21,5+(14-1)*4),OFFSET(Attendance!$A$1,21,7+(14-1)*4)),"")) | AW52: =IF($AF52="","",IFERROR(AVERAGE(OFFSET(Attendance!$A$1,21,5+(15-1)*4),OFFSET(Attendance!$A$1,21,7+(15-1)*4)),"")) | AX52: =IF($AF52="","",IFERROR(AVERAGE(OFFSET(Attendance!$A$1,21,5+(16-1)*4),OFFSET(Attendance!$A$1,21,7+(16-1)*4)),"")) | AY52: =IF($AF52="","",IFERROR(AVERAGE(OFFSET(Attendance!$A$1,21,5+(17-1)*4),OFFSET(Attendance!$A$1,21,7+(17-1)*4)),"")) | AZ52: =IF($AF52="","",IFERROR(AVERAGE(OFFSET(Attendance!$A$1,21,5+(18-1)*4),OFFSET(Attendance!$A$1,21,7+(18-1)*4)),"")) | BA52: =IF($AF52="","",IFERROR(AVERAGE(OFFSET(Attendance!$A$1,21,5+(19-1)*4),OFFSET(Attendance!$A$1,21,7+(19-1)*4)),"")) | BB52: =IF($AF52="","",IFERROR(AVERAGE(OFFSET(Attendance!$A$1,21,5+(20-1)*4),OFFSET(Attendance!$A$1,21,7+(20-1)*4)),"")) | BC52: =IF($AF52="","",IFERROR(AVERAGE(OFFSET(Attendance!$A$1,21,5+(21-1)*4),OFFSET(Attendance!$A$1,21,7+(21-1)*4)),"")) | BD52: =IF($AF52="","",IFERROR(AVERAGE(OFFSET(Attendance!$A$1,21,5+(22-1)*4),OFFSET(Attendance!$A$1,21,7+(22-1)*4)),"")) | BE52: =IF($AF52="","",IFERROR(Workings!$D23,"")) | BF52: =IF($AF52="","",IFERROR(Workings!$E23,"")) | BG52: =IF($AF52="","",IFERROR(Workings!$G23,"")) | BH52: =IF($AF52="","",IFERROR(Workings!$H23,""))
AF53: =IF(Attendance!$D23="","",Attendance!$D23) | AG53: {=IF($AF53="","",_xlfn.TEXTJOIN("",TRUE,IF(Attendance!$E$4:$CN$4="WR",IFERROR(CHOOSE(Attendance!$E23:$CN23,"▁","▃","▅","▆","█"),"·"),"")))} | AH53: {=IF($AF53="","",_xlfn.TEXTJOIN("",TRUE,IF(Attendance!$CP$4:$FY$4="Rating",IFERROR(CHOOSE(ROUNDUP(Attendance!$CP23:$FY23/2,0),"▁","▃","▅","▆","█"),"·"),"")))} | AI53: =IF($AF53="","",IFERROR(AVERAGE(OFFSET(Attendance!$A$1,22,5+(1-1)*4),OFFSET(Attendance!$A$1,22,7+(1-1)*4)),"")) | AJ53: =IF($AF53="","",IFERROR(AVERAGE(OFFSET(Attendance!$A$1,22,5+(2-1)*4),OFFSET(Attendance!$A$1,22,7+(2-1)*4)),"")) | AK53: =IF($AF53="","",IFERROR(AVERAGE(OFFSET(Attendance!$A$1,22,5+(3-1)*4),OFFSET(Attendance!$A$1,22,7+(3-1)*4)),"")) | AL53: =IF($AF53="","",IFERROR(AVERAGE(OFFSET(Attendance!$A$1,22,5+(4-1)*4),OFFSET(Attendance!$A$1,22,7+(4-1)*4)),"")) | AM53: =IF($AF53="","",IFERROR(AVERAGE(OFFSET(Attendance!$A$1,22,5+(5-1)*4),OFFSET(Attendance!$A$1,22,7+(5-1)*4)),"")) | AN53: =IF($AF53="","",IFERROR(AVERAGE(OFFSET(Attendance!$A$1,22,5+(6-1)*4),OFFSET(Attendance!$A$1,22,7+(6-1)*4)),"")) | AO53: =IF($AF53="","",IFERROR(AVERAGE(OFFSET(Attendance!$A$1,22,5+(7-1)*4),OFFSET(Attendance!$A$1,22,7+(7-1)*4)),"")) | AP53: =IF($AF53="","",IFERROR(AVERAGE(OFFSET(Attendance!$A$1,22,5+(8-1)*4),OFFSET(Attendance!$A$1,22,7+(8-1)*4)),"")) | AQ53: =IF($AF53="","",IFERROR(AVERAGE(OFFSET(Attendance!$A$1,22,5+(9-1)*4),OFFSET(Attendance!$A$1,22,7+(9-1)*4)),"")) | AR53: =IF($AF53="","",IFERROR(AVERAGE(OFFSET(Attendance!$A$1,22,5+(10-1)*4),OFFSET(Attendance!$A$1,22,7+(10-1)*4)),"")) | AS53: =IF($AF53="","",IFERROR(AVERAGE(OFFSET(Attendance!$A$1,22,5+(11-1)*4),OFFSET(Attendance!$A$1,22,7+(11-1)*4)),"")) | AT53: =IF($AF53="","",IFERROR(AVERAGE(OFFSET(Attendance!$A$1,22,5+(12-1)*4),OFFSET(Attendance!$A$1,22,7+(12-1)*4)),"")) | AU53: =IF($AF53="","",IFERROR(AVERAGE(OFFSET(Attendance!$A$1,22,5+(13-1)*4),OFFSET(Attendance!$A$1,22,7+(13-1)*4)),"")) | AV53: =IF($AF53="","",IFERROR(AVERAGE(OFFSET(Attendance!$A$1,22,5+(14-1)*4),OFFSET(Attendance!$A$1,22,7+(14-1)*4)),"")) | AW53: =IF($AF53="","",IFERROR(AVERAGE(OFFSET(Attendance!$A$1,22,5+(15-1)*4),OFFSET(Attendance!$A$1,22,7+(15-1)*4)),"")) | AX53: =IF($AF53="","",IFERROR(AVERAGE(OFFSET(Attendance!$A$1,22,5+(16-1)*4),OFFSET(Attendance!$A$1,22,7+(16-1)*4)),"")) | AY53: =IF($AF53="","",IFERROR(AVERAGE(OFFSET(Attendance!$A$1,22,5+(17-1)*4),OFFSET(Attendance!$A$1,22,7+(17-1)*4)),"")) | AZ53: =IF($AF53="","",IFERROR(AVERAGE(OFFSET(Attendance!$A$1,22,5+(18-1)*4),OFFSET(Attendance!$A$1,22,7+(18-1)*4)),"")) | BA53: =IF($AF53="","",IFERROR(AVERAGE(OFFSET(Attendance!$A$1,22,5+(19-1)*4),OFFSET(Attendance!$A$1,22,7+(19-1)*4)),"")) | BB53: =IF($AF53="","",IFERROR(AVERAGE(OFFSET(Attendance!$A$1,22,5+(20-1)*4),OFFSET(Attendance!$A$1,22,7+(20-1)*4)),"")) | BC53: =IF($AF53="","",IFERROR(AVERAGE(OFFSET(Attendance!$A$1,22,5+(21-1)*4),OFFSET(Attendance!$A$1,22,7+(21-1)*4)),"")) | BD53: =IF($AF53="","",IFERROR(AVERAGE(OFFSET(Attendance!$A$1,22,5+(22-1)*4),OFFSET(Attendance!$A$1,22,7+(22-1)*4)),"")) | BE53: =IF($AF53="","",IFERROR(Workings!$D24,"")) | BF53: =IF($AF53="","",IFERROR(Workings!$E24,"")) | BG53: =IF($AF53="","",IFERROR(Workings!$G24,"")) | BH53: =IF($AF53="","",IFERROR(Workings!$H24,""))
AF54: =IF(Attendance!$D24="","",Attendance!$D24) | AG54: {=IF($AF54="","",_xlfn.TEXTJOIN("",TRUE,IF(Attendance!$E$4:$CN$4="WR",IFERROR(CHOOSE(Attendance!$E24:$CN24,"▁","▃","▅","▆","█"),"·"),"")))} | AH54: {=IF($AF54="","",_xlfn.TEXTJOIN("",TRUE,IF(Attendance!$CP$4:$FY$4="Rating",IFERROR(CHOOSE(ROUNDUP(Attendance!$CP24:$FY24/2,0),"▁","▃","▅","▆","█"),"·"),"")))} | AI54: =IF($AF54="","",IFERROR(AVERAGE(OFFSET(Attendance!$A$1,23,5+(1-1)*4),OFFSET(Attendance!$A$1,23,7+(1-1)*4)),"")) | AJ54: =IF($AF54="","",IFERROR(AVERAGE(OFFSET(Attendance!$A$1,23,5+(2-1)*4),OFFSET(Attendance!$A$1,23,7+(2-1)*4)),"")) | AK54: =IF($AF54="","",IFERROR(AVERAGE(OFFSET(Attendance!$A$1,23,5+(3-1)*4),OFFSET(Attendance!$A$1,23,7+(3-1)*4)),"")) | AL54: =IF($AF54="","",IFERROR(AVERAGE(OFFSET(Attendance!$A$1,23,5+(4-1)*4),OFFSET(Attendance!$A$1,23,7+(4-1)*4)),"")) | AM54: =IF($AF54="","",IFERROR(AVERAGE(OFFSET(Attendance!$A$1,23,5+(5-1)*4),OFFSET(Attendance!$A$1,23,7+(5-1)*4)),"")) | AN54: =IF($AF54="","",IFERROR(AVERAGE(OFFSET(Attendance!$A$1,23,5+(6-1)*4),OFFSET(Attendance!$A$1,23,7+(6-1)*4)),"")) | AO54: =IF($AF54="","",IFERROR(AVERAGE(OFFSET(Attendance!$A$1,23,5+(7-1)*4),OFFSET(Attendance!$A$1,23,7+(7-1)*4)),"")) | AP54: =IF($AF54="","",IFERROR(AVERAGE(OFFSET(Attendance!$A$1,23,5+(8-1)*4),OFFSET(Attendance!$A$1,23,7+(8-1)*4)),"")) | AQ54: =IF($AF54="","",IFERROR(AVERAGE(OFFSET(Attendance!$A$1,23,5+(9-1)*4),OFFSET(Attendance!$A$1,23,7+(9-1)*4)),"")) | AR54: =IF($AF54="","",IFERROR(AVERAGE(OFFSET(Attendance!$A$1,23,5+(10-1)*4),OFFSET(Attendance!$A$1,23,7+(10-1)*4)),"")) | AS54: =IF($AF54="","",IFERROR(AVERAGE(OFFSET(Attendance!$A$1,23,5+(11-1)*4),OFFSET(Attendance!$A$1,23,7+(11-1)*4)),"")) | AT54: =IF($AF54="","",IFERROR(AVERAGE(OFFSET(Attendance!$A$1,23,5+(12-1)*4),OFFSET(Attendance!$A$1,23,7+(12-1)*4)),"")) | AU54: =IF($AF54="","",IFERROR(AVERAGE(OFFSET(Attendance!$A$1,23,5+(13-1)*4),OFFSET(Attendance!$A$1,23,7+(13-1)*4)),"")) | AV54: =IF($AF54="","",IFERROR(AVERAGE(OFFSET(Attendance!$A$1,23,5+(14-1)*4),OFFSET(Attendance!$A$1,23,7+(14-1)*4)),"")) | AW54: =IF($AF54="","",IFERROR(AVERAGE(OFFSET(Attendance!$A$1,23,5+(15-1)*4),OFFSET(Attendance!$A$1,23,7+(15-1)*4)),"")) | AX54: =IF($AF54="","",IFERROR(AVERAGE(OFFSET(Attendance!$A$1,23,5+(16-1)*4),OFFSET(Attendance!$A$1,23,7+(16-1)*4)),"")) | AY54: =IF($AF54="","",IFERROR(AVERAGE(OFFSET(Attendance!$A$1,23,5+(17-1)*4),OFFSET(Attendance!$A$1,23,7+(17-1)*4)),"")) | AZ54: =IF($AF54="","",IFERROR(AVERAGE(OFFSET(Attendance!$A$1,23,5+(18-1)*4),OFFSET(Attendance!$A$1,23,7+(18-1)*4)),"")) | BA54: =IF($AF54="","",IFERROR(AVERAGE(OFFSET(Attendance!$A$1,23,5+(19-1)*4),OFFSET(Attendance!$A$1,23,7+(19-1)*4)),"")) | BB54: =IF($AF54="","",IFERROR(AVERAGE(OFFSET(Attendance!$A$1,23,5+(20-1)*4),OFFSET(Attendance!$A$1,23,7+(20-1)*4)),"")) | BC54: =IF($AF54="","",IFERROR(AVERAGE(OFFSET(Attendance!$A$1,23,5+(21-1)*4),OFFSET(Attendance!$A$1,23,7+(21-1)*4)),"")) | BD54: =IF($AF54="","",IFERROR(AVERAGE(OFFSET(Attendance!$A$1,23,5+(22-1)*4),OFFSET(Attendance!$A$1,23,7+(22-1)*4)),"")) | BE54: =IF($AF54="","",IFERROR(Workings!$D25,"")) | BF54: =IF($AF54="","",IFERROR(Workings!$E25,"")) | BG54: =IF($AF54="","",IFERROR(Workings!$G25,"")) | BH54: =IF($AF54="","",IFERROR(Workings!$H25,""))
B58: RAG READINESS REPORT — bands by average training work rate
B59: Band | D59: Avg Work Rate | E59: Players | F59: Player | G59: Avg Work Rate | H59: Band
B60: =Workings!$S6 -> Critical | D60: =TEXT(Workings!$T6,"0.00")&" – "&TEXT(Workings!$U6,"0.00") -> 0.00 – 1.50 | E60: =Workings!$V6 -> 0 | F60: =IF(Workings!$C6="","",Workings!$C6) -> Aoife Kennan | G60: =IF($F60="","",IFERROR(Workings!$E6,"")) | H60: =IF($F60="","",Workings!$I6) -> Not graded
B61: =Workings!$S7 -> Not Ready | D61: =TEXT(Workings!$T7,"0.00")&" – "&TEXT(Workings!$U7,"0.00") -> 1.51 – 2.00 | E61: =Workings!$V7 -> 0 | F61: =IF(Workings!$C7="","",Workings!$C7) -> Stella McEvoy | G61: =IF($F61="","",IFERROR(Workings!$E7,"")) | H61: =IF($F61="","",Workings!$I7) -> Not graded
B62: =Workings!$S8 -> Improving | D62: =TEXT(Workings!$T8,"0.00")&" – "&TEXT(Workings!$U8,"0.00") -> 2.01 – 2.50 | E62: =Workings!$V8 -> 0 | F62: =IF(Workings!$C8="","",Workings!$C8) -> Zara Power | G62: =IF($F62="","",IFERROR(Workings!$E8,"")) | H62: =IF($F62="","",Workings!$I8) -> Not graded
B63: =Workings!$S9 -> Nearly Ready | D63: =TEXT(Workings!$T9,"0.00")&" – "&TEXT(Workings!$U9,"0.00") -> 2.51 – 3.00 | E63: =Workings!$V9 -> 0 | F63: =IF(Workings!$C9="","",Workings!$C9) -> Heidi Cerubini Dunne | G63: =IF($F63="","",IFERROR(Workings!$E9,"")) | H63: =IF($F63="","",Workings!$I9) -> Not graded
B64: =Workings!$S10 -> Not Ready for 90 min | D64: =TEXT(Workings!$T10,"0.00")&" – "&TEXT(Workings!$U10,"0.00") -> 3.01 – 3.49 | E64: =Workings!$V10 -> 0 | F64: =IF(Workings!$C10="","",Workings!$C10) -> Roisin Offenhausen | G64: =IF($F64="","",IFERROR(Workings!$E10,"")) | H64: =IF($F64="","",Workings!$I10) -> Not graded
B65: =Workings!$S11 -> Match Ready | D65: =TEXT(Workings!$T11,"0.00")&" – "&TEXT(Workings!$U11,"0.00") -> 3.50 – 5.00 | E65: =Workings!$V11 -> 0 | F65: =IF(Workings!$C11="","",Workings!$C11) -> Naomi Adewoyin | G65: =IF($F65="","",IFERROR(Workings!$E11,"")) | H65: =IF($F65="","",Workings!$I11) -> Not graded
B66: Total | E66: =SUM(E60:E65) -> 0 | F66: =IF(Workings!$C12="","",Workings!$C12) -> Amber Kilalee | G66: =IF($F66="","",IFERROR(Workings!$E12,"")) | H66: =IF($F66="","",Workings!$I12) -> Not graded
F67: =IF(Workings!$C13="","",Workings!$C13) -> Shauna Kavanagh | G67: =IF($F67="","",IFERROR(Workings!$E13,"")) | H67: =IF($F67="","",Workings!$I13) -> Not graded
F68: =IF(Workings!$C14="","",Workings!$C14) -> Tara Brannigan | G68: =IF($F68="","",IFERROR(Workings!$E14,"")) | H68: =IF($F68="","",Workings!$I14) -> Not graded
F69: =IF(Workings!$C15="","",Workings!$C15) -> Semilore Adesanya | G69: =IF($F69="","",IFERROR(Workings!$E15,"")) | H69: =IF($F69="","",Workings!$I15) -> Not graded
F70: =IF(Workings!$C16="","",Workings!$C16) -> Hannah Fleming | G70: =IF($F70="","",IFERROR(Workings!$E16,"")) | H70: =IF($F70="","",Workings!$I16) -> Not graded
F71: =IF(Workings!$C17="","",Workings!$C17) -> Emma Kelly | G71: =IF($F71="","",IFERROR(Workings!$E17,"")) | H71: =IF($F71="","",Workings!$I17) -> Not graded
F72: =IF(Workings!$C18="","",Workings!$C18) -> Roma Memon | G72: =IF($F72="","",IFERROR(Workings!$E18,"")) | H72: =IF($F72="","",Workings!$I18) -> Not graded
F73: =IF(Workings!$C19="","",Workings!$C19) -> Emma Dromgoole | G73: =IF($F73="","",IFERROR(Workings!$E19,"")) | H73: =IF($F73="","",Workings!$I19) -> Not graded
F74: =IF(Workings!$C20="","",Workings!$C20) -> Elsie Morrison | G74: =IF($F74="","",IFERROR(Workings!$E20,"")) | H74: =IF($F74="","",Workings!$I20) -> Not graded
F75: =IF(Workings!$C21="","",Workings!$C21) -> Zara Freeman | G75: =IF($F75="","",IFERROR(Workings!$E21,"")) | H75: =IF($F75="","",Workings!$I21) -> Not graded
F76: =IF(Workings!$C22="","",Workings!$C22) -> Marianna | G76: =IF($F76="","",IFERROR(Workings!$E22,"")) | H76: =IF($F76="","",Workings!$I22) -> Not graded
F77: =IF(Workings!$C23="","",Workings!$C23) | G77: =IF($F77="","",IFERROR(Workings!$E23,"")) | H77: =IF($F77="","",Workings!$I23)
F78: =IF(Workings!$C24="","",Workings!$C24) | G78: =IF($F78="","",IFERROR(Workings!$E24,"")) | H78: =IF($F78="","",Workings!$I24)
F79: =IF(Workings!$C25="","",Workings!$C25) | G79: =IF($F79="","",IFERROR(Workings!$E25,"")) | H79: =IF($F79="","",Workings!$I25)
B84: INDIVIDUAL PROGRESS — pick a player to see her work rate and match rating game week by game week
B86: Player | F86: =IF($C$86="","Select a player from the dropdown","Season score: "&TEXT(IFERROR(INDEX(Workings!$H$6:$H$25,MATCH($C$86,Workings!$C$6:$C$25,0)),0),"0.0%")&" | Avg WR: "&TEXT(IFERROR(INDEX(Workings!$E$6:$E$25,MATCH($C$86,Workings!$C$6:$C$25,0)),0),"0.0")&" | Avg rating: "&TEXT(IFERROR(INDEX(Workings!$G$6:$G$25,MATCH($C$86,Workings!$C$6:$C$25,0)),0),"0.0")) -> Select a player from the dropdown

Sheet Attendance
CP1: GW 1 | CT1: GW 2 | CX1: GW 3 | DB1: GW 4 | DF1: GW 5 | DJ1: GW 6 | DN1: GW 7 | DR1: GW 8 | DV1: GW 9 | DZ1: GW 10 | ED1: GW 11 | EH1: GW 12 | EL1: GW 13 | EP1: GW 14 | ET1: GW 15 | EX1: GW 16 | FB1: GW 17 | FF1: GW 18 | FJ1: GW 19 | FN1: GW 20 | FR1: GW 21 | FV1: GW 22 | GA1: Training Attendance | GB1: Work Rate | GC1: Matchday Attendance | GD1: Match Rating | GE1: Sum of weights | GF1: Training subtotal | GG1: Matchday subtotal | GH1: Weighting check
B2: GIRLS YOUTH — 2026/2027 SEASON | ATTENDANCE | E2: GW 1 | I2: GW 2 | M2: GW 3 | Q2: GW 4 | U2: GW 5 | Y2: GW 6 | AC2: GW 7 | AG2: GW 8 | AK2: GW 9 | AO2: GW 10 | AS2: GW 11 | AW2: GW 12 | BA2: GW 13 | BE2: GW 14 | BI2: GW 15 | BM2: GW 16 | BQ2: GW 17 | BU2: GW 18 | BY2: GW 19 | CC2: GW 20 | CG2: GW 21 | CK2: GW 22 | CP2: =IF('Match Day Reports'!$K45="","",'Match Day Reports'!$K45) | CT2: =IF('Match Day Reports'!$K46="","",'Match Day Reports'!$K46) | CX2: =IF('Match Day Reports'!$K47="","",'Match Day Reports'!$K47) | DB2: =IF('Match Day Reports'!$K48="","",'Match Day Reports'!$K48) | DF2: =IF('Match Day Reports'!$K49="","",'Match Day Reports'!$K49) | DJ2: =IF('Match Day Reports'!$K50="","",'Match Day Reports'!$K50) | DN2: =IF('Match Day Reports'!$K51="","",'Match Day Reports'!$K51) | DR2: =IF('Match Day Reports'!$K52="","",'Match Day Reports'!$K52) | DV2: =IF('Match Day Reports'!$K53="","",'Match Day Reports'!$K53) | DZ2: =IF('Match Day Reports'!$K54="","",'Match Day Reports'!$K54) | ED2: =IF('Match Day Reports'!$K55="","",'Match Day Reports'!$K55) | EH2: =IF('Match Day Reports'!$K56="","",'Match Day Reports'!$K56) | EL2: =IF('Match Day Reports'!$K57="","",'Match Day Reports'!$K57) | EP2: =IF('Match Day Reports'!$K58="","",'Match Day Reports'!$K58) | ET2: =IF('Match Day Reports'!$K59="","",'Match Day Reports'!$K59) | EX2: =IF('Match Day Reports'!$K60="","",'Match Day Reports'!$K60) | FB2: =IF('Match Day Reports'!$K61="","",'Match Day Reports'!$K61) | FF2: =IF('Match Day Reports'!$K62="","",'Match Day Reports'!$K62) | FJ2: =IF('Match Day Reports'!$K63="","",'Match Day Reports'!$K63) | FN2: =IF('Match Day Reports'!$K64="","",'Match Day Reports'!$K64) | FR2: =IF('Match Day Reports'!$K65="","",'Match Day Reports'!$K65) | FV2: =IF('Match Day Reports'!$K66="","",'Match Day Reports'!$K66) | GA2: 0.25 | GB2: 0.35 | GC2: 0.15 | GD2: 0.25 | GE2: =SUM(GA2:GD2) -> 1 | GF2: =GA2+GB2 -> 0.6 | GG2: =GC2+GD2 -> 0.4 | GH2: =IF(ROUND(GE2,4)<>1,"WARNING: weights total "&TEXT(GE2,"0.0%")&" — must equal 100%","OK — weights total 100%") -> OK — weights total 100%
B3: Enter session dates, fixtures, attendance, work rate and match data in the cream cells only. | CP3: =IF('Match Day Reports'!$L45="","",'Match Day Reports'!$L45) | CS3: =IF('Match Day Reports'!$M45="","",'Match Day Reports'!$M45) | CT3: =IF('Match Day Reports'!$L46="","",'Match Day Reports'!$L46) | CW3: =IF('Match Day Reports'!$M46="","",'Match Day Reports'!$M46) | CX3: =IF('Match Day Reports'!$L47="","",'Match Day Reports'!$L47) | DA3: =IF('Match Day Reports'!$M47="","",'Match Day Reports'!$M47) | DB3: =IF('Match Day Reports'!$L48="","",'Match Day Reports'!$L48) | DE3: =IF('Match Day Reports'!$M48="","",'Match Day Reports'!$M48) | DF3: =IF('Match Day Reports'!$L49="","",'Match Day Reports'!$L49) | DI3: =IF('Match Day Reports'!$M49="","",'Match Day Reports'!$M49) | DJ3: =IF('Match Day Reports'!$L50="","",'Match Day Reports'!$L50) | DM3: =IF('Match Day Reports'!$M50="","",'Match Day Reports'!$M50) | DN3: =IF('Match Day Reports'!$L51="","",'Match Day Reports'!$L51) | DQ3: =IF('Match Day Reports'!$M51="","",'Match Day Reports'!$M51) | DR3: =IF('Match Day Reports'!$L52="","",'Match Day Reports'!$L52) | DU3: =IF('Match Day Reports'!$M52="","",'Match Day Reports'!$M52) | DV3: =IF('Match Day Reports'!$L53="","",'Match Day Reports'!$L53) | DY3: =IF('Match Day Reports'!$M53="","",'Match Day Reports'!$M53) | DZ3: =IF('Match Day Reports'!$L54="","",'Match Day Reports'!$L54) | EC3: =IF('Match Day Reports'!$M54="","",'Match Day Reports'!$M54) | ED3: =IF('Match Day Reports'!$L55="","",'Match Day Reports'!$L55) | EG3: =IF('Match Day Reports'!$M55="","",'Match Day Reports'!$M55) | EH3: =IF('Match Day Reports'!$L56="","",'Match Day Reports'!$L56) | EK3: =IF('Match Day Reports'!$M56="","",'Match Day Reports'!$M56) | EL3: =IF('Match Day Reports'!$L57="","",'Match Day Reports'!$L57) | EO3: =IF('Match Day Reports'!$M57="","",'Match Day Reports'!$M57) | EP3: =IF('Match Day Reports'!$L58="","",'Match Day Reports'!$L58) | ES3: =IF('Match Day Reports'!$M58="","",'Match Day Reports'!$M58) | ET3: =IF('Match Day Reports'!$L59="","",'Match Day Reports'!$L59) | EW3: =IF('Match Day Reports'!$M59="","",'Match Day Reports'!$M59) | EX3: =IF('Match Day Reports'!$L60="","",'Match Day Reports'!$L60) | FA3: =IF('Match Day Reports'!$M60="","",'Match Day Reports'!$M60) | FB3: =IF('Match Day Reports'!$L61="","",'Match Day Reports'!$L61) | FE3: =IF('Match Day Reports'!$M61="","",'Match Day Reports'!$M61) | FF3: =IF('Match Day Reports'!$L62="","",'Match Day Reports'!$L62) | FI3: =IF('Match Day Reports'!$M62="","",'Match Day Reports'!$M62) | FJ3: =IF('Match Day Reports'!$L63="","",'Match Day Reports'!$L63) | FM3: =IF('Match Day Reports'!$M63="","",'Match Day Reports'!$M63) | FN3: =IF('Match Day Reports'!$L64="","",'Match Day Reports'!$L64) | FQ3: =IF('Match Day Reports'!$M64="","",'Match Day Reports'!$M64) | FR3: =IF('Match Day Reports'!$L65="","",'Match Day Reports'!$L65) | FU3: =IF('Match Day Reports'!$M65="","",'Match Day Reports'!$M65) | FV3: =IF('Match Day Reports'!$L66="","",'Match Day Reports'!$L66) | FY3: =IF('Match Day Reports'!$M66="","",'Match Day Reports'!$M66)
B4: Group | C4: # | D4: Player | E4: Att | F4: WR | G4: Att | H4: WR | I4: Att | J4: WR | K4: Att | L4: WR | M4: Att | N4: WR | O4: Att | P4: WR | Q4: Att | R4: WR | S4: Att | T4: WR | U4: Att | V4: WR | W4: Att | X4: WR | Y4: Att | Z4: WR | AA4: Att | AB4: WR | AC4: Att | AD4: WR | AE4: Att | AF4: WR | AG4: Att | AH4: WR | AI4: Att | AJ4: WR | AK4: Att | AL4: WR | AM4: Att | AN4: WR | AO4: Att | AP4: WR | AQ4: Att | AR4: WR | AS4: Att | AT4: WR | AU4: Att | AV4: WR | AW4: Att | AX4: WR | AY4: Att | AZ4: WR | BA4: Att | BB4: WR | BC4: Att | BD4: WR | BE4: Att | BF4: WR | BG4: Att | BH4: WR | BI4: Att | BJ4: WR | BK4: Att | BL4: WR | BM4: Att | BN4: WR | BO4: Att | BP4: WR | BQ4: Att | BR4: WR | BS4: Att | BT4: WR | BU4: Att | BV4: WR | BW4: Att | BX4: WR | BY4: Att | BZ4: WR | CA4: Att | CB4: WR | CC4: Att | CD4: WR | CE4: Att | CF4: WR | CG4: Att | CH4: WR | CI4: Att | CJ4: WR | CK4: Att | CL4: WR | CM4: Att | CN4: WR | CP4: Att | CQ4: Mins | CR4: Rating | CS4: MOTM | CT4: Att | CU4: Mins | CV4: Rating | CW4: MOTM | CX4: Att | CY4: Mins | CZ4: Rating | DA4: MOTM | DB4: Att | DC4: Mins | DD4: Rating | DE4: MOTM | DF4: Att | DG4: Mins | DH4: Rating | DI4: MOTM | DJ4: Att | DK4: Mins | DL4: Rating | DM4: MOTM | DN4: Att | DO4: Mins | DP4: Rating | DQ4: MOTM | DR4: Att | DS4: Mins | DT4: Rating | DU4: MOTM | DV4: Att | DW4: Mins | DX4: Rating | DY4: MOTM | DZ4: Att | EA4: Mins | EB4: Rating | EC4: MOTM | ED4: Att | EE4: Mins | EF4: Rating | EG4: MOTM | EH4: Att | EI4: Mins | EJ4: Rating | EK4: MOTM | EL4: Att | EM4: Mins | EN4: Rating | EO4: MOTM | EP4: Att | EQ4: Mins | ER4: Rating | ES4: MOTM | ET4: Att | EU4: Mins | EV4: Rating | EW4: MOTM | EX4: Att | EY4: Mins | EZ4: Rating | FA4: MOTM | FB4: Att | FC4: Mins | FD4: Rating | FE4: MOTM | FF4: Att | FG4: Mins | FH4: Rating | FI4: MOTM | FJ4: Att | FK4: Mins | FL4: Rating | FM4: MOTM | FN4: Att | FO4: Mins | FP4: Rating | FQ4: MOTM | FR4: Att | FS4: Mins | FT4: Rating | FU4: MOTM | FV4: Att | FW4: Mins | FX4: Rating | FY4: MOTM | GA4: Sessions Attended | GB4: Sessions Held | GC4: Training Attendance % | GD4: Avg Work Rate | GE4: Work Rate % | GF4: Matches Available | GG4: Matches in Squad | GH4: Matchday Attendance % | GI4: Minutes Played | GJ4: Avg Minutes | GK4: Avg Match Rating | GL4: Match Rating % | GM4: MOTM Count | GN4: OVERALL SEASON SCORE % | GO4: Player Name | GP4: Availability | GQ4: Unavailable - reason | GR4: Comment | GS4: To Work On
B5: Existing Players | C5: 1 | D5: Aoife Kennan | GA5: =IF($D5="","",COUNTIFS($E$4:$CN$4,"Att",$E5:$CN5,"Yes")) -> 0 | GB5: {=IF($D5="","",SUMPRODUCT(($E$4:$CN$4="Att")*($E$3:$CN$3<>"")))} -> 0 | GC5: =IF($D5="","",IF($GB5=0,"",$GA5/$GB5)) | GD5: =IF($D5="","",IF(COUNTIFS($E$4:$CN$4,"WR",$E5:$CN5,">0")=0,"",SUMIF($E$4:$CN$4,"WR",$E5:$CN5)/COUNTIFS($E$4:$CN$4,"WR",$E5:$CN5,">0"))) | GE5: =IF($D5="","",IF($GD5="","",$GD5/5)) | GF5: {=IF($D5="","",SUMPRODUCT(($CP$4:$FY$4="Att")*($CP$2:$FY$2<>"")*($CP5:$FY5<>"N-A")*($CP5:$FY5<>"")))} -> 0 | GG5: =IF($D5="","",COUNTIFS($CP$4:$FY$4,"Att",$CP5:$FY5,"Yes")) -> 0 | GH5: =IF($D5="","",IF($GF5=0,"",$GG5/$GF5)) | GI5: =IF($D5="","",SUMIF($CP$4:$FY$4,"Mins",$CP5:$FY5)) -> 0 | GJ5: =IF($D5="","",IF($GG5=0,"",$GI5/$GG5)) | GK5: =IF($D5="","",IF(COUNTIFS($CP$4:$FY$4,"Rating",$CP5:$FY5,">0")=0,"",SUMIF($CP$4:$FY$4,"Rating",$CP5:$FY5)/COUNTIFS($CP$4:$FY$4,"Rating",$CP5:$FY5,">0"))) | GL5: =IF($D5="","",IF($GK5="","",$GK5/10)) | GM5: =IF($D5="","",COUNTIFS($CP$4:$FY$4,"MOTM",$CP5:$FY5,"Yes")) -> 0 | GN5: =IF($D5="","",IF($GG5=0,(N($GC5)*$GA$2+N($GE5)*$GB$2)/MAX(0.0001,$GA$2+$GB$2),N($GC5)*$GA$2+N($GE5)*$GB$2+N($GH5)*$GC$2+N($GL5)*$GD$2)) -> 0 | GO5: =IF($D5="","",$D5) -> Aoife Kennan
C6: 2 | D6: Stella McEvoy | GA6: =IF($D6="","",COUNTIFS($E$4:$CN$4,"Att",$E6:$CN6,"Yes")) -> 0 | GB6: {=IF($D6="","",SUMPRODUCT(($E$4:$CN$4="Att")*($E$3:$CN$3<>"")))} -> 0 | GC6: =IF($D6="","",IF($GB6=0,"",$GA6/$GB6)) | GD6: =IF($D6="","",IF(COUNTIFS($E$4:$CN$4,"WR",$E6:$CN6,">0")=0,"",SUMIF($E$4:$CN$4,"WR",$E6:$CN6)/COUNTIFS($E$4:$CN$4,"WR",$E6:$CN6,">0"))) | GE6: =IF($D6="","",IF($GD6="","",$GD6/5)) | GF6: {=IF($D6="","",SUMPRODUCT(($CP$4:$FY$4="Att")*($CP$2:$FY$2<>"")*($CP6:$FY6<>"N-A")*($CP6:$FY6<>"")))} -> 0 | GG6: =IF($D6="","",COUNTIFS($CP$4:$FY$4,"Att",$CP6:$FY6,"Yes")) -> 0 | GH6: =IF($D6="","",IF($GF6=0,"",$GG6/$GF6)) | GI6: =IF($D6="","",SUMIF($CP$4:$FY$4,"Mins",$CP6:$FY6)) -> 0 | GJ6: =IF($D6="","",IF($GG6=0,"",$GI6/$GG6)) | GK6: =IF($D6="","",IF(COUNTIFS($CP$4:$FY$4,"Rating",$CP6:$FY6,">0")=0,"",SUMIF($CP$4:$FY$4,"Rating",$CP6:$FY6)/COUNTIFS($CP$4:$FY$4,"Rating",$CP6:$FY6,">0"))) | GL6: =IF($D6="","",IF($GK6="","",$GK6/10)) | GM6: =IF($D6="","",COUNTIFS($CP$4:$FY$4,"MOTM",$CP6:$FY6,"Yes")) -> 0 | GN6: =IF($D6="","",IF($GG6=0,(N($GC6)*$GA$2+N($GE6)*$GB$2)/MAX(0.0001,$GA$2+$GB$2),N($GC6)*$GA$2+N($GE6)*$GB$2+N($GH6)*$GC$2+N($GL6)*$GD$2)) -> 0 | GO6: =IF($D6="","",$D6) -> Stella McEvoy
C7: 3 | D7: Zara Power | GA7: =IF($D7="","",COUNTIFS($E$4:$CN$4,"Att",$E7:$CN7,"Yes")) -> 0 | GB7: {=IF($D7="","",SUMPRODUCT(($E$4:$CN$4="Att")*($E$3:$CN$3<>"")))} -> 0 | GC7: =IF($D7="","",IF($GB7=0,"",$GA7/$GB7)) | GD7: =IF($D7="","",IF(COUNTIFS($E$4:$CN$4,"WR",$E7:$CN7,">0")=0,"",SUMIF($E$4:$CN$4,"WR",$E7:$CN7)/COUNTIFS($E$4:$CN$4,"WR",$E7:$CN7,">0"))) | GE7: =IF($D7="","",IF($GD7="","",$GD7/5)) | GF7: {=IF($D7="","",SUMPRODUCT(($CP$4:$FY$4="Att")*($CP$2:$FY$2<>"")*($CP7:$FY7<>"N-A")*($CP7:$FY7<>"")))} -> 0 | GG7: =IF($D7="","",COUNTIFS($CP$4:$FY$4,"Att",$CP7:$FY7,"Yes")) -> 0 | GH7: =IF($D7="","",IF($GF7=0,"",$GG7/$GF7)) | GI7: =IF($D7="","",SUMIF($CP$4:$FY$4,"Mins",$CP7:$FY7)) -> 0 | GJ7: =IF($D7="","",IF($GG7=0,"",$GI7/$GG7)) | GK7: =IF($D7="","",IF(COUNTIFS($CP$4:$FY$4,"Rating",$CP7:$FY7,">0")=0,"",SUMIF($CP$4:$FY$4,"Rating",$CP7:$FY7)/COUNTIFS($CP$4:$FY$4,"Rating",$CP7:$FY7,">0"))) | GL7: =IF($D7="","",IF($GK7="","",$GK7/10)) | GM7: =IF($D7="","",COUNTIFS($CP$4:$FY$4,"MOTM",$CP7:$FY7,"Yes")) -> 0 | GN7: =IF($D7="","",IF($GG7=0,(N($GC7)*$GA$2+N($GE7)*$GB$2)/MAX(0.0001,$GA$2+$GB$2),N($GC7)*$GA$2+N($GE7)*$GB$2+N($GH7)*$GC$2+N($GL7)*$GD$2)) -> 0 | GO7: =IF($D7="","",$D7) -> Zara Power
C8: 4 | D8: Heidi Cerubini Dunne | GA8: =IF($D8="","",COUNTIFS($E$4:$CN$4,"Att",$E8:$CN8,"Yes")) -> 0 | GB8: {=IF($D8="","",SUMPRODUCT(($E$4:$CN$4="Att")*($E$3:$CN$3<>"")))} -> 0 | GC8: =IF($D8="","",IF($GB8=0,"",$GA8/$GB8)) | GD8: =IF($D8="","",IF(COUNTIFS($E$4:$CN$4,"WR",$E8:$CN8,">0")=0,"",SUMIF($E$4:$CN$4,"WR",$E8:$CN8)/COUNTIFS($E$4:$CN$4,"WR",$E8:$CN8,">0"))) | GE8: =IF($D8="","",IF($GD8="","",$GD8/5)) | GF8: {=IF($D8="","",SUMPRODUCT(($CP$4:$FY$4="Att")*($CP$2:$FY$2<>"")*($CP8:$FY8<>"N-A")*($CP8:$FY8<>"")))} -> 0 | GG8: =IF($D8="","",COUNTIFS($CP$4:$FY$4,"Att",$CP8:$FY8,"Yes")) -> 0 | GH8: =IF($D8="","",IF($GF8=0,"",$GG8/$GF8)) | GI8: =IF($D8="","",SUMIF($CP$4:$FY$4,"Mins",$CP8:$FY8)) -> 0 | GJ8: =IF($D8="","",IF($GG8=0,"",$GI8/$GG8)) | GK8: =IF($D8="","",IF(COUNTIFS($CP$4:$FY$4,"Rating",$CP8:$FY8,">0")=0,"",SUMIF($CP$4:$FY$4,"Rating",$CP8:$FY8)/COUNTIFS($CP$4:$FY$4,"Rating",$CP8:$FY8,">0"))) | GL8: =IF($D8="","",IF($GK8="","",$GK8/10)) | GM8: =IF($D8="","",COUNTIFS($CP$4:$FY$4,"MOTM",$CP8:$FY8,"Yes")) -> 0 | GN8: =IF($D8="","",IF($GG8=0,(N($GC8)*$GA$2+N($GE8)*$GB$2)/MAX(0.0001,$GA$2+$GB$2),N($GC8)*$GA$2+N($GE8)*$GB$2+N($GH8)*$GC$2+N($GL8)*$GD$2)) -> 0 | GO8: =IF($D8="","",$D8) -> Heidi Cerubini Dunne
C9: 5 | D9: Roisin Offenhausen | GA9: =IF($D9="","",COUNTIFS($E$4:$CN$4,"Att",$E9:$CN9,"Yes")) -> 0 | GB9: {=IF($D9="","",SUMPRODUCT(($E$4:$CN$4="Att")*($E$3:$CN$3<>"")))} -> 0 | GC9: =IF($D9="","",IF($GB9=0,"",$GA9/$GB9)) | GD9: =IF($D9="","",IF(COUNTIFS($E$4:$CN$4,"WR",$E9:$CN9,">0")=0,"",SUMIF($E$4:$CN$4,"WR",$E9:$CN9)/COUNTIFS($E$4:$CN$4,"WR",$E9:$CN9,">0"))) | GE9: =IF($D9="","",IF($GD9="","",$GD9/5)) | GF9: {=IF($D9="","",SUMPRODUCT(($CP$4:$FY$4="Att")*($CP$2:$FY$2<>"")*($CP9:$FY9<>"N-A")*($CP9:$FY9<>"")))} -> 0 | GG9: =IF($D9="","",COUNTIFS($CP$4:$FY$4,"Att",$CP9:$FY9,"Yes")) -> 0 | GH9: =IF($D9="","",IF($GF9=0,"",$GG9/$GF9)) | GI9: =IF($D9="","",SUMIF($CP$4:$FY$4,"Mins",$CP9:$FY9)) -> 0 | GJ9: =IF($D9="","",IF($GG9=0,"",$GI9/$GG9)) | GK9: =IF($D9="","",IF(COUNTIFS($CP$4:$FY$4,"Rating",$CP9:$FY9,">0")=0,"",SUMIF($CP$4:$FY$4,"Rating",$CP9:$FY9)/COUNTIFS($CP$4:$FY$4,"Rating",$CP9:$FY9,">0"))) | GL9: =IF($D9="","",IF($GK9="","",$GK9/10)) | GM9: =IF($D9="","",COUNTIFS($CP$4:$FY$4,"MOTM",$CP9:$FY9,"Yes")) -> 0 | GN9: =IF($D9="","",IF($GG9=0,(N($GC9)*$GA$2+N($GE9)*$GB$2)/MAX(0.0001,$GA$2+$GB$2),N($GC9)*$GA$2+N($GE9)*$GB$2+N($GH9)*$GC$2+N($GL9)*$GD$2)) -> 0 | GO9: =IF($D9="","",$D9) -> Roisin Offenhausen
C10: 6 | D10: Naomi Adewoyin | GA10: =IF($D10="","",COUNTIFS($E$4:$CN$4,"Att",$E10:$CN10,"Yes")) -> 0 | GB10: {=IF($D10="","",SUMPRODUCT(($E$4:$CN$4="Att")*($E$3:$CN$3<>"")))} -> 0 | GC10: =IF($D10="","",IF($GB10=0,"",$GA10/$GB10)) | GD10: =IF($D10="","",IF(COUNTIFS($E$4:$CN$4,"WR",$E10:$CN10,">0")=0,"",SUMIF($E$4:$CN$4,"WR",$E10:$CN10)/COUNTIFS($E$4:$CN$4,"WR",$E10:$CN10,">0"))) | GE10: =IF($D10="","",IF($GD10="","",$GD10/5)) | GF10: {=IF($D10="","",SUMPRODUCT(($CP$4:$FY$4="Att")*($CP$2:$FY$2<>"")*($CP10:$FY10<>"N-A")*($CP10:$FY10<>"")))} -> 0 | GG10: =IF($D10="","",COUNTIFS($CP$4:$FY$4,"Att",$CP10:$FY10,"Yes")) -> 0 | GH10: =IF($D10="","",IF($GF10=0,"",$GG10/$GF10)) | GI10: =IF($D10="","",SUMIF($CP$4:$FY$4,"Mins",$CP10:$FY10)) -> 0 | GJ10: =IF($D10="","",IF($GG10=0,"",$GI10/$GG10)) | GK10: =IF($D10="","",IF(COUNTIFS($CP$4:$FY$4,"Rating",$CP10:$FY10,">0")=0,"",SUMIF($CP$4:$FY$4,"Rating",$CP10:$FY10)/COUNTIFS($CP$4:$FY$4,"Rating",$CP10:$FY10,">0"))) | GL10: =IF($D10="","",IF($GK10="","",$GK10/10)) | GM10: =IF($D10="","",COUNTIFS($CP$4:$FY$4,"MOTM",$CP10:$FY10,"Yes")) -> 0 | GN10: =IF($D10="","",IF($GG10=0,(N($GC10)*$GA$2+N($GE10)*$GB$2)/MAX(0.0001,$GA$2+$GB$2),N($GC10)*$GA$2+N($GE10)*$GB$2+N($GH10)*$GC$2+N($GL10)*$GD$2)) -> 0 | GO10: =IF($D10="","",$D10) -> Naomi Adewoyin
C11: 7 | D11: Amber Kilalee | GA11: =IF($D11="","",COUNTIFS($E$4:$CN$4,"Att",$E11:$CN11,"Yes")) -> 0 | GB11: {=IF($D11="","",SUMPRODUCT(($E$4:$CN$4="Att")*($E$3:$CN$3<>"")))} -> 0 | GC11: =IF($D11="","",IF($GB11=0,"",$GA11/$GB11)) | GD11: =IF($D11="","",IF(COUNTIFS($E$4:$CN$4,"WR",$E11:$CN11,">0")=0,"",SUMIF($E$4:$CN$4,"WR",$E11:$CN11)/COUNTIFS($E$4:$CN$4,"WR",$E11:$CN11,">0"))) | GE11: =IF($D11="","",IF($GD11="","",$GD11/5)) | GF11: {=IF($D11="","",SUMPRODUCT(($CP$4:$FY$4="Att")*($CP$2:$FY$2<>"")*($CP11:$FY11<>"N-A")*($CP11:$FY11<>"")))} -> 0 | GG11: =IF($D11="","",COUNTIFS($CP$4:$FY$4,"Att",$CP11:$FY11,"Yes")) -> 0 | GH11: =IF($D11="","",IF($GF11=0,"",$GG11/$GF11)) | GI11: =IF($D11="","",SUMIF($CP$4:$FY$4,"Mins",$CP11:$FY11)) -> 0 | GJ11: =IF($D11="","",IF($GG11=0,"",$GI11/$GG11)) | GK11: =IF($D11="","",IF(COUNTIFS($CP$4:$FY$4,"Rating",$CP11:$FY11,">0")=0,"",SUMIF($CP$4:$FY$4,"Rating",$CP11:$FY11)/COUNTIFS($CP$4:$FY$4,"Rating",$CP11:$FY11,">0"))) | GL11: =IF($D11="","",IF($GK11="","",$GK11/10)) | GM11: =IF($D11="","",COUNTIFS($CP$4:$FY$4,"MOTM",$CP11:$FY11,"Yes")) -> 0 | GN11: =IF($D11="","",IF($GG11=0,(N($GC11)*$GA$2+N($GE11)*$GB$2)/MAX(0.0001,$GA$2+$GB$2),N($GC11)*$GA$2+N($GE11)*$GB$2+N($GH11)*$GC$2+N($GL11)*$GD$2)) -> 0 | GO11: =IF($D11="","",$D11) -> Amber Kilalee
C12: 8 | D12: Shauna Kavanagh | GA12: =IF($D12="","",COUNTIFS($E$4:$CN$4,"Att",$E12:$CN12,"Yes")) -> 0 | GB12: {=IF($D12="","",SUMPRODUCT(($E$4:$CN$4="Att")*($E$3:$CN$3<>"")))} -> 0 | GC12: =IF($D12="","",IF($GB12=0,"",$GA12/$GB12)) | GD12: =IF($D12="","",IF(COUNTIFS($E$4:$CN$4,"WR",$E12:$CN12,">0")=0,"",SUMIF($E$4:$CN$4,"WR",$E12:$CN12)/COUNTIFS($E$4:$CN$4,"WR",$E12:$CN12,">0"))) | GE12: =IF($D12="","",IF($GD12="","",$GD12/5)) | GF12: {=IF($D12="","",SUMPRODUCT(($CP$4:$FY$4="Att")*($CP$2:$FY$2<>"")*($CP12:$FY12<>"N-A")*($CP12:$FY12<>"")))} -> 0 | GG12: =IF($D12="","",COUNTIFS($CP$4:$FY$4,"Att",$CP12:$FY12,"Yes")) -> 0 | GH12: =IF($D12="","",IF($GF12=0,"",$GG12/$GF12)) | GI12: =IF($D12="","",SUMIF($CP$4:$FY$4,"Mins",$CP12:$FY12)) -> 0 | GJ12: =IF($D12="","",IF($GG12=0,"",$GI12/$GG12)) | GK12: =IF($D12="","",IF(COUNTIFS($CP$4:$FY$4,"Rating",$CP12:$FY12,">0")=0,"",SUMIF($CP$4:$FY$4,"Rating",$CP12:$FY12)/COUNTIFS($CP$4:$FY$4,"Rating",$CP12:$FY12,">0"))) | GL12: =IF($D12="","",IF($GK12="","",$GK12/10)) | GM12: =IF($D12="","",COUNTIFS($CP$4:$FY$4,"MOTM",$CP12:$FY12,"Yes")) -> 0 | GN12: =IF($D12="","",IF($GG12=0,(N($GC12)*$GA$2+N($GE12)*$GB$2)/MAX(0.0001,$GA$2+$GB$2),N($GC12)*$GA$2+N($GE12)*$GB$2+N($GH12)*$GC$2+N($GL12)*$GD$2)) -> 0 | GO12: =IF($D12="","",$D12) -> Shauna Kavanagh
C13: 9 | D13: Tara Brannigan | GA13: =IF($D13="","",COUNTIFS($E$4:$CN$4,"Att",$E13:$CN13,"Yes")) -> 0 | GB13: {=IF($D13="","",SUMPRODUCT(($E$4:$CN$4="Att")*($E$3:$CN$3<>"")))} -> 0 | GC13: =IF($D13="","",IF($GB13=0,"",$GA13/$GB13)) | GD13: =IF($D13="","",IF(COUNTIFS($E$4:$CN$4,"WR",$E13:$CN13,">0")=0,"",SUMIF($E$4:$CN$4,"WR",$E13:$CN13)/COUNTIFS($E$4:$CN$4,"WR",$E13:$CN13,">0"))) | GE13: =IF($D13="","",IF($GD13="","",$GD13/5)) | GF13: {=IF($D13="","",SUMPRODUCT(($CP$4:$FY$4="Att")*($CP$2:$FY$2<>"")*($CP13:$FY13<>"N-A")*($CP13:$FY13<>"")))} -> 0 | GG13: =IF($D13="","",COUNTIFS($CP$4:$FY$4,"Att",$CP13:$FY13,"Yes")) -> 0 | GH13: =IF($D13="","",IF($GF13=0,"",$GG13/$GF13)) | GI13: =IF($D13="","",SUMIF($CP$4:$FY$4,"Mins",$CP13:$FY13)) -> 0 | GJ13: =IF($D13="","",IF($GG13=0,"",$GI13/$GG13)) | GK13: =IF($D13="","",IF(COUNTIFS($CP$4:$FY$4,"Rating",$CP13:$FY13,">0")=0,"",SUMIF($CP$4:$FY$4,"Rating",$CP13:$FY13)/COUNTIFS($CP$4:$FY$4,"Rating",$CP13:$FY13,">0"))) | GL13: =IF($D13="","",IF($GK13="","",$GK13/10)) | GM13: =IF($D13="","",COUNTIFS($CP$4:$FY$4,"MOTM",$CP13:$FY13,"Yes")) -> 0 | GN13: =IF($D13="","",IF($GG13=0,(N($GC13)*$GA$2+N($GE13)*$GB$2)/MAX(0.0001,$GA$2+$GB$2),N($GC13)*$GA$2+N($GE13)*$GB$2+N($GH13)*$GC$2+N($GL13)*$GD$2)) -> 0 | GO13: =IF($D13="","",$D13) -> Tara Brannigan
C14: 10 | D14: Semilore Adesanya | GA14: =IF($D14="","",COUNTIFS($E$4:$CN$4,"Att",$E14:$CN14,"Yes")) -> 0 | GB14: {=IF($D14="","",SUMPRODUCT(($E$4:$CN$4="Att")*($E$3:$CN$3<>"")))} -> 0 | GC14: =IF($D14="","",IF($GB14=0,"",$GA14/$GB14)) | GD14: =IF($D14="","",IF(COUNTIFS($E$4:$CN$4,"WR",$E14:$CN14,">0")=0,"",SUMIF($E$4:$CN$4,"WR",$E14:$CN14)/COUNTIFS($E$4:$CN$4,"WR",$E14:$CN14,">0"))) | GE14: =IF($D14="","",IF($GD14="","",$GD14/5)) | GF14: {=IF($D14="","",SUMPRODUCT(($CP$4:$FY$4="Att")*($CP$2:$FY$2<>"")*($CP14:$FY14<>"N-A")*($CP14:$FY14<>"")))} -> 0 | GG14: =IF($D14="","",COUNTIFS($CP$4:$FY$4,"Att",$CP14:$FY14,"Yes")) -> 0 | GH14: =IF($D14="","",IF($GF14=0,"",$GG14/$GF14)) | GI14: =IF($D14="","",SUMIF($CP$4:$FY$4,"Mins",$CP14:$FY14)) -> 0 | GJ14: =IF($D14="","",IF($GG14=0,"",$GI14/$GG14)) | GK14: =IF($D14="","",IF(COUNTIFS($CP$4:$FY$4,"Rating",$CP14:$FY14,">0")=0,"",SUMIF($CP$4:$FY$4,"Rating",$CP14:$FY14)/COUNTIFS($CP$4:$FY$4,"Rating",$CP14:$FY14,">0"))) | GL14: =IF($D14="","",IF($GK14="","",$GK14/10)) | GM14: =IF($D14="","",COUNTIFS($CP$4:$FY$4,"MOTM",$CP14:$FY14,"Yes")) -> 0 | GN14: =IF($D14="","",IF($GG14=0,(N($GC14)*$GA$2+N($GE14)*$GB$2)/MAX(0.0001,$GA$2+$GB$2),N($GC14)*$GA$2+N($GE14)*$GB$2+N($GH14)*$GC$2+N($GL14)*$GD$2)) -> 0 | GO14: =IF($D14="","",$D14) -> Semilore Adesanya
C15: 11 | D15: Hannah Fleming | GA15: =IF($D15="","",COUNTIFS($E$4:$CN$4,"Att",$E15:$CN15,"Yes")) -> 0 | GB15: {=IF($D15="","",SUMPRODUCT(($E$4:$CN$4="Att")*($E$3:$CN$3<>"")))} -> 0 | GC15: =IF($D15="","",IF($GB15=0,"",$GA15/$GB15)) | GD15: =IF($D15="","",IF(COUNTIFS($E$4:$CN$4,"WR",$E15:$CN15,">0")=0,"",SUMIF($E$4:$CN$4,"WR",$E15:$CN15)/COUNTIFS($E$4:$CN$4,"WR",$E15:$CN15,">0"))) | GE15: =IF($D15="","",IF($GD15="","",$GD15/5)) | GF15: {=IF($D15="","",SUMPRODUCT(($CP$4:$FY$4="Att")*($CP$2:$FY$2<>"")*($CP15:$FY15<>"N-A")*($CP15:$FY15<>"")))} -> 0 | GG15: =IF($D15="","",COUNTIFS($CP$4:$FY$4,"Att",$CP15:$FY15,"Yes")) -> 0 | GH15: =IF($D15="","",IF($GF15=0,"",$GG15/$GF15)) | GI15: =IF($D15="","",SUMIF($CP$4:$FY$4,"Mins",$CP15:$FY15)) -> 0 | GJ15: =IF($D15="","",IF($GG15=0,"",$GI15/$GG15)) | GK15: =IF($D15="","",IF(COUNTIFS($CP$4:$FY$4,"Rating",$CP15:$FY15,">0")=0,"",SUMIF($CP$4:$FY$4,"Rating",$CP15:$FY15)/COUNTIFS($CP$4:$FY$4,"Rating",$CP15:$FY15,">0"))) | GL15: =IF($D15="","",IF($GK15="","",$GK15/10)) | GM15: =IF($D15="","",COUNTIFS($CP$4:$FY$4,"MOTM",$CP15:$FY15,"Yes")) -> 0 | GN15: =IF($D15="","",IF($GG15=0,(N($GC15)*$GA$2+N($GE15)*$GB$2)/MAX(0.0001,$GA$2+$GB$2),N($GC15)*$GA$2+N($GE15)*$GB$2+N($GH15)*$GC$2+N($GL15)*$GD$2)) -> 0 | GO15: =IF($D15="","",$D15) -> Hannah Fleming
C16: 12 | D16: Emma Kelly | GA16: =IF($D16="","",COUNTIFS($E$4:$CN$4,"Att",$E16:$CN16,"Yes")) -> 0 | GB16: {=IF($D16="","",SUMPRODUCT(($E$4:$CN$4="Att")*($E$3:$CN$3<>"")))} -> 0 | GC16: =IF($D16="","",IF($GB16=0,"",$GA16/$GB16)) | GD16: =IF($D16="","",IF(COUNTIFS($E$4:$CN$4,"WR",$E16:$CN16,">0")=0,"",SUMIF($E$4:$CN$4,"WR",$E16:$CN16)/COUNTIFS($E$4:$CN$4,"WR",$E16:$CN16,">0"))) | GE16: =IF($D16="","",IF($GD16="","",$GD16/5)) | GF16: {=IF($D16="","",SUMPRODUCT(($CP$4:$FY$4="Att")*($CP$2:$FY$2<>"")*($CP16:$FY16<>"N-A")*($CP16:$FY16<>"")))} -> 0 | GG16: =IF($D16="","",COUNTIFS($CP$4:$FY$4,"Att",$CP16:$FY16,"Yes")) -> 0 | GH16: =IF($D16="","",IF($GF16=0,"",$GG16/$GF16)) | GI16: =IF($D16="","",SUMIF($CP$4:$FY$4,"Mins",$CP16:$FY16)) -> 0 | GJ16: =IF($D16="","",IF($GG16=0,"",$GI16/$GG16)) | GK16: =IF($D16="","",IF(COUNTIFS($CP$4:$FY$4,"Rating",$CP16:$FY16,">0")=0,"",SUMIF($CP$4:$FY$4,"Rating",$CP16:$FY16)/COUNTIFS($CP$4:$FY$4,"Rating",$CP16:$FY16,">0"))) | GL16: =IF($D16="","",IF($GK16="","",$GK16/10)) | GM16: =IF($D16="","",COUNTIFS($CP$4:$FY$4,"MOTM",$CP16:$FY16,"Yes")) -> 0 | GN16: =IF($D16="","",IF($GG16=0,(N($GC16)*$GA$2+N($GE16)*$GB$2)/MAX(0.0001,$GA$2+$GB$2),N($GC16)*$GA$2+N($GE16)*$GB$2+N($GH16)*$GC$2+N($GL16)*$GD$2)) -> 0 | GO16: =IF($D16="","",$D16) -> Emma Kelly
C17: 13 | D17: Roma Memon | GA17: =IF($D17="","",COUNTIFS($E$4:$CN$4,"Att",$E17:$CN17,"Yes")) -> 0 | GB17: {=IF($D17="","",SUMPRODUCT(($E$4:$CN$4="Att")*($E$3:$CN$3<>"")))} -> 0 | GC17: =IF($D17="","",IF($GB17=0,"",$GA17/$GB17)) | GD17: =IF($D17="","",IF(COUNTIFS($E$4:$CN$4,"WR",$E17:$CN17,">0")=0,"",SUMIF($E$4:$CN$4,"WR",$E17:$CN17)/COUNTIFS($E$4:$CN$4,"WR",$E17:$CN17,">0"))) | GE17: =IF($D17="","",IF($GD17="","",$GD17/5)) | GF17: {=IF($D17="","",SUMPRODUCT(($CP$4:$FY$4="Att")*($CP$2:$FY$2<>"")*($CP17:$FY17<>"N-A")*($CP17:$FY17<>"")))} -> 0 | GG17: =IF($D17="","",COUNTIFS($CP$4:$FY$4,"Att",$CP17:$FY17,"Yes")) -> 0 | GH17: =IF($D17="","",IF($GF17=0,"",$GG17/$GF17)) | GI17: =IF($D17="","",SUMIF($CP$4:$FY$4,"Mins",$CP17:$FY17)) -> 0 | GJ17: =IF($D17="","",IF($GG17=0,"",$GI17/$GG17)) | GK17: =IF($D17="","",IF(COUNTIFS($CP$4:$FY$4,"Rating",$CP17:$FY17,">0")=0,"",SUMIF($CP$4:$FY$4,"Rating",$CP17:$FY17)/COUNTIFS($CP$4:$FY$4,"Rating",$CP17:$FY17,">0"))) | GL17: =IF($D17="","",IF($GK17="","",$GK17/10)) | GM17: =IF($D17="","",COUNTIFS($CP$4:$FY$4,"MOTM",$CP17:$FY17,"Yes")) -> 0 | GN17: =IF($D17="","",IF($GG17=0,(N($GC17)*$GA$2+N($GE17)*$GB$2)/MAX(0.0001,$GA$2+$GB$2),N($GC17)*$GA$2+N($GE17)*$GB$2+N($GH17)*$GC$2+N($GL17)*$GD$2)) -> 0 | GO17: =IF($D17="","",$D17) -> Roma Memon
... C21: 17 | D21: Marianna | GA21: =IF($D21="","",COUNTIFS($E$4:$CN$4,"Att",$E21:$CN21,"Yes")) -> 0 | GB21: {=IF($D21="","",SUMPRODUCT(($E$4:$CN$4="Att")*($E$3:$CN$3<>"")))} -> 0 | GC21: =IF($D21="","",IF($GB21=0,"",$GA21/$GB21)) | GD21: =IF($D21="","",IF(COUNTIFS($E$4:$CN$4,"WR",$E21:$CN21,">0")=0,"",SUMIF($E$4:$CN$4,"WR",$E21:$CN21)/COUNTIFS($E$4:$CN$4,"WR",$E21:$CN21,">0"))) | GE21: =IF($D21="","",IF($GD21="","",$GD21/5)) | GF21: {=IF($D21="","",SUMPRODUCT(($CP$4:$FY$4="Att")*($CP$2:$FY$2<>"")*($CP21:$FY21<>"N-A")*($CP21:$FY21<>"")))} -> 0 | GG21: =IF($D21="","",COUNTIFS($CP$4:$FY$4,"Att",$CP21:$FY21,"Yes")) -> 0 | GH21: =IF($D21="","",IF($GF21=0,"",$GG21/$GF21)) | GI21: =IF($D21="","",SUMIF($CP$4:$FY$4,"Mins",$CP21:$FY21)) -> 0 | GJ21: =IF($D21="","",IF($GG21=0,"",$GI21/$GG21)) | GK21: =IF($D21="","",IF(COUNTIFS($CP$4:$FY$4,"Rating",$CP21:$FY21,">0")=0,"",SUMIF($CP$4:$FY$4,"Rating",$CP21:$FY21)/COUNTIFS($CP$4:$FY$4,"Rating",$CP21:$FY21,">0"))) | GL21: =IF($D21="","",IF($GK21="","",$GK21/10)) | GM21: =IF($D21="","",COUNTIFS($CP$4:$FY$4,"MOTM",$CP21:$FY21,"Yes")) -> 0 | GN21: =IF($D21="","",IF($GG21=0,(N($GC21)*$GA$2+N($GE21)*$GB$2)/MAX(0.0001,$GA$2+$GB$2),N($GC21)*$GA$2+N($GE21)*$GB$2+N($GH21)*$GC$2+N($GL21)*$GD$2)) -> 0 | GO21: =IF($D21="","",$D21) -> Marianna
B22: New Players | C22: 18 | GA22: =IF($D22="","",COUNTIFS($E$4:$CN$4,"Att",$E22:$CN22,"Yes")) | GB22: {=IF($D22="","",SUMPRODUCT(($E$4:$CN$4="Att")*($E$3:$CN$3<>"")))} | GC22: =IF($D22="","",IF($GB22=0,"",$GA22/$GB22)) | GD22: =IF($D22="","",IF(COUNTIFS($E$4:$CN$4,"WR",$E22:$CN22,">0")=0,"",SUMIF($E$4:$CN$4,"WR",$E22:$CN22)/COUNTIFS($E$4:$CN$4,"WR",$E22:$CN22,">0"))) | GE22: =IF($D22="","",IF($GD22="","",$GD22/5)) | GF22: {=IF($D22="","",SUMPRODUCT(($CP$4:$FY$4="Att")*($CP$2:$FY$2<>"")*($CP22:$FY22<>"N-A")*($CP22:$FY22<>"")))} | GG22: =IF($D22="","",COUNTIFS($CP$4:$FY$4,"Att",$CP22:$FY22,"Yes")) | GH22: =IF($D22="","",IF($GF22=0,"",$GG22/$GF22)) | GI22: =IF($D22="","",SUMIF($CP$4:$FY$4,"Mins",$CP22:$FY22)) | GJ22: =IF($D22="","",IF($GG22=0,"",$GI22/$GG22)) | GK22: =IF($D22="","",IF(COUNTIFS($CP$4:$FY$4,"Rating",$CP22:$FY22,">0")=0,"",SUMIF($CP$4:$FY$4,"Rating",$CP22:$FY22)/COUNTIFS($CP$4:$FY$4,"Rating",$CP22:$FY22,">0"))) | GL22: =IF($D22="","",IF($GK22="","",$GK22/10)) | GM22: =IF($D22="","",COUNTIFS($CP$4:$FY$4,"MOTM",$CP22:$FY22,"Yes")) | GN22: =IF($D22="","",IF($GG22=0,(N($GC22)*$GA$2+N($GE22)*$GB$2)/MAX(0.0001,$GA$2+$GB$2),N($GC22)*$GA$2+N($GE22)*$GB$2+N($GH22)*$GC$2+N($GL22)*$GD$2)) | GO22: =IF($D22="","",$D22)
C23: 19 | GA23: =IF($D23="","",COUNTIFS($E$4:$CN$4,"Att",$E23:$CN23,"Yes")) | GB23: {=IF($D23="","",SUMPRODUCT(($E$4:$CN$4="Att")*($E$3:$CN$3<>"")))} | GC23: =IF($D23="","",IF($GB23=0,"",$GA23/$GB23)) | GD23: =IF($D23="","",IF(COUNTIFS($E$4:$CN$4,"WR",$E23:$CN23,">0")=0,"",SUMIF($E$4:$CN$4,"WR",$E23:$CN23)/COUNTIFS($E$4:$CN$4,"WR",$E23:$CN23,">0"))) | GE23: =IF($D23="","",IF($GD23="","",$GD23/5)) | GF23: {=IF($D23="","",SUMPRODUCT(($CP$4:$FY$4="Att")*($CP$2:$FY$2<>"")*($CP23:$FY23<>"N-A")*($CP23:$FY23<>"")))} | GG23: =IF($D23="","",COUNTIFS($CP$4:$FY$4,"Att",$CP23:$FY23,"Yes")) | GH23: =IF($D23="","",IF($GF23=0,"",$GG23/$GF23)) | GI23: =IF($D23="","",SUMIF($CP$4:$FY$4,"Mins",$CP23:$FY23)) | GJ23: =IF($D23="","",IF($GG23=0,"",$GI23/$GG23)) | GK23: =IF($D23="","",IF(COUNTIFS($CP$4:$FY$4,"Rating",$CP23:$FY23,">0")=0,"",SUMIF($CP$4:$FY$4,"Rating",$CP23:$FY23)/COUNTIFS($CP$4:$FY$4,"Rating",$CP23:$FY23,">0"))) | GL23: =IF($D23="","",IF($GK23="","",$GK23/10)) | GM23: =IF($D23="","",COUNTIFS($CP$4:$FY$4,"MOTM",$CP23:$FY23,"Yes")) | GN23: =IF($D23="","",IF($GG23=0,(N($GC23)*$GA$2+N($GE23)*$GB$2)/MAX(0.0001,$GA$2+$GB$2),N($GC23)*$GA$2+N($GE23)*$GB$2+N($GH23)*$GC$2+N($GL23)*$GD$2)) | GO23: =IF($D23="","",$D23)
C24: 20 | GA24: =IF($D24="","",COUNTIFS($E$4:$CN$4,"Att",$E24:$CN24,"Yes")) | GB24: {=IF($D24="","",SUMPRODUCT(($E$4:$CN$4="Att")*($E$3:$CN$3<>"")))} | GC24: =IF($D24="","",IF($GB24=0,"",$GA24/$GB24)) | GD24: =IF($D24="","",IF(COUNTIFS($E$4:$CN$4,"WR",$E24:$CN24,">0")=0,"",SUMIF($E$4:$CN$4,"WR",$E24:$CN24)/COUNTIFS($E$4:$CN$4,"WR",$E24:$CN24,">0"))) | GE24: =IF($D24="","",IF($GD24="","",$GD24/5)) | GF24: {=IF($D24="","",SUMPRODUCT(($CP$4:$FY$4="Att")*($CP$2:$FY$2<>"")*($CP24:$FY24<>"N-A")*($CP24:$FY24<>"")))} | GG24: =IF($D24="","",COUNTIFS($CP$4:$FY$4,"Att",$CP24:$FY24,"Yes")) | GH24: =IF($D24="","",IF($GF24=0,"",$GG24/$GF24)) | GI24: =IF($D24="","",SUMIF($CP$4:$FY$4,"Mins",$CP24:$FY24)) | GJ24: =IF($D24="","",IF($GG24=0,"",$GI24/$GG24)) | GK24: =IF($D24="","",IF(COUNTIFS($CP$4:$FY$4,"Rating",$CP24:$FY24,">0")=0,"",SUMIF($CP$4:$FY$4,"Rating",$CP24:$FY24)/COUNTIFS($CP$4:$FY$4,"Rating",$CP24:$FY24,">0"))) | GL24: =IF($D24="","",IF($GK24="","",$GK24/10)) | GM24: =IF($D24="","",COUNTIFS($CP$4:$FY$4,"MOTM",$CP24:$FY24,"Yes")) | GN24: =IF($D24="","",IF($GG24=0,(N($GC24)*$GA$2+N($GE24)*$GB$2)/MAX(0.0001,$GA$2+$GB$2),N($GC24)*$GA$2+N($GE24)*$GB$2+N($GH24)*$GC$2+N($GL24)*$GD$2)) | GO24: =IF($D24="","",$D24)
D26: Goals For | CP26: =IF('Match Day Reports'!$N45="","",'Match Day Reports'!$N45) | CT26: =IF('Match Day Reports'!$N46="","",'Match Day Reports'!$N46) | CX26: =IF('Match Day Reports'!$N47="","",'Match Day Reports'!$N47) | DB26: =IF('Match Day Reports'!$N48="","",'Match Day Reports'!$N48) | DF26: =IF('Match Day Reports'!$N49="","",'Match Day Reports'!$N49) | DJ26: =IF('Match Day Reports'!$N50="","",'Match Day Reports'!$N50) | DN26: =IF('Match Day Reports'!$N51="","",'Match Day Reports'!$N51) | DR26: =IF('Match Day Reports'!$N52="","",'Match Day Reports'!$N52) | DV26: =IF('Match Day Reports'!$N53="","",'Match Day Reports'!$N53) | DZ26: =IF('Match Day Reports'!$N54="","",'Match Day Reports'!$N54) | ED26: =IF('Match Day Reports'!$N55="","",'Match Day Reports'!$N55) | EH26: =IF('Match Day Reports'!$N56="","",'Match Day Reports'!$N56) | EL26: =IF('Match Day Reports'!$N57="","",'Match Day Reports'!$N57) | EP26: =IF('Match Day Reports'!$N58="","",'Match Day Reports'!$N58) | ET26: =IF('Match Day Reports'!$N59="","",'Match Day Reports'!$N59) | EX26: =IF('Match Day Reports'!$N60="","",'Match Day Reports'!$N60) | FB26: =IF('Match Day Reports'!$N61="","",'Match Day Reports'!$N61) | FF26: =IF('Match Day Reports'!$N62="","",'Match Day Reports'!$N62) | FJ26: =IF('Match Day Reports'!$N63="","",'Match Day Reports'!$N63) | FN26: =IF('Match Day Reports'!$N64="","",'Match Day Reports'!$N64) | FR26: =IF('Match Day Reports'!$N65="","",'Match Day Reports'!$N65) | FV26: =IF('Match Day Reports'!$N66="","",'Match Day Reports'!$N66)
D27: Goals Against | CP27: =IF('Match Day Reports'!$O45="","",'Match Day Reports'!$O45) | CT27: =IF('Match Day Reports'!$O46="","",'Match Day Reports'!$O46) | CX27: =IF('Match Day Reports'!$O47="","",'Match Day Reports'!$O47) | DB27: =IF('Match Day Reports'!$O48="","",'Match Day Reports'!$O48) | DF27: =IF('Match Day Reports'!$O49="","",'Match Day Reports'!$O49) | DJ27: =IF('Match Day Reports'!$O50="","",'Match Day Reports'!$O50) | DN27: =IF('Match Day Reports'!$O51="","",'Match Day Reports'!$O51) | DR27: =IF('Match Day Reports'!$O52="","",'Match Day Reports'!$O52) | DV27: =IF('Match Day Reports'!$O53="","",'Match Day Reports'!$O53) | DZ27: =IF('Match Day Reports'!$O54="","",'Match Day Reports'!$O54) | ED27: =IF('Match Day Reports'!$O55="","",'Match Day Reports'!$O55) | EH27: =IF('Match Day Reports'!$O56="","",'Match Day Reports'!$O56) | EL27: =IF('Match Day Reports'!$O57="","",'Match Day Reports'!$O57) | EP27: =IF('Match Day Reports'!$O58="","",'Match Day Reports'!$O58) | ET27: =IF('Match Day Reports'!$O59="","",'Match Day Reports'!$O59) | EX27: =IF('Match Day Reports'!$O60="","",'Match Day Reports'!$O60) | FB27: =IF('Match Day Reports'!$O61="","",'Match Day Reports'!$O61) | FF27: =IF('Match Day Reports'!$O62="","",'Match Day Reports'!$O62) | FJ27: =IF('Match Day Reports'!$O63="","",'Match Day Reports'!$O63) | FN27: =IF('Match Day Reports'!$O64="","",'Match Day Reports'!$O64) | FR27: =IF('Match Day Reports'!$O65="","",'Match Day Reports'!$O65) | FV27: =IF('Match Day Reports'!$O66="","",'Match Day Reports'!$O66)
D28: Result (auto) | CP28: =IF(OR(CP26="",CP27=""),"",IF(CP26>CP27,"W",IF(CP26=CP27,"D","L"))) | CT28: =IF(OR(CT26="",CT27=""),"",IF(CT26>CT27,"W",IF(CT26=CT27,"D","L"))) | CX28: =IF(OR(CX26="",CX27=""),"",IF(CX26>CX27,"W",IF(CX26=CX27,"D","L"))) | DB28: =IF(OR(DB26="",DB27=""),"",IF(DB26>DB27,"W",IF(DB26=DB27,"D","L"))) | DF28: =IF(OR(DF26="",DF27=""),"",IF(DF26>DF27,"W",IF(DF26=DF27,"D","L"))) | DJ28: =IF(OR(DJ26="",DJ27=""),"",IF(DJ26>DJ27,"W",IF(DJ26=DJ27,"D","L"))) | DN28: =IF(OR(DN26="",DN27=""),"",IF(DN26>DN27,"W",IF(DN26=DN27,"D","L"))) | DR28: =IF(OR(DR26="",DR27=""),"",IF(DR26>DR27,"W",IF(DR26=DR27,"D","L"))) | DV28: =IF(OR(DV26="",DV27=""),"",IF(DV26>DV27,"W",IF(DV26=DV27,"D","L"))) | DZ28: =IF(OR(DZ26="",DZ27=""),"",IF(DZ26>DZ27,"W",IF(DZ26=DZ27,"D","L"))) | ED28: =IF(OR(ED26="",ED27=""),"",IF(ED26>ED27,"W",IF(ED26=ED27,"D","L"))) | EH28: =IF(OR(EH26="",EH27=""),"",IF(EH26>EH27,"W",IF(EH26=EH27,"D","L"))) | EL28: =IF(OR(EL26="",EL27=""),"",IF(EL26>EL27,"W",IF(EL26=EL27,"D","L"))) | EP28: =IF(OR(EP26="",EP27=""),"",IF(EP26>EP27,"W",IF(EP26=EP27,"D","L"))) | ET28: =IF(OR(ET26="",ET27=""),"",IF(ET26>ET27,"W",IF(ET26=ET27,"D","L"))) | EX28: =IF(OR(EX26="",EX27=""),"",IF(EX26>EX27,"W",IF(EX26=EX27,"D","L"))) | FB28: =IF(OR(FB26="",FB27=""),"",IF(FB26>FB27,"W",IF(FB26=FB27,"D","L"))) | FF28: =IF(OR(FF26="",FF27=""),"",IF(FF26>FF27,"W",IF(FF26=FF27,"D","L"))) | FJ28: =IF(OR(FJ26="",FJ27=""),"",IF(FJ26>FJ27,"W",IF(FJ26=FJ27,"D","L"))) | FN28: =IF(OR(FN26="",FN27=""),"",IF(FN26>FN27,"W",IF(FN26=FN27,"D","L"))) | FR28: =IF(OR(FR26="",FR27=""),"",IF(FR26>FR27,"W",IF(FR26=FR27,"D","L"))) | FV28: =IF(OR(FV26="",FV27=""),"",IF(FV26>FV27,"W",IF(FV26=FV27,"D","L")))
B30: WORK RATE SCALE (1–5)
C31: Score | D31: Level | E31: Description
C32: 5 | D32: Outstanding | E32: Maximum effort throughout. Sets the standard for the group, first to every ball, drives intensity in every drill.
C33: 4 | D33: Above Expectation | E33: Consistently works hard for the full session with only brief drops in intensity.
C34: 3 | D34: Expected Level | E34: Meets the standard asked of her. Solid, steady effort across the session.
C35: 2 | D35: Below Expectation | E35: Effort drops off noticeably. Coasts through parts of the session and needs prompting.
C36: 1 | D36: Well Below Expectation | E36: Minimal effort. Disengaged, avoids intensity and affects the tempo of the group.
B45: OPPONENTS (11 clubs — type in the cream cells)
C46: 1 | D46: Baldoyle United FC
C47: 2 | D47: Cambridge FC
C48: 3 | D48: Dalkey United FC
C49: 4 | D49: Enniskerry FC
C50: 5 | D50: Larkview FC
C51: 6 | D51: Leicester Celtic FC
C52: 7 | D52: Leixlip United AFC
C53: 8 | D53: Malahide United FC
C54: 9 | D54: Rosemount Mulvey FC
C55: 10 | D55: St. Columbans SYC
C56: 11 | D56: Stamullen FC
B58: MATCHDAY RATING LEGEND
C59: Rating | D59: Level | E59: Description
C60: 9.0 – 10 | D60: Outstanding | E60: Match-winning performance. Dominant from first whistle to last.
C61: 8.0 – 8.9 | D61: Excellent | E61: Very strong display, consistently influential on the game.
C62: 7.0 – 7.9 | D62: Good | E62: Did her job well with several positive contributions.
C63: 6.0 – 6.9 | D63: Solid | E63: Steady, dependable performance with no real errors.
C64: 5.0 – 5.9 | D64: Below Par | E64: Struggled to influence the game, several mistakes.
C65: Under 5.0 | D65: Poor | E65: Well short of the standard required. Needs review.
B68: DRILLS LOG — tick the drills run in each session
D69: Session date → | E69: =IF(E3="","",E3) | G69: =IF(G3="","",G3) | I69: =IF(I3="","",I3) | K69: =IF(K3="","",K3) | M69: =IF(M3="","",M3) | O69: =IF(O3="","",O3) | Q69: =IF(Q3="","",Q3) | S69: =IF(S3="","",S3) | U69: =IF(U3="","",U3) | W69: =IF(W3="","",W3) | Y69: =IF(Y3="","",Y3) | AA69: =IF(AA3="","",AA3) | AC69: =IF(AC3="","",AC3) | AE69: =IF(AE3="","",AE3) | AG69: =IF(AG3="","",AG3) | AI69: =IF(AI3="","",AI3) | AK69: =IF(AK3="","",AK3) | AM69: =IF(AM3="","",AM3) | AO69: =IF(AO3="","",AO3) | AQ69: =IF(AQ3="","",AQ3) | AS69: =IF(AS3="","",AS3) | AU69: =IF(AU3="","",AU3) | AW69: =IF(AW3="","",AW3) | AY69: =IF(AY3="","",AY3) | BA69: =IF(BA3="","",BA3) | BC69: =IF(BC3="","",BC3) | BE69: =IF(BE3="","",BE3) | BG69: =IF(BG3="","",BG3) | BI69: =IF(BI3="","",BI3) | BK69: =IF(BK3="","",BK3) | BM69: =IF(BM3="","",BM3) | BO69: =IF(BO3="","",BO3) | BQ69: =IF(BQ3="","",BQ3) | BS69: =IF(BS3="","",BS3) | BU69: =IF(BU3="","",BU3) | BW69: =IF(BW3="","",BW3) | BY69: =IF(BY3="","",BY3) | CA69: =IF(CA3="","",CA3) | CC69: =IF(CC3="","",CC3) | CE69: =IF(CE3="","",CE3) | CG69: =IF(CG3="","",CG3) | CI69: =IF(CI3="","",CI3) | CK69: =IF(CK3="","",CK3) | CM69: =IF(CM3="","",CM3)
C70: 1
C71: 2
C72: 3
C73: 4
C74: 5
C75: 6
C76: 7
C77: 8
C78: 9
C79: 10

Sheet Player Grading
B2: GIRLS YOUTH — 2026/2027 SEASON | PLAYER GRADING
B3: Grade every attribute from 1 (poor) to 20 (excellent) in the cream cells. Leave goalkeeping blank for outfield players.
E4: TECHNICAL | M4: MENTAL | V4: PHYSICAL | AA4: GOALKEEPING | AH4: SUMMARY (1–20 scale)
B5: # | C5: Player | D5: Position | E5: Corners | F5: Crossing | G5: First Touch | H5: Finishing | I5: Long Shots | J5: Passing Accuracy | K5: Free Kicks | L5: Heading | M5: Composure | N5: Concentration | O5: Decision | P5: Determination | Q5: Positioning | R5: Teamwork Defending | S5: Teamwork Attacking | T5: Work Rate | U5: Bravery | V5: Acceleration | W5: Pace | X5: Stamina | Y5: Strength | Z5: Fitness | AA5: Rushing Out | AB5: Punching | AC5: Catching | AD5: 1:1 | AE5: Kickouts | AF5: Throw Outs | AH5: Technical | AI5: Mental | AJ5: Physical | AK5: Goalkeeping | AL5: OVERALL
B6: =IF(Attendance!$D5="","",Attendance!$C5) -> 1 | C6: =IF(Attendance!$D5="","",Attendance!$D5) -> Aoife Kennan | D6: GK | E6: 1 | F6: 1 | G6: 10 | H6: 1 | I6: 1 | J6: 10 | K6: 1 | L6: 1 | M6: 5 | N6: 5 | O6: 5 | P6: 5 | Q6: 5 | R6: 5 | S6: 1 | T6: 8 | U6: 5 | V6: 5 | W6: 5 | X6: 5 | Y6: 8 | Z6: 2 | AA6: 5 | AB6: 8 | AC6: 5 | AD6: 5 | AE6: 8 | AF6: 8 | AH6: =IF($C6="","",IFERROR(AVERAGE($E6:$L6),"")) -> 3.25 | AI6: =IF($C6="","",IFERROR(AVERAGE($M6:$U6),"")) -> 4.8888889 | AJ6: =IF($C6="","",IFERROR(AVERAGE($V6:$Z6),"")) -> 5 | AK6: =IF($C6="","",IF(COUNT($AA6:$AF6)=0,"",AVERAGE($AA6:$AF6))) -> 6.5 | AL6: =IF($C6="","",IFERROR(AVERAGE($AH6:$AK6),"")) -> 4.9097222
B7: =IF(Attendance!$D6="","",Attendance!$C6) -> 2 | C7: =IF(Attendance!$D6="","",Attendance!$D6) -> Stella McEvoy | D7: LB / RB | E7: 1 | F7: 1 | G7: 6 | H7: 6 | I7: 4 | J7: 6 | K7: 1 | L7: 10 | M7: 8 | N7: 8 | O7: 8 | P7: 12 | Q7: 9 | R7: 12 | S7: 9 | T7: 14 | U7: 16 | V7: 9 | W7: 9 | X7: 12 | Y7: 12 | Z7: 12 | AH7: =IF($C7="","",IFERROR(AVERAGE($E7:$L7),"")) -> 4.375 | AI7: =IF($C7="","",IFERROR(AVERAGE($M7:$U7),"")) -> 10.666667 | AJ7: =IF($C7="","",IFERROR(AVERAGE($V7:$Z7),"")) -> 10.8 | AK7: =IF($C7="","",IF(COUNT($AA7:$AF7)=0,"",AVERAGE($AA7:$AF7))) | AL7: =IF($C7="","",IFERROR(AVERAGE($AH7:$AK7),"")) -> 8.6138889
B8: =IF(Attendance!$D7="","",Attendance!$C7) -> 3 | C8: =IF(Attendance!$D7="","",Attendance!$D7) -> Zara Power | D8: RB | E8: 1 | F8: 1 | G8: 9 | H8: 4 | I8: 4 | J8: 10 | K8: 1 | L8: 5 | M8: 9 | N8: 12 | O8: 10 | P8: 12 | Q8: 12 | R8: 14 | S8: 8 | T8: 13 | U8: 16 | V8: 12 | W8: 12 | X8: 9 | Y8: 12 | Z8: 4 | AH8: =IF($C8="","",IFERROR(AVERAGE($E8:$L8),"")) -> 4.375 | AI8: =IF($C8="","",IFERROR(AVERAGE($M8:$U8),"")) -> 11.777778 | AJ8: =IF($C8="","",IFERROR(AVERAGE($V8:$Z8),"")) -> 9.8 | AK8: =IF($C8="","",IF(COUNT($AA8:$AF8)=0,"",AVERAGE($AA8:$AF8))) | AL8: =IF($C8="","",IFERROR(AVERAGE($AH8:$AK8),"")) -> 8.6509259
B9: =IF(Attendance!$D8="","",Attendance!$C8) -> 4 | C9: =IF(Attendance!$D8="","",Attendance!$D8) -> Heidi Cerubini Dunne | D9: LB / RB | E9: 1 | F9: 1 | G9: 4 | H9: 1 | I9: 1 | J9: 4 | K9: 1 | L9: 2 | M9: 4 | N9: 4 | O9: 8 | P9: 9 | Q9: 8 | R9: 8 | S9: 4 | T9: 4 | U9: 4 | V9: 4 | W9: 4 | X9: 4 | Y9: 8 | Z9: 4 | AH9: =IF($C9="","",IFERROR(AVERAGE($E9:$L9),"")) -> 1.875 | AI9: =IF($C9="","",IFERROR(AVERAGE($M9:$U9),"")) -> 5.8888889 | AJ9: =IF($C9="","",IFERROR(AVERAGE($V9:$Z9),"")) -> 4.8 | AK9: =IF($C9="","",IF(COUNT($AA9:$AF9)=0,"",AVERAGE($AA9:$AF9))) | AL9: =IF($C9="","",IFERROR(AVERAGE($AH9:$AK9),"")) -> 4.187963
B10: =IF(Attendance!$D9="","",Attendance!$C9) -> 5 | C10: =IF(Attendance!$D9="","",Attendance!$D9) -> Roisin Offenhausen | D10: RW / ACM / ST | E10: 12 | F10: 12 | G10: 11 | H10: 11 | I10: 12 | J10: 11 | K10: 12 | L10: 2 | M10: 9 | N10: 9 | O10: 9 | P10: 9 | Q10: 9 | R10: 9 | S10: 15 | T10: 12 | U10: 8 | V10: 10 | W10: 10 | X10: 8 | Y10: 8 | Z10: 9 | AH10: =IF($C10="","",IFERROR(AVERAGE($E10:$L10),"")) -> 10.375 | AI10: =IF($C10="","",IFERROR(AVERAGE($M10:$U10),"")) -> 9.8888889 | AJ10: =IF($C10="","",IFERROR(AVERAGE($V10:$Z10),"")) -> 9 | AK10: =IF($C10="","",IF(COUNT($AA10:$AF10)=0,"",AVERAGE($AA10:$AF10))) | AL10: =IF($C10="","",IFERROR(AVERAGE($AH10:$AK10),"")) -> 9.7546296
B11: =IF(Attendance!$D10="","",Attendance!$C10) -> 6 | C11: =IF(Attendance!$D10="","",Attendance!$D10) -> Naomi Adewoyin | D11: ACM | E11: 1 | F11: 8 | G11: 10 | H11: 15 | I11: 14 | J11: 12 | K11: 9 | L11: 2 | M11: 10 | N11: 9 | O11: 9 | P11: 9 | Q11: 9 | R11: 4 | S11: 12 | T11: 9 | U11: 8 | V11: 13 | W11: 14 | X11: 8 | Y11: 8 | Z11: 12 | AH11: =IF($C11="","",IFERROR(AVERAGE($E11:$L11),"")) -> 8.875 | AI11: =IF($C11="","",IFERROR(AVERAGE($M11:$U11),"")) -> 8.7777778 | AJ11: =IF($C11="","",IFERROR(AVERAGE($V11:$Z11),"")) -> 11 | AK11: =IF($C11="","",IF(COUNT($AA11:$AF11)=0,"",AVERAGE($AA11:$AF11))) | AL11: =IF($C11="","",IFERROR(AVERAGE($AH11:$AK11),"")) -> 9.5509259
B12: =IF(Attendance!$D11="","",Attendance!$C11) -> 7 | C12: =IF(Attendance!$D11="","",Attendance!$D11) -> Amber Kilalee | D12: LW / ST | E12: 10 | F12: 10 | G12: 10 | H12: 10 | I12: 10 | J12: 8 | K12: 8 | L12: 5 | M12: 12 | N12: 9 | O12: 8 | P12: 8 | Q12: 8 | R12: 4 | S12: 12 | T12: 9 | U12: 8 | V12: 9 | W12: 9 | X12: 8 | Y12: 9 | Z12: 9 | AH12: =IF($C12="","",IFERROR(AVERAGE($E12:$L12),"")) -> 8.875 | AI12: =IF($C12="","",IFERROR(AVERAGE($M12:$U12),"")) -> 8.6666667 | AJ12: =IF($C12="","",IFERROR(AVERAGE($V12:$Z12),"")) -> 8.8 | AK12: =IF($C12="","",IF(COUNT($AA12:$AF12)=0,"",AVERAGE($AA12:$AF12))) | AL12: =IF($C12="","",IFERROR(AVERAGE($AH12:$AK12),"")) -> 8.7805556
B13: =IF(Attendance!$D12="","",Attendance!$C12) -> 8 | C13: =IF(Attendance!$D12="","",Attendance!$D12) -> Shauna Kavanagh | D13: ST / RW | E13: 8 | F13: 9 | G13: 9 | H13: 11 | I13: 8 | J13: 8 | K13: 6 | L13: 2 | M13: 10 | N13: 6 | O13: 6 | P13: 8 | Q13: 9 | R13: 4 | S13: 11 | T13: 8 | U13: 8 | V13: 9 | W13: 9 | X13: 8 | Y13: 8 | Z13: 8 | AH13: =IF($C13="","",IFERROR(AVERAGE($E13:$L13),"")) -> 7.625 | AI13: =IF($C13="","",IFERROR(AVERAGE($M13:$U13),"")) -> 7.7777778 | AJ13: =IF($C13="","",IFERROR(AVERAGE($V13:$Z13),"")) -> 8.4 | AK13: =IF($C13="","",IF(COUNT($AA13:$AF13)=0,"",AVERAGE($AA13:$AF13))) | AL13: =IF($C13="","",IFERROR(AVERAGE($AH13:$AK13),"")) -> 7.9342593
B14: =IF(Attendance!$D13="","",Attendance!$C13) -> 9 | C14: =IF(Attendance!$D13="","",Attendance!$D13) -> Tara Brannigan | D14: DM / CM | E14: 1 | F14: 8 | G14: 8 | H14: 8 | I14: 6 | J14: 8 | K14: 4 | L14: 12 | M14: 10 | N14: 12 | O14: 9 | P14: 14 | Q14: 12 | R14: 14 | S14: 10 | T14: 14 | U14: 16 | V14: 12 | W14: 12 | X14: 14 | Y14: 12 | Z14: 14 | AH14: =IF($C14="","",IFERROR(AVERAGE($E14:$L14),"")) -> 6.875 | AI14: =IF($C14="","",IFERROR(AVERAGE($M14:$U14),"")) -> 12.333333 | AJ14: =IF($C14="","",IFERROR(AVERAGE($V14:$Z14),"")) -> 12.8 | AK14: =IF($C14="","",IF(COUNT($AA14:$AF14)=0,"",AVERAGE($AA14:$AF14))) | AL14: =IF($C14="","",IFERROR(AVERAGE($AH14:$AK14),"")) -> 10.669444
B15: =IF(Attendance!$D14="","",Attendance!$C14) -> 10 | C15: =IF(Attendance!$D14="","",Attendance!$D14) -> Semilore Adesanya | D15: CB / CM | E15: 1 | F15: 1 | G15: 10 | H15: 8 | I15: 8 | J15: 10 | K15: 4 | L15: 15 | M15: 10 | N15: 10 | O15: 10 | P15: 12 | Q15: 10 | R15: 14 | S15: 12 | T15: 15 | U15: 16 | V15: 11 | W15: 11 | X15: 11 | Y15: 14 | Z15: 14 | AH15: =IF($C15="","",IFERROR(AVERAGE($E15:$L15),"")) -> 7.125 | AI15: =IF($C15="","",IFERROR(AVERAGE($M15:$U15),"")) -> 12.111111 | AJ15: =IF($C15="","",IFERROR(AVERAGE($V15:$Z15),"")) -> 12.2 | AK15: =IF($C15="","",IF(COUNT($AA15:$AF15)=0,"",AVERAGE($AA15:$AF15))) | AL15: =IF($C15="","",IFERROR(AVERAGE($AH15:$AK15),"")) -> 10.478704
B16: =IF(Attendance!$D15="","",Attendance!$C15) -> 11 | C16: =IF(Attendance!$D15="","",Attendance!$D15) -> Hannah Fleming | D16: LB / LW | E16: 6 | F16: 9 | G16: 9 | H16: 9 | I16: 11 | J16: 8 | K16: 8 | L16: 8 | M16: 9 | N16: 10 | O16: 9 | P16: 12 | Q16: 10 | R16: 9 | S16: 12 | T16: 15 | U16: 13 | V16: 10 | W16: 10 | X16: 9 | Y16: 10 | Z16: 15 | AH16: =IF($C16="","",IFERROR(AVERAGE($E16:$L16),"")) -> 8.5 | AI16: =IF($C16="","",IFERROR(AVERAGE($M16:$U16),"")) -> 11 | AJ16: =IF($C16="","",IFERROR(AVERAGE($V16:$Z16),"")) -> 10.8 | AK16: =IF($C16="","",IF(COUNT($AA16:$AF16)=0,"",AVERAGE($AA16:$AF16))) | AL16: =IF($C16="","",IFERROR(AVERAGE($AH16:$AK16),"")) -> 10.1
B17: =IF(Attendance!$D16="","",Attendance!$C16) -> 12 | C17: =IF(Attendance!$D16="","",Attendance!$D16) -> Emma Kelly | D17: CB | E17: 4 | F17: 4 | G17: 10 | H17: 6 | I17: 6 | J17: 10 | K17: 4 | L17: 15 | M17: 11 | N17: 11 | O17: 11 | P17: 14 | Q17: 11 | R17: 14 | S17: 12 | T17: 15 | U17: 16 | V17: 14 | W17: 14 | X17: 14 | Y17: 12 | Z17: 13 | AH17: =IF($C17="","",IFERROR(AVERAGE($E17:$L17),"")) -> 7.375 | AI17: =IF($C17="","",IFERROR(AVERAGE($M17:$U17),"")) -> 12.777778 | AJ17: =IF($C17="","",IFERROR(AVERAGE($V17:$Z17),"")) -> 13.4 | AK17: =IF($C17="","",IF(COUNT($AA17:$AF17)=0,"",AVERAGE($AA17:$AF17))) | AL17: =IF($C17="","",IFERROR(AVERAGE($AH17:$AK17),"")) -> 11.184259
B18: =IF(Attendance!$D17="","",Attendance!$C17) -> 13 | C18: =IF(Attendance!$D17="","",Attendance!$D17) -> Roma Memon | D18: DM / CM | E18: 1 | F18: 1 | G18: 6 | H18: 4 | I18: 1 | J18: 6 | K18: 4 | L18: 12 | M18: 8 | N18: 8 | O18: 8 | P18: 12 | Q18: 8 | R18: 12 | S18: 8 | T18: 9 | U18: 14 | V18: 8 | W18: 8 | X18: 9 | Y18: 12 | Z18: 10 | AH18: =IF($C18="","",IFERROR(AVERAGE($E18:$L18),"")) -> 4.375 | AI18: =IF($C18="","",IFERROR(AVERAGE($M18:$U18),"")) -> 9.6666667 | AJ18: =IF($C18="","",IFERROR(AVERAGE($V18:$Z18),"")) -> 9.4 | AK18: =IF($C18="","",IF(COUNT($AA18:$AF18)=0,"",AVERAGE($AA18:$AF18))) | AL18: =IF($C18="","",IFERROR(AVERAGE($AH18:$AK18),"")) -> 7.8138889
B19: =IF(Attendance!$D18="","",Attendance!$C18) -> 14 | C19: =IF(Attendance!$D18="","",Attendance!$D18) -> Emma Dromgoole | D19: RW / ST | E19: 1 | F19: 8 | G19: 6 | H19: 9 | I19: 6 | J19: 8 | K19: 4 | L19: 5 | M19: 8 | N19: 10 | O19: 10 | P19: 12 | Q19: 10 | R19: 9 | S19: 12 | T19: 14 | U19: 12 | V19: 11 | W19: 11 | X19: 11 | Y19: 10 | Z19: 12 | AH19: =IF($C19="","",IFERROR(AVERAGE($E19:$L19),"")) -> 5.875 | AI19: =IF($C19="","",IFERROR(AVERAGE($M19:$U19),"")) -> 10.777778 | AJ19: =IF($C19="","",IFERROR(AVERAGE($V19:$Z19),"")) -> 11 | AK19: =IF($C19="","",IF(COUNT($AA19:$AF19)=0,"",AVERAGE($AA19:$AF19))) | AL19: =IF($C19="","",IFERROR(AVERAGE($AH19:$AK19),"")) -> 9.2175926
B20: =IF(Attendance!$D19="","",Attendance!$C19) -> 15 | C20: =IF(Attendance!$D19="","",Attendance!$D19) -> Elsie Morrison | D20: LW / ST / GK | E20: 9 | F20: 9 | G20: 8 | H20: 8 | I20: 9 | J20: 11 | K20: 9 | L20: 5 | M20: 10 | N20: 10 | O20: 9 | P20: 10 | Q20: 11 | R20: 9 | S20: 13 | T20: 13 | U20: 12 | V20: 12 | W20: 12 | X20: 6 | Y20: 8 | Z20: 14 | AA20: 10 | AB20: 10 | AC20: 10 | AD20: 8 | AE20: 8 | AF20: 8 | AH20: =IF($C20="","",IFERROR(AVERAGE($E20:$L20),"")) -> 8.5 | AI20: =IF($C20="","",IFERROR(AVERAGE($M20:$U20),"")) -> 10.777778 | AJ20: =IF($C20="","",IFERROR(AVERAGE($V20:$Z20),"")) -> 10.4 | AK20: =IF($C20="","",IF(COUNT($AA20:$AF20)=0,"",AVERAGE($AA20:$AF20))) -> 9 | AL20: =IF($C20="","",IFERROR(AVERAGE($AH20:$AK20),"")) -> 9.6694444
B21: =IF(Attendance!$D20="","",Attendance!$C20) -> 16 | C21: =IF(Attendance!$D20="","",Attendance!$D20) -> Zara Freeman | D21: ST | E21: 5 | F21: 5 | G21: 12 | H21: 16 | I21: 15 | J21: 12 | K21: 5 | L21: 5 | M21: 13 | N21: 13 | O21: 13 | P21: 13 | Q21: 13 | R21: 10 | S21: 13 | T21: 13 | U21: 12 | V21: 10 | W21: 10 | X21: 10 | Y21: 10 | Z21: 10 | AH21: =IF($C21="","",IFERROR(AVERAGE($E21:$L21),"")) -> 9.375 | AI21: =IF($C21="","",IFERROR(AVERAGE($M21:$U21),"")) -> 12.555556 | AJ21: =IF($C21="","",IFERROR(AVERAGE($V21:$Z21),"")) -> 10 | AK21: =IF($C21="","",IF(COUNT($AA21:$AF21)=0,"",AVERAGE($AA21:$AF21))) | AL21: =IF($C21="","",IFERROR(AVERAGE($AH21:$AK21),"")) -> 10.643519
B22: =IF(Attendance!$D21="","",Attendance!$C21) -> 17 | C22: =IF(Attendance!$D21="","",Attendance!$D21) -> Marianna | D22: RB / CB | E22: 1 | F22: 1 | G22: 8 | H22: 5 | I22: 5 | J22: 10 | K22: 1 | L22: 12 | M22: 12 | N22: 12 | O22: 12 | P22: 13 | Q22: 14 | R22: 14 | S22: 10 | T22: 13 | U22: 14 | V22: 10 | W22: 10 | X22: 8 | Y22: 8 | Z22: 5 | AH22: =IF($C22="","",IFERROR(AVERAGE($E22:$L22),"")) -> 5.375 | AI22: =IF($C22="","",IFERROR(AVERAGE($M22:$U22),"")) -> 12.666667 | AJ22: =IF($C22="","",IFERROR(AVERAGE($V22:$Z22),"")) -> 8.2 | AK22: =IF($C22="","",IF(COUNT($AA22:$AF22)=0,"",AVERAGE($AA22:$AF22))) | AL22: =IF($C22="","",IFERROR(AVERAGE($AH22:$AK22),"")) -> 8.7472222
B23: =IF(Attendance!$D22="","",Attendance!$C22) | C23: =IF(Attendance!$D22="","",Attendance!$D22) | AH23: =IF($C23="","",IFERROR(AVERAGE($E23:$L23),"")) | AI23: =IF($C23="","",IFERROR(AVERAGE($M23:$U23),"")) | AJ23: =IF($C23="","",IFERROR(AVERAGE($V23:$Z23),"")) | AK23: =IF($C23="","",IF(COUNT($AA23:$AF23)=0,"",AVERAGE($AA23:$AF23))) | AL23: =IF($C23="","",IFERROR(AVERAGE($AH23:$AK23),""))
B24: =IF(Attendance!$D23="","",Attendance!$C23) | C24: =IF(Attendance!$D23="","",Attendance!$D23) | AH24: =IF($C24="","",IFERROR(AVERAGE($E24:$L24),"")) | AI24: =IF($C24="","",IFERROR(AVERAGE($M24:$U24),"")) | AJ24: =IF($C24="","",IFERROR(AVERAGE($V24:$Z24),"")) | AK24: =IF($C24="","",IF(COUNT($AA24:$AF24)=0,"",AVERAGE($AA24:$AF24))) | AL24: =IF($C24="","",IFERROR(AVERAGE($AH24:$AK24),""))
B25: =IF(Attendance!$D24="","",Attendance!$C24) | C25: =IF(Attendance!$D24="","",Attendance!$D24) | AH25: =IF($C25="","",IFERROR(AVERAGE($E25:$L25),"")) | AI25: =IF($C25="","",IFERROR(AVERAGE($M25:$U25),"")) | AJ25: =IF($C25="","",IFERROR(AVERAGE($V25:$Z25),"")) | AK25: =IF($C25="","",IF(COUNT($AA25:$AF25)=0,"",AVERAGE($AA25:$AF25))) | AL25: =IF($C25="","",IFERROR(AVERAGE($AH25:$AK25),""))
D27: Squad Average | E27: =IFERROR(AVERAGE(E6:E25),"") -> 3.7647059 | F27: =IFERROR(AVERAGE(F6:F25),"") -> 5.2352941 | G27: =IFERROR(AVERAGE(G6:G25),"") -> 8.5882353 | H27: =IFERROR(AVERAGE(H6:H25),"") -> 7.7647059 | I27: =IFERROR(AVERAGE(I6:I25),"") -> 7.1176471 | J27: =IFERROR(AVERAGE(J6:J25),"") -> 8.9411765 | K27: =IFERROR(AVERAGE(K6:K25),"") -> 4.8235294 | L27: =IFERROR(AVERAGE(L6:L25),"") -> 6.9411765 | ... AF27: =IFERROR(AVERAGE(AF6:AF25),"") -> 8 | AH27: =IFERROR(AVERAGE(AH6:AH25),"") -> 6.6470588 | AI27: =IFERROR(AVERAGE(AI6:AI25),"") -> 10.176471 | AJ27: =IFERROR(AVERAGE(AJ6:AJ25),"") -> 9.7529412 | AK27: =IFERROR(AVERAGE(AK6:AK25),"") -> 7.75 | AL27: =IFERROR(AVERAGE(AL6:AL25),"") -> 8.8768791
B30: POSITION KEY
C31: Code | D31: Position
C32: GK | D32: Goalkeeper
C33: RB | D33: Right Back
C34: LB | D34: Left Back
C35: CB | D35: Centre Back
C36: DM | D36: Defensive Midfield
C37: CM | D37: Central Midfield
C38: ACM | D38: Attacking Central Midfield
C39: RW | D39: Right Wing
C40: LW | D40: Left Wing
C41: ST | D41: Striker
B43: Multiple positions are separated by " / " — e.g. "CB / DM" or "RW / ST / ACM".

Sheet Team Selection
B2: GIRLS YOUTH — 2026/2027 SEASON | TEAM SELECTION
B3: Pick the game week, set locks and availability; the XI fills itself from position fit, form and availability. Cream cells are inputs.
B5: Game Week | C5: Opponent | D5: Venue | E5: Date | F5: GF | G5: GA | H5: Result | J5: Form Adjustment | K5: Form Weight (±)
B6: 1 | C6: {=IFERROR(IF($B$6="","",IF(LEN(INDEX(Attendance!$CP$3:$FY$3,1,($B$6-1)*4+1))=0,"",INDEX(Attendance!$CP$3:$FY$3,1,($B$6-1)*4+1))),"")} | D6: {=IFERROR(IF($B$6="","",IF(LEN(INDEX(Attendance!$CP$3:$FY$3,1,($B$6-1)*4+4))=0,"",INDEX(Attendance!$CP$3:$FY$3,1,($B$6-1)*4+4))),"")} | E6: {=IFERROR(IF($B$6="","",IF(LEN(INDEX(Attendance!$CP$2:$FY$2,1,($B$6-1)*4+1))=0,"",INDEX(Attendance!$CP$2:$FY$2,1,($B$6-1)*4+1))),"")} | F6: {=IFERROR(IF($B$6="","",IF(LEN(INDEX(Attendance!$CP$26:$FY$26,1,($B$6-1)*4+1))=0,"",INDEX(Attendance!$CP$26:$FY$26,1,($B$6-1)*4+1))),"")} | G6: {=IFERROR(IF($B$6="","",IF(LEN(INDEX(Attendance!$CP$27:$FY$27,1,($B$6-1)*4+1))=0,"",INDEX(Attendance!$CP$27:$FY$27,1,($B$6-1)*4+1))),"")} | H6: {=IFERROR(IF($B$6="","",IF(LEN(INDEX(Attendance!$CP$28:$FY$28,1,($B$6-1)*4+1))=0,"",INDEX(Attendance!$CP$28:$FY$28,1,($B$6-1)*4+1))),"")} | J6: On | K6: 2
B8: 8. FIXTURE (set the game week above) | G8: 7. STARTING XI — 4-3-3 SHAPE
G9: LW | M9: ST | S9: RW
B10: Game Week | D10: =IF($B$6="","","GW "&$B$6&" of 22") -> GW 1 of 22 | G10: =IF($D35="","—",$D35) -> Amber Kilalee | M10: =IF($D34="","—",$D34) -> Zara Freeman | S10: =IF($D33="","—",$D33) -> Emma Dromgoole
B11: Opponent | D11: =IF($C$6="","(not set)",$C$6) -> (not set)
B12: Venue | D12: =IF($D$6="","(not set)",IF($D$6="H","Home","Away")) -> (not set) | I12: DM | M12: CM | Q12: ACM
B13: Date | D13: =IF($E$6="","(not set)",TEXT($E$6,"dd-mmm-yyyy")) -> (not set) | I13: =IF($D30="","—",$D30) -> Roma Memon | M13: =IF($D31="","—",$D31) -> — | Q13: =IF($D32="","—",$D32) -> Roisin Offenhausen
B14: Result | D14: =IF($H$6="","Not played",$H$6&" "&$F$6&"-"&$G$6) -> Not played
G15: LB | K15: CB | O15: CB | S15: RB
G16: =IF($D29="","—",$D29) -> Hannah Fleming | K16: =IF($D27="","—",$D27) -> Emma Kelly | O16: =IF($D28="","—",$D28) -> Semilore Adesanya | S16: =IF($D26="","—",$D26) -> Marianna
M18: GK
M19: =IF($D25="","—",$D25) -> Elsie Morrison
B23: 5. SELECTED XI — 4-3-3 (auto-filled best fit, skipping unavailable and already-picked players)
B24: Slot | C24: Position | D24: Player | E24: Fit Score | F24: Season Score % | G24: Overall Grade | H24: Lock (manual)
B25: 1 | C25: GK | D25: =IF($H25<>"",$H25,IFERROR(INDEX($C$64:$C$83,MATCH(MAX($C88:$V88),$C88:$V88,0)),"")) -> Elsie Morrison | E25: =IFERROR(INDEX($R$64:$R$83,MATCH($D25,$C$64:$C$83,0)),"") -> 9.9090909 | F25: =IFERROR(INDEX($AB$64:$AB$83,MATCH($D25,$C$64:$C$83,0)),"") -> 0 | G25: =IFERROR(INDEX($AC$64:$AC$83,MATCH($D25,$C$64:$C$83,0)),"") -> 9.6694444
B26: 2 | C26: RB | D26: =IF($H26<>"",$H26,IFERROR(INDEX($C$64:$C$83,MATCH(MAX($C89:$V89),$C89:$V89,0)),"")) -> Marianna | E26: =IFERROR(INDEX($S$64:$S$83,MATCH($D26,$C$64:$C$83,0)),"") -> 9.7777778 | F26: =IFERROR(INDEX($AB$64:$AB$83,MATCH($D26,$C$64:$C$83,0)),"") -> 0 | G26: =IFERROR(INDEX($AC$64:$AC$83,MATCH($D26,$C$64:$C$83,0)),"") -> 8.7472222
B27: 3 | C27: CB | D27: =IF($H27<>"",$H27,IFERROR(INDEX($C$64:$C$83,MATCH(MAX($C90:$V90),$C90:$V90,0)),"")) -> Emma Kelly | E27: =IFERROR(INDEX($T$64:$T$83,MATCH($D27,$C$64:$C$83,0)),"") -> 12.780488 | F27: =IFERROR(INDEX($AB$64:$AB$83,MATCH($D27,$C$64:$C$83,0)),"") -> 0 | G27: =IFERROR(INDEX($AC$64:$AC$83,MATCH($D27,$C$64:$C$83,0)),"") -> 11.184259
B28: 4 | C28: CB | D28: =IF($H28<>"",$H28,IFERROR(INDEX($C$64:$C$83,MATCH(MAX($C91:$V91),$C91:$V91,0)),"")) -> Semilore Adesanya | E28: =IFERROR(INDEX($T$64:$T$83,MATCH($D28,$C$64:$C$83,0)),"") -> 12.195122 | F28: =IFERROR(INDEX($AB$64:$AB$83,MATCH($D28,$C$64:$C$83,0)),"") -> 0 | G28: =IFERROR(INDEX($AC$64:$AC$83,MATCH($D28,$C$64:$C$83,0)),"") -> 10.478704
B29: 5 | C29: LB | D29: =IF($H29<>"",$H29,IFERROR(INDEX($C$64:$C$83,MATCH(MAX($C92:$V92),$C92:$V92,0)),"")) -> Hannah Fleming | E29: =IFERROR(INDEX($U$64:$U$83,MATCH($D29,$C$64:$C$83,0)),"") -> 10.488889 | F29: =IFERROR(INDEX($AB$64:$AB$83,MATCH($D29,$C$64:$C$83,0)),"") -> 0 | G29: =IFERROR(INDEX($AC$64:$AC$83,MATCH($D29,$C$64:$C$83,0)),"") -> 10.1
B30: 6 | C30: DM | D30: =IF($H30<>"",$H30,IFERROR(INDEX($C$64:$C$83,MATCH(MAX($C93:$V93),$C93:$V93,0)),"")) -> Roma Memon | E30: =IFERROR(INDEX($V$64:$V$83,MATCH($D30,$C$64:$C$83,0)),"") -> 8.9777778 | F30: =IFERROR(INDEX($AB$64:$AB$83,MATCH($D30,$C$64:$C$83,0)),"") -> 0 | G30: =IFERROR(INDEX($AC$64:$AC$83,MATCH($D30,$C$64:$C$83,0)),"") -> 7.8138889
B31: 7 | C31: CM | D31: =IF($H31<>"",$H31,IFERROR(INDEX($C$64:$C$83,MATCH(MAX($C94:$V94),$C94:$V94,0)),"")) | E31: =IFERROR(INDEX($W$64:$W$83,MATCH($D31,$C$64:$C$83,0)),"") | F31: =IFERROR(INDEX($AB$64:$AB$83,MATCH($D31,$C$64:$C$83,0)),"") | G31: =IFERROR(INDEX($AC$64:$AC$83,MATCH($D31,$C$64:$C$83,0)),"")
B32: 8 | C32: ACM | D32: =IF($H32<>"",$H32,IFERROR(INDEX($C$64:$C$83,MATCH(MAX($C95:$V95),$C95:$V95,0)),"")) -> Roisin Offenhausen | E32: =IFERROR(INDEX($X$64:$X$83,MATCH($D32,$C$64:$C$83,0)),"") -> 10.304348 | F32: =IFERROR(INDEX($AB$64:$AB$83,MATCH($D32,$C$64:$C$83,0)),"") -> 0 | G32: =IFERROR(INDEX($AC$64:$AC$83,MATCH($D32,$C$64:$C$83,0)),"") -> 9.7546296
B33: 9 | C33: RW | D33: =IF($H33<>"",$H33,IFERROR(INDEX($C$64:$C$83,MATCH(MAX($C96:$V96),$C96:$V96,0)),"")) -> Emma Dromgoole | E33: =IFERROR(INDEX($Y$64:$Y$83,MATCH($D33,$C$64:$C$83,0)),"") -> 9.5111111 | F33: =IFERROR(INDEX($AB$64:$AB$83,MATCH($D33,$C$64:$C$83,0)),"") -> 0 | G33: =IFERROR(INDEX($AC$64:$AC$83,MATCH($D33,$C$64:$C$83,0)),"") -> 9.2175926
B34: 10 | C34: ST | D34: =IF($H34<>"",$H34,IFERROR(INDEX($C$64:$C$83,MATCH(MAX($C97:$V97),$C97:$V97,0)),"")) -> Zara Freeman | E34: =IFERROR(INDEX($AA$64:$AA$83,MATCH($D34,$C$64:$C$83,0)),"") -> 11.52 | F34: =IFERROR(INDEX($AB$64:$AB$83,MATCH($D34,$C$64:$C$83,0)),"") -> 0 | G34: =IFERROR(INDEX($AC$64:$AC$83,MATCH($D34,$C$64:$C$83,0)),"") -> 10.643519
B35: 11 | C35: LW | D35: =IF($H35<>"",$H35,IFERROR(INDEX($C$64:$C$83,MATCH(MAX($C98:$V98),$C98:$V98,0)),"")) -> Amber Kilalee | E35: =IFERROR(INDEX($Z$64:$Z$83,MATCH($D35,$C$64:$C$83,0)),"") -> 9.2222222 | F35: =IFERROR(INDEX($AB$64:$AB$83,MATCH($D35,$C$64:$C$83,0)),"") -> 0 | G35: =IFERROR(INDEX($AC$64:$AC$83,MATCH($D35,$C$64:$C$83,0)),"") -> 8.7805556
B38: 6. NOT SELECTED — remaining squad (auto-filled, no gaps)
B39: # | C39: Player | D39: Position | E39: Overall Grade | F39: Season Score % | G39: Status
B40: =IF($C40="","",ROWS($B$40:B40)) -> 1 | C40: {=IFERROR(INDEX($C$64:$C$83,_xlfn.AGGREGATE(15,6,(ROW($C$64:$C$83)-63)/(($C$64:$C$83<>"")*(COUNTIF($D$25:$D$35,$C$64:$C$83)=0)),ROWS($C$40:C40))),"")} -> Aoife Kennan | D40: =IF($C40="","",IFERROR(INDEX($D$64:$D$83,MATCH($C40,$C$64:$C$83,0)),"")) -> GK | E40: =IF($C40="","",IFERROR(INDEX($AC$64:$AC$83,MATCH($C40,$C$64:$C$83,0)),"")) -> 4.9097222 | F40: =IF($C40="","",IFERROR(INDEX($AB$64:$AB$83,MATCH($C40,$C$64:$C$83,0)),"")) -> 0 | G40: =IF($C40="","",IF(INDEX($E$64:$E$83,MATCH($C40,$C$64:$C$83,0))="Yes","Available","Unavailable — "&INDEX($F$64:$F$83,MATCH($C40,$C$64:$C$83,0)))) -> Available
B41: =IF($C41="","",ROWS($B$40:B41)) -> 2 | C41: {=IFERROR(INDEX($C$64:$C$83,_xlfn.AGGREGATE(15,6,(ROW($C$64:$C$83)-63)/(($C$64:$C$83<>"")*(COUNTIF($D$25:$D$35,$C$64:$C$83)=0)),ROWS($C$40:C41))),"")} -> Stella McEvoy | D41: =IF($C41="","",IFERROR(INDEX($D$64:$D$83,MATCH($C41,$C$64:$C$83,0)),"")) -> LB / RB | E41: =IF($C41="","",IFERROR(INDEX($AC$64:$AC$83,MATCH($C41,$C$64:$C$83,0)),"")) -> 8.6138889 | F41: =IF($C41="","",IFERROR(INDEX($AB$64:$AB$83,MATCH($C41,$C$64:$C$83,0)),"")) -> 0 | G41: =IF($C41="","",IF(INDEX($E$64:$E$83,MATCH($C41,$C$64:$C$83,0))="Yes","Available","Unavailable — "&INDEX($F$64:$F$83,MATCH($C41,$C$64:$C$83,0)))) -> Available
B42: =IF($C42="","",ROWS($B$40:B42)) -> 3 | C42: {=IFERROR(INDEX($C$64:$C$83,_xlfn.AGGREGATE(15,6,(ROW($C$64:$C$83)-63)/(($C$64:$C$83<>"")*(COUNTIF($D$25:$D$35,$C$64:$C$83)=0)),ROWS($C$40:C42))),"")} -> Zara Power | D42: =IF($C42="","",IFERROR(INDEX($D$64:$D$83,MATCH($C42,$C$64:$C$83,0)),"")) -> RB | E42: =IF($C42="","",IFERROR(INDEX($AC$64:$AC$83,MATCH($C42,$C$64:$C$83,0)),"")) -> 8.6509259 | F42: =IF($C42="","",IFERROR(INDEX($AB$64:$AB$83,MATCH($C42,$C$64:$C$83,0)),"")) -> 0 | G42: =IF($C42="","",IF(INDEX($E$64:$E$83,MATCH($C42,$C$64:$C$83,0))="Yes","Available","Unavailable — "&INDEX($F$64:$F$83,MATCH($C42,$C$64:$C$83,0)))) -> Unavailable — Injured - Ankle injury out for 10 weeks (back 2 Oct)
B43: =IF($C43="","",ROWS($B$40:B43)) -> 4 | C43: {=IFERROR(INDEX($C$64:$C$83,_xlfn.AGGREGATE(15,6,(ROW($C$64:$C$83)-63)/(($C$64:$C$83<>"")*(COUNTIF($D$25:$D$35,$C$64:$C$83)=0)),ROWS($C$40:C43))),"")} -> Heidi Cerubini Dunne | D43: =IF($C43="","",IFERROR(INDEX($D$64:$D$83,MATCH($C43,$C$64:$C$83,0)),"")) -> LB / RB | E43: =IF($C43="","",IFERROR(INDEX($AC$64:$AC$83,MATCH($C43,$C$64:$C$83,0)),"")) -> 4.187963 | F43: =IF($C43="","",IFERROR(INDEX($AB$64:$AB$83,MATCH($C43,$C$64:$C$83,0)),"")) -> 0 | G43: =IF($C43="","",IF(INDEX($E$64:$E$83,MATCH($C43,$C$64:$C$83,0))="Yes","Available","Unavailable — "&INDEX($F$64:$F$83,MATCH($C43,$C$64:$C$83,0)))) -> Available
B44: =IF($C44="","",ROWS($B$40:B44)) -> 5 | C44: {=IFERROR(INDEX($C$64:$C$83,_xlfn.AGGREGATE(15,6,(ROW($C$64:$C$83)-63)/(($C$64:$C$83<>"")*(COUNTIF($D$25:$D$35,$C$64:$C$83)=0)),ROWS($C$40:C44))),"")} -> Naomi Adewoyin | D44: =IF($C44="","",IFERROR(INDEX($D$64:$D$83,MATCH($C44,$C$64:$C$83,0)),"")) -> ACM | E44: =IF($C44="","",IFERROR(INDEX($AC$64:$AC$83,MATCH($C44,$C$64:$C$83,0)),"")) -> 9.5509259 | F44: =IF($C44="","",IFERROR(INDEX($AB$64:$AB$83,MATCH($C44,$C$64:$C$83,0)),"")) -> 0 | G44: =IF($C44="","",IF(INDEX($E$64:$E$83,MATCH($C44,$C$64:$C$83,0))="Yes","Available","Unavailable — "&INDEX($F$64:$F$83,MATCH($C44,$C$64:$C$83,0)))) -> Available
B45: =IF($C45="","",ROWS($B$40:B45)) -> 6 | C45: {=IFERROR(INDEX($C$64:$C$83,_xlfn.AGGREGATE(15,6,(ROW($C$64:$C$83)-63)/(($C$64:$C$83<>"")*(COUNTIF($D$25:$D$35,$C$64:$C$83)=0)),ROWS($C$40:C45))),"")} -> Shauna Kavanagh | D45: =IF($C45="","",IFERROR(INDEX($D$64:$D$83,MATCH($C45,$C$64:$C$83,0)),"")) -> ST / RW | E45: =IF($C45="","",IFERROR(INDEX($AC$64:$AC$83,MATCH($C45,$C$64:$C$83,0)),"")) -> 7.9342593 | F45: =IF($C45="","",IFERROR(INDEX($AB$64:$AB$83,MATCH($C45,$C$64:$C$83,0)),"")) -> 0 | G45: =IF($C45="","",IF(INDEX($E$64:$E$83,MATCH($C45,$C$64:$C$83,0))="Yes","Available","Unavailable — "&INDEX($F$64:$F$83,MATCH($C45,$C$64:$C$83,0)))) -> Available
B46: =IF($C46="","",ROWS($B$40:B46)) -> 7 | C46: {=IFERROR(INDEX($C$64:$C$83,_xlfn.AGGREGATE(15,6,(ROW($C$64:$C$83)-63)/(($C$64:$C$83<>"")*(COUNTIF($D$25:$D$35,$C$64:$C$83)=0)),ROWS($C$40:C46))),"")} -> Tara Brannigan | D46: =IF($C46="","",IFERROR(INDEX($D$64:$D$83,MATCH($C46,$C$64:$C$83,0)),"")) -> DM / CM | E46: =IF($C46="","",IFERROR(INDEX($AC$64:$AC$83,MATCH($C46,$C$64:$C$83,0)),"")) -> 10.669444 | F46: =IF($C46="","",IFERROR(INDEX($AB$64:$AB$83,MATCH($C46,$C$64:$C$83,0)),"")) -> 0 | G46: =IF($C46="","",IF(INDEX($E$64:$E$83,MATCH($C46,$C$64:$C$83,0))="Yes","Available","Unavailable — "&INDEX($F$64:$F$83,MATCH($C46,$C$64:$C$83,0)))) -> Unavailable — Absent
B47: =IF($C47="","",ROWS($B$40:B47)) | C47: {=IFERROR(INDEX($C$64:$C$83,_xlfn.AGGREGATE(15,6,(ROW($C$64:$C$83)-63)/(($C$64:$C$83<>"")*(COUNTIF($D$25:$D$35,$C$64:$C$83)=0)),ROWS($C$40:C47))),"")} | D47: =IF($C47="","",IFERROR(INDEX($D$64:$D$83,MATCH($C47,$C$64:$C$83,0)),"")) | E47: =IF($C47="","",IFERROR(INDEX($AC$64:$AC$83,MATCH($C47,$C$64:$C$83,0)),"")) | F47: =IF($C47="","",IFERROR(INDEX($AB$64:$AB$83,MATCH($C47,$C$64:$C$83,0)),"")) | G47: =IF($C47="","",IF(INDEX($E$64:$E$83,MATCH($C47,$C$64:$C$83,0))="Yes","Available","Unavailable — "&INDEX($F$64:$F$83,MATCH($C47,$C$64:$C$83,0))))
B48: =IF($C48="","",ROWS($B$40:B48)) | C48: {=IFERROR(INDEX($C$64:$C$83,_xlfn.AGGREGATE(15,6,(ROW($C$64:$C$83)-63)/(($C$64:$C$83<>"")*(COUNTIF($D$25:$D$35,$C$64:$C$83)=0)),ROWS($C$40:C48))),"")} | D48: =IF($C48="","",IFERROR(INDEX($D$64:$D$83,MATCH($C48,$C$64:$C$83,0)),"")) | E48: =IF($C48="","",IFERROR(INDEX($AC$64:$AC$83,MATCH($C48,$C$64:$C$83,0)),"")) | F48: =IF($C48="","",IFERROR(INDEX($AB$64:$AB$83,MATCH($C48,$C$64:$C$83,0)),"")) | G48: =IF($C48="","",IF(INDEX($E$64:$E$83,MATCH($C48,$C$64:$C$83,0))="Yes","Available","Unavailable — "&INDEX($F$64:$F$83,MATCH($C48,$C$64:$C$83,0))))
B49: =IF($C49="","",ROWS($B$40:B49)) | C49: {=IFERROR(INDEX($C$64:$C$83,_xlfn.AGGREGATE(15,6,(ROW($C$64:$C$83)-63)/(($C$64:$C$83<>"")*(COUNTIF($D$25:$D$35,$C$64:$C$83)=0)),ROWS($C$40:C49))),"")} | D49: =IF($C49="","",IFERROR(INDEX($D$64:$D$83,MATCH($C49,$C$64:$C$83,0)),"")) | E49: =IF($C49="","",IFERROR(INDEX($AC$64:$AC$83,MATCH($C49,$C$64:$C$83,0)),"")) | F49: =IF($C49="","",IFERROR(INDEX($AB$64:$AB$83,MATCH($C49,$C$64:$C$83,0)),"")) | G49: =IF($C49="","",IF(INDEX($E$64:$E$83,MATCH($C49,$C$64:$C$83,0))="Yes","Available","Unavailable — "&INDEX($F$64:$F$83,MATCH($C49,$C$64:$C$83,0))))
B50: =IF($C50="","",ROWS($B$40:B50)) | C50: {=IFERROR(INDEX($C$64:$C$83,_xlfn.AGGREGATE(15,6,(ROW($C$64:$C$83)-63)/(($C$64:$C$83<>"")*(COUNTIF($D$25:$D$35,$C$64:$C$83)=0)),ROWS($C$40:C50))),"")} | D50: =IF($C50="","",IFERROR(INDEX($D$64:$D$83,MATCH($C50,$C$64:$C$83,0)),"")) | E50: =IF($C50="","",IFERROR(INDEX($AC$64:$AC$83,MATCH($C50,$C$64:$C$83,0)),"")) | F50: =IF($C50="","",IFERROR(INDEX($AB$64:$AB$83,MATCH($C50,$C$64:$C$83,0)),"")) | G50: =IF($C50="","",IF(INDEX($E$64:$E$83,MATCH($C50,$C$64:$C$83,0))="Yes","Available","Unavailable — "&INDEX($F$64:$F$83,MATCH($C50,$C$64:$C$83,0))))
B51: =IF($C51="","",ROWS($B$40:B51)) | C51: {=IFERROR(INDEX($C$64:$C$83,_xlfn.AGGREGATE(15,6,(ROW($C$64:$C$83)-63)/(($C$64:$C$83<>"")*(COUNTIF($D$25:$D$35,$C$64:$C$83)=0)),ROWS($C$40:C51))),"")} | D51: =IF($C51="","",IFERROR(INDEX($D$64:$D$83,MATCH($C51,$C$64:$C$83,0)),"")) | E51: =IF($C51="","",IFERROR(INDEX($AC$64:$AC$83,MATCH($C51,$C$64:$C$83,0)),"")) | F51: =IF($C51="","",IFERROR(INDEX($AB$64:$AB$83,MATCH($C51,$C$64:$C$83,0)),"")) | G51: =IF($C51="","",IF(INDEX($E$64:$E$83,MATCH($C51,$C$64:$C$83,0))="Yes","Available","Unavailable — "&INDEX($F$64:$F$83,MATCH($C51,$C$64:$C$83,0))))
... B59: =IF($C59="","",ROWS($B$40:B59)) | C59: {=IFERROR(INDEX($C$64:$C$83,_xlfn.AGGREGATE(15,6,(ROW($C$64:$C$83)-63)/(($C$64:$C$83<>"")*(COUNTIF($D$25:$D$35,$C$64:$C$83)=0)),ROWS($C$40:C59))),"")} | D59: =IF($C59="","",IFERROR(INDEX($D$64:$D$83,MATCH($C59,$C$64:$C$83,0)),"")) | E59: =IF($C59="","",IFERROR(INDEX($AC$64:$AC$83,MATCH($C59,$C$64:$C$83,0)),"")) | F59: =IF($C59="","",IFERROR(INDEX($AB$64:$AB$83,MATCH($C59,$C$64:$C$83,0)),"")) | G59: =IF($C59="","",IF(INDEX($E$64:$E$83,MATCH($C59,$C$64:$C$83,0))="Yes","Available","Unavailable — "&INDEX($F$64:$F$83,MATCH($C59,$C$64:$C$83,0))))
B62: 2. PLAYER FIT SCORE BY POSITION (1–20 scale) + 3. FORM-ADJUSTED FIT + 4. AVAILABILITY | R62: FORM-ADJUSTED FIT SCORE
B63: # | C63: Player | D63: Position | E63: Available? | F63: Unavailable - reason | G63: GK | H63: RB | I63: CB | J63: LB | K63: DM | L63: CM | M63: ACM | N63: RW | O63: LW | P63: ST | R63: GK | S63: RB | T63: CB | U63: LB | V63: DM | W63: CM | X63: ACM | Y63: RW | Z63: LW | AA63: ST | AB63: Season Score % | AC63: Overall Grade
B64: =IF($C64="","",Attendance!$C5) -> 1 | C64: =IF(Attendance!$D5="","",Attendance!$D5) -> Aoife Kennan | D64: =IF($C64="","",'Player Grading'!$D6) -> GK | E64: =IF($C64="","",IF($E118="",IF(Attendance!$GP5="","Yes",Attendance!$GP5),IF($E118="Available","Yes","No"))) -> Yes | F64: =IF($C64="","",IF($E118="",Attendance!$GQ5&"",IF($E118="Available","",$E118&IF($F118="",""," - "&$F118)&IF($I118="",""," (back "&TEXT($I118,"d mmm")&")")))) | G64: {=IF($C64="","",IF(NOT(ISNUMBER(SEARCH(" GK "," "&SUBSTITUTE($D64,"/"," ")&" "))),"",IFERROR(SUMPRODUCT('Player Grading'!$E6:$AF6,$C$104:$AD$104)/SUMPRODUCT(($C$104:$AD$104)*('Player Grading'!$E6:$AF6<>"")),"")))} -> 5.8409091 | H64: {=IF($C64="","",IF(NOT(ISNUMBER(SEARCH(" RB "," "&SUBSTITUTE($D64,"/"," ")&" "))),"",IFERROR(SUMPRODUCT('Player Grading'!$E6:$AF6,$C$105:$AD$105)/SUMPRODUCT(($C$105:$AD$105)*('Player Grading'!$E6:$AF6<>"")),"")))} | I64: {=IF($C64="","",IF(NOT(ISNUMBER(SEARCH(" CB "," "&SUBSTITUTE($D64,"/"," ")&" "))),"",IFERROR(SUMPRODUCT('Player Grading'!$E6:$AF6,$C$106:$AD$106)/SUMPRODUCT(($C$106:$AD$106)*('Player Grading'!$E6:$AF6<>"")),"")))} | J64: {=IF($C64="","",IF(NOT(ISNUMBER(SEARCH(" LB "," "&SUBSTITUTE($D64,"/"," ")&" "))),"",IFERROR(SUMPRODUCT('Player Grading'!$E6:$AF6,$C$107:$AD$107)/SUMPRODUCT(($C$107:$AD$107)*('Player Grading'!$E6:$AF6<>"")),"")))} | K64: {=IF($C64="","",IF(NOT(ISNUMBER(SEARCH(" DM "," "&SUBSTITUTE($D64,"/"," ")&" "))),"",IFERROR(SUMPRODUCT('Player Grading'!$E6:$AF6,$C$108:$AD$108)/SUMPRODUCT(($C$108:$AD$108)*('Player Grading'!$E6:$AF6<>"")),"")))} | L64: {=IF($C64="","",IF(NOT(ISNUMBER(SEARCH(" CM "," "&SUBSTITUTE($D64,"/"," ")&" "))),"",IFERROR(SUMPRODUCT('Player Grading'!$E6:$AF6,$C$109:$AD$109)/SUMPRODUCT(($C$109:$AD$109)*('Player Grading'!$E6:$AF6<>"")),"")))} | M64: {=IF($C64="","",IF(NOT(ISNUMBER(SEARCH(" ACM "," "&SUBSTITUTE($D64,"/"," ")&" "))),"",IFERROR(SUMPRODUCT('Player Grading'!$E6:$AF6,$C$110:$AD$110)/SUMPRODUCT(($C$110:$AD$110)*('Player Grading'!$E6:$AF6<>"")),"")))} | N64: {=IF($C64="","",IF(NOT(ISNUMBER(SEARCH(" RW "," "&SUBSTITUTE($D64,"/"," ")&" "))),"",IFERROR(SUMPRODUCT('Player Grading'!$E6:$AF6,$C$111:$AD$111)/SUMPRODUCT(($C$111:$AD$111)*('Player Grading'!$E6:$AF6<>"")),"")))} | O64: {=IF($C64="","",IF(NOT(ISNUMBER(SEARCH(" LW "," "&SUBSTITUTE($D64,"/"," ")&" "))),"",IFERROR(SUMPRODUCT('Player Grading'!$E6:$AF6,$C$112:$AD$112)/SUMPRODUCT(($C$112:$AD$112)*('Player Grading'!$E6:$AF6<>"")),"")))} | P64: {=IF($C64="","",IF(NOT(ISNUMBER(SEARCH(" ST "," "&SUBSTITUTE($D64,"/"," ")&" "))),"",IFERROR(SUMPRODUCT('Player Grading'!$E6:$AF6,$C$113:$AD$113)/SUMPRODUCT(($C$113:$AD$113)*('Player Grading'!$E6:$AF6<>"")),"")))} | R64: =IF(G64="","",IF(AND($J$6="On",OR(Attendance!$GB5>0,Attendance!$GF5>0)),MEDIAN(1,G64+(N($AB64)-0.5)*$K$6,20),G64)) -> 5.8409091 | S64: =IF(H64="","",IF(AND($J$6="On",OR(Attendance!$GB5>0,Attendance!$GF5>0)),MEDIAN(1,H64+(N($AB64)-0.5)*$K$6,20),H64)) | T64: =IF(I64="","",IF(AND($J$6="On",OR(Attendance!$GB5>0,Attendance!$GF5>0)),MEDIAN(1,I64+(N($AB64)-0.5)*$K$6,20),I64)) | U64: =IF(J64="","",IF(AND($J$6="On",OR(Attendance!$GB5>0,Attendance!$GF5>0)),MEDIAN(1,J64+(N($AB64)-0.5)*$K$6,20),J64)) | V64: =IF(K64="","",IF(AND($J$6="On",OR(Attendance!$GB5>0,Attendance!$GF5>0)),MEDIAN(1,K64+(N($AB64)-0.5)*$K$6,20),K64)) | W64: =IF(L64="","",IF(AND($J$6="On",OR(Attendance!$GB5>0,Attendance!$GF5>0)),MEDIAN(1,L64+(N($AB64)-0.5)*$K$6,20),L64)) | X64: =IF(M64="","",IF(AND($J$6="On",OR(Attendance!$GB5>0,Attendance!$GF5>0)),MEDIAN(1,M64+(N($AB64)-0.5)*$K$6,20),M64)) | Y64: =IF(N64="","",IF(AND($J$6="On",OR(Attendance!$GB5>0,Attendance!$GF5>0)),MEDIAN(1,N64+(N($AB64)-0.5)*$K$6,20),N64)) | ... AA64: =IF(P64="","",IF(AND($J$6="On",OR(Attendance!$GB5>0,Attendance!$GF5>0)),MEDIAN(1,P64+(N($AB64)-0.5)*$K$6,20),P64)) | AB64: =IF($C64="","",IFERROR(Attendance!$GN5,"")) -> 0 | AC64: =IF($C64="","",IFERROR('Player Grading'!$AL6,"")) -> 4.9097222
B65: =IF($C65="","",Attendance!$C6) -> 2 | C65: =IF(Attendance!$D6="","",Attendance!$D6) -> Stella McEvoy | D65: =IF($C65="","",'Player Grading'!$D7) -> LB / RB | E65: =IF($C65="","",IF($E119="",IF(Attendance!$GP6="","Yes",Attendance!$GP6),IF($E119="Available","Yes","No"))) -> Yes | F65: =IF($C65="","",IF($E119="",Attendance!$GQ6&"",IF($E119="Available","",$E119&IF($F119="",""," - "&$F119)&IF($I119="",""," (back "&TEXT($I119,"d mmm")&")")))) | G65: {=IF($C65="","",IF(NOT(ISNUMBER(SEARCH(" GK "," "&SUBSTITUTE($D65,"/"," ")&" "))),"",IFERROR(SUMPRODUCT('Player Grading'!$E7:$AF7,$C$104:$AD$104)/SUMPRODUCT(($C$104:$AD$104)*('Player Grading'!$E7:$AF7<>"")),"")))} | H65: {=IF($C65="","",IF(NOT(ISNUMBER(SEARCH(" RB "," "&SUBSTITUTE($D65,"/"," ")&" "))),"",IFERROR(SUMPRODUCT('Player Grading'!$E7:$AF7,$C$105:$AD$105)/SUMPRODUCT(($C$105:$AD$105)*('Player Grading'!$E7:$AF7<>"")),"")))} -> 9.3777778 | I65: {=IF($C65="","",IF(NOT(ISNUMBER(SEARCH(" CB "," "&SUBSTITUTE($D65,"/"," ")&" "))),"",IFERROR(SUMPRODUCT('Player Grading'!$E7:$AF7,$C$106:$AD$106)/SUMPRODUCT(($C$106:$AD$106)*('Player Grading'!$E7:$AF7<>"")),"")))} | J65: {=IF($C65="","",IF(NOT(ISNUMBER(SEARCH(" LB "," "&SUBSTITUTE($D65,"/"," ")&" "))),"",IFERROR(SUMPRODUCT('Player Grading'!$E7:$AF7,$C$107:$AD$107)/SUMPRODUCT(($C$107:$AD$107)*('Player Grading'!$E7:$AF7<>"")),"")))} -> 9.3777778 | K65: {=IF($C65="","",IF(NOT(ISNUMBER(SEARCH(" DM "," "&SUBSTITUTE($D65,"/"," ")&" "))),"",IFERROR(SUMPRODUCT('Player Grading'!$E7:$AF7,$C$108:$AD$108)/SUMPRODUCT(($C$108:$AD$108)*('Player Grading'!$E7:$AF7<>"")),"")))} | L65: {=IF($C65="","",IF(NOT(ISNUMBER(SEARCH(" CM "," "&SUBSTITUTE($D65,"/"," ")&" "))),"",IFERROR(SUMPRODUCT('Player Grading'!$E7:$AF7,$C$109:$AD$109)/SUMPRODUCT(($C$109:$AD$109)*('Player Grading'!$E7:$AF7<>"")),"")))} | M65: {=IF($C65="","",IF(NOT(ISNUMBER(SEARCH(" ACM "," "&SUBSTITUTE($D65,"/"," ")&" "))),"",IFERROR(SUMPRODUCT('Player Grading'!$E7:$AF7,$C$110:$AD$110)/SUMPRODUCT(($C$110:$AD$110)*('Player Grading'!$E7:$AF7<>"")),"")))} | N65: {=IF($C65="","",IF(NOT(ISNUMBER(SEARCH(" RW "," "&SUBSTITUTE($D65,"/"," ")&" "))),"",IFERROR(SUMPRODUCT('Player Grading'!$E7:$AF7,$C$111:$AD$111)/SUMPRODUCT(($C$111:$AD$111)*('Player Grading'!$E7:$AF7<>"")),"")))} | O65: {=IF($C65="","",IF(NOT(ISNUMBER(SEARCH(" LW "," "&SUBSTITUTE($D65,"/"," ")&" "))),"",IFERROR(SUMPRODUCT('Player Grading'!$E7:$AF7,$C$112:$AD$112)/SUMPRODUCT(($C$112:$AD$112)*('Player Grading'!$E7:$AF7<>"")),"")))} | P65: {=IF($C65="","",IF(NOT(ISNUMBER(SEARCH(" ST "," "&SUBSTITUTE($D65,"/"," ")&" "))),"",IFERROR(SUMPRODUCT('Player Grading'!$E7:$AF7,$C$113:$AD$113)/SUMPRODUCT(($C$113:$AD$113)*('Player Grading'!$E7:$AF7<>"")),"")))} | R65: =IF(G65="","",IF(AND($J$6="On",OR(Attendance!$GB6>0,Attendance!$GF6>0)),MEDIAN(1,G65+(N($AB65)-0.5)*$K$6,20),G65)) | S65: =IF(H65="","",IF(AND($J$6="On",OR(Attendance!$GB6>0,Attendance!$GF6>0)),MEDIAN(1,H65+(N($AB65)-0.5)*$K$6,20),H65)) -> 9.3777778 | T65: =IF(I65="","",IF(AND($J$6="On",OR(Attendance!$GB6>0,Attendance!$GF6>0)),MEDIAN(1,I65+(N($AB65)-0.5)*$K$6,20),I65)) | U65: =IF(J65="","",IF(AND($J$6="On",OR(Attendance!$GB6>0,Attendance!$GF6>0)),MEDIAN(1,J65+(N($AB65)-0.5)*$K$6,20),J65)) -> 9.3777778 | V65: =IF(K65="","",IF(AND($J$6="On",OR(Attendance!$GB6>0,Attendance!$GF6>0)),MEDIAN(1,K65+(N($AB65)-0.5)*$K$6,20),K65)) | W65: =IF(L65="","",IF(AND($J$6="On",OR(Attendance!$GB6>0,Attendance!$GF6>0)),MEDIAN(1,L65+(N($AB65)-0.5)*$K$6,20),L65)) | X65: =IF(M65="","",IF(AND($J$6="On",OR(Attendance!$GB6>0,Attendance!$GF6>0)),MEDIAN(1,M65+(N($AB65)-0.5)*$K$6,20),M65)) | Y65: =IF(N65="","",IF(AND($J$6="On",OR(Attendance!$GB6>0,Attendance!$GF6>0)),MEDIAN(1,N65+(N($AB65)-0.5)*$K$6,20),N65)) | ... AA65: =IF(P65="","",IF(AND($J$6="On",OR(Attendance!$GB6>0,Attendance!$GF6>0)),MEDIAN(1,P65+(N($AB65)-0.5)*$K$6,20),P65)) | AB65: =IF($C65="","",IFERROR(Attendance!$GN6,"")) -> 0 | AC65: =IF($C65="","",IFERROR('Player Grading'!$AL7,"")) -> 8.6138889
B66: =IF($C66="","",Attendance!$C7) -> 3 | C66: =IF(Attendance!$D7="","",Attendance!$D7) -> Zara Power | D66: =IF($C66="","",'Player Grading'!$D8) -> RB | E66: =IF($C66="","",IF($E120="",IF(Attendance!$GP7="","Yes",Attendance!$GP7),IF($E120="Available","Yes","No"))) -> No | F66: =IF($C66="","",IF($E120="",Attendance!$GQ7&"",IF($E120="Available","",$E120&IF($F120="",""," - "&$F120)&IF($I120="",""," (back "&TEXT($I120,"d mmm")&")")))) -> Injured - Ankle injury out for 10 weeks (back 2 Oct) | G66: {=IF($C66="","",IF(NOT(ISNUMBER(SEARCH(" GK "," "&SUBSTITUTE($D66,"/"," ")&" "))),"",IFERROR(SUMPRODUCT('Player Grading'!$E8:$AF8,$C$104:$AD$104)/SUMPRODUCT(($C$104:$AD$104)*('Player Grading'!$E8:$AF8<>"")),"")))} | H66: {=IF($C66="","",IF(NOT(ISNUMBER(SEARCH(" RB "," "&SUBSTITUTE($D66,"/"," ")&" "))),"",IFERROR(SUMPRODUCT('Player Grading'!$E8:$AF8,$C$105:$AD$105)/SUMPRODUCT(($C$105:$AD$105)*('Player Grading'!$E8:$AF8<>"")),"")))} -> 9.7111111 | I66: {=IF($C66="","",IF(NOT(ISNUMBER(SEARCH(" CB "," "&SUBSTITUTE($D66,"/"," ")&" "))),"",IFERROR(SUMPRODUCT('Player Grading'!$E8:$AF8,$C$106:$AD$106)/SUMPRODUCT(($C$106:$AD$106)*('Player Grading'!$E8:$AF8<>"")),"")))} | J66: {=IF($C66="","",IF(NOT(ISNUMBER(SEARCH(" LB "," "&SUBSTITUTE($D66,"/"," ")&" "))),"",IFERROR(SUMPRODUCT('Player Grading'!$E8:$AF8,$C$107:$AD$107)/SUMPRODUCT(($C$107:$AD$107)*('Player Grading'!$E8:$AF8<>"")),"")))} | K66: {=IF($C66="","",IF(NOT(ISNUMBER(SEARCH(" DM "," "&SUBSTITUTE($D66,"/"," ")&" "))),"",IFERROR(SUMPRODUCT('Player Grading'!$E8:$AF8,$C$108:$AD$108)/SUMPRODUCT(($C$108:$AD$108)*('Player Grading'!$E8:$AF8<>"")),"")))} | L66: {=IF($C66="","",IF(NOT(ISNUMBER(SEARCH(" CM "," "&SUBSTITUTE($D66,"/"," ")&" "))),"",IFERROR(SUMPRODUCT('Player Grading'!$E8:$AF8,$C$109:$AD$109)/SUMPRODUCT(($C$109:$AD$109)*('Player Grading'!$E8:$AF8<>"")),"")))} | M66: {=IF($C66="","",IF(NOT(ISNUMBER(SEARCH(" ACM "," "&SUBSTITUTE($D66,"/"," ")&" "))),"",IFERROR(SUMPRODUCT('Player Grading'!$E8:$AF8,$C$110:$AD$110)/SUMPRODUCT(($C$110:$AD$110)*('Player Grading'!$E8:$AF8<>"")),"")))} | N66: {=IF($C66="","",IF(NOT(ISNUMBER(SEARCH(" RW "," "&SUBSTITUTE($D66,"/"," ")&" "))),"",IFERROR(SUMPRODUCT('Player Grading'!$E8:$AF8,$C$111:$AD$111)/SUMPRODUCT(($C$111:$AD$111)*('Player Grading'!$E8:$AF8<>"")),"")))} | O66: {=IF($C66="","",IF(NOT(ISNUMBER(SEARCH(" LW "," "&SUBSTITUTE($D66,"/"," ")&" "))),"",IFERROR(SUMPRODUCT('Player Grading'!$E8:$AF8,$C$112:$AD$112)/SUMPRODUCT(($C$112:$AD$112)*('Player Grading'!$E8:$AF8<>"")),"")))} | P66: {=IF($C66="","",IF(NOT(ISNUMBER(SEARCH(" ST "," "&SUBSTITUTE($D66,"/"," ")&" "))),"",IFERROR(SUMPRODUCT('Player Grading'!$E8:$AF8,$C$113:$AD$113)/SUMPRODUCT(($C$113:$AD$113)*('Player Grading'!$E8:$AF8<>"")),"")))} | R66: =IF(G66="","",IF(AND($J$6="On",OR(Attendance!$GB7>0,Attendance!$GF7>0)),MEDIAN(1,G66+(N($AB66)-0.5)*$K$6,20),G66)) | S66: =IF(H66="","",IF(AND($J$6="On",OR(Attendance!$GB7>0,Attendance!$GF7>0)),MEDIAN(1,H66+(N($AB66)-0.5)*$K$6,20),H66)) -> 9.7111111 | T66: =IF(I66="","",IF(AND($J$6="On",OR(Attendance!$GB7>0,Attendance!$GF7>0)),MEDIAN(1,I66+(N($AB66)-0.5)*$K$6,20),I66)) | U66: =IF(J66="","",IF(AND($J$6="On",OR(Attendance!$GB7>0,Attendance!$GF7>0)),MEDIAN(1,J66+(N($AB66)-0.5)*$K$6,20),J66)) | V66: =IF(K66="","",IF(AND($J$6="On",OR(Attendance!$GB7>0,Attendance!$GF7>0)),MEDIAN(1,K66+(N($AB66)-0.5)*$K$6,20),K66)) | W66: =IF(L66="","",IF(AND($J$6="On",OR(Attendance!$GB7>0,Attendance!$GF7>0)),MEDIAN(1,L66+(N($AB66)-0.5)*$K$6,20),L66)) | X66: =IF(M66="","",IF(AND($J$6="On",OR(Attendance!$GB7>0,Attendance!$GF7>0)),MEDIAN(1,M66+(N($AB66)-0.5)*$K$6,20),M66)) | Y66: =IF(N66="","",IF(AND($J$6="On",OR(Attendance!$GB7>0,Attendance!$GF7>0)),MEDIAN(1,N66+(N($AB66)-0.5)*$K$6,20),N66)) | ... AA66: =IF(P66="","",IF(AND($J$6="On",OR(Attendance!$GB7>0,Attendance!$GF7>0)),MEDIAN(1,P66+(N($AB66)-0.5)*$K$6,20),P66)) | AB66: =IF($C66="","",IFERROR(Attendance!$GN7,"")) -> 0 | AC66: =IF($C66="","",IFERROR('Player Grading'!$AL8,"")) -> 8.6509259
B67: =IF($C67="","",Attendance!$C8) -> 4 | C67: =IF(Attendance!$D8="","",Attendance!$D8) -> Heidi Cerubini Dunne | D67: =IF($C67="","",'Player Grading'!$D9) -> LB / RB | E67: =IF($C67="","",IF($E121="",IF(Attendance!$GP8="","Yes",Attendance!$GP8),IF($E121="Available","Yes","No"))) -> Yes | F67: =IF($C67="","",IF($E121="",Attendance!$GQ8&"",IF($E121="Available","",$E121&IF($F121="",""," - "&$F121)&IF($I121="",""," (back "&TEXT($I121,"d mmm")&")")))) | G67: {=IF($C67="","",IF(NOT(ISNUMBER(SEARCH(" GK "," "&SUBSTITUTE($D67,"/"," ")&" "))),"",IFERROR(SUMPRODUCT('Player Grading'!$E9:$AF9,$C$104:$AD$104)/SUMPRODUCT(($C$104:$AD$104)*('Player Grading'!$E9:$AF9<>"")),"")))} | H67: {=IF($C67="","",IF(NOT(ISNUMBER(SEARCH(" RB "," "&SUBSTITUTE($D67,"/"," ")&" "))),"",IFERROR(SUMPRODUCT('Player Grading'!$E9:$AF9,$C$105:$AD$105)/SUMPRODUCT(($C$105:$AD$105)*('Player Grading'!$E9:$AF9<>"")),"")))} -> 4.7555556 | I67: {=IF($C67="","",IF(NOT(ISNUMBER(SEARCH(" CB "," "&SUBSTITUTE($D67,"/"," ")&" "))),"",IFERROR(SUMPRODUCT('Player Grading'!$E9:$AF9,$C$106:$AD$106)/SUMPRODUCT(($C$106:$AD$106)*('Player Grading'!$E9:$AF9<>"")),"")))} | J67: {=IF($C67="","",IF(NOT(ISNUMBER(SEARCH(" LB "," "&SUBSTITUTE($D67,"/"," ")&" "))),"",IFERROR(SUMPRODUCT('Player Grading'!$E9:$AF9,$C$107:$AD$107)/SUMPRODUCT(($C$107:$AD$107)*('Player Grading'!$E9:$AF9<>"")),"")))} -> 4.7555556 | K67: {=IF($C67="","",IF(NOT(ISNUMBER(SEARCH(" DM "," "&SUBSTITUTE($D67,"/"," ")&" "))),"",IFERROR(SUMPRODUCT('Player Grading'!$E9:$AF9,$C$108:$AD$108)/SUMPRODUCT(($C$108:$AD$108)*('Player Grading'!$E9:$AF9<>"")),"")))} | L67: {=IF($C67="","",IF(NOT(ISNUMBER(SEARCH(" CM "," "&SUBSTITUTE($D67,"/"," ")&" "))),"",IFERROR(SUMPRODUCT('Player Grading'!$E9:$AF9,$C$109:$AD$109)/SUMPRODUCT(($C$109:$AD$109)*('Player Grading'!$E9:$AF9<>"")),"")))} | M67: {=IF($C67="","",IF(NOT(ISNUMBER(SEARCH(" ACM "," "&SUBSTITUTE($D67,"/"," ")&" "))),"",IFERROR(SUMPRODUCT('Player Grading'!$E9:$AF9,$C$110:$AD$110)/SUMPRODUCT(($C$110:$AD$110)*('Player Grading'!$E9:$AF9<>"")),"")))} | N67: {=IF($C67="","",IF(NOT(ISNUMBER(SEARCH(" RW "," "&SUBSTITUTE($D67,"/"," ")&" "))),"",IFERROR(SUMPRODUCT('Player Grading'!$E9:$AF9,$C$111:$AD$111)/SUMPRODUCT(($C$111:$AD$111)*('Player Grading'!$E9:$AF9<>"")),"")))} | O67: {=IF($C67="","",IF(NOT(ISNUMBER(SEARCH(" LW "," "&SUBSTITUTE($D67,"/"," ")&" "))),"",IFERROR(SUMPRODUCT('Player Grading'!$E9:$AF9,$C$112:$AD$112)/SUMPRODUCT(($C$112:$AD$112)*('Player Grading'!$E9:$AF9<>"")),"")))} | P67: {=IF($C67="","",IF(NOT(ISNUMBER(SEARCH(" ST "," "&SUBSTITUTE($D67,"/"," ")&" "))),"",IFERROR(SUMPRODUCT('Player Grading'!$E9:$AF9,$C$113:$AD$113)/SUMPRODUCT(($C$113:$AD$113)*('Player Grading'!$E9:$AF9<>"")),"")))} | R67: =IF(G67="","",IF(AND($J$6="On",OR(Attendance!$GB8>0,Attendance!$GF8>0)),MEDIAN(1,G67+(N($AB67)-0.5)*$K$6,20),G67)) | S67: =IF(H67="","",IF(AND($J$6="On",OR(Attendance!$GB8>0,Attendance!$GF8>0)),MEDIAN(1,H67+(N($AB67)-0.5)*$K$6,20),H67)) -> 4.7555556 | T67: =IF(I67="","",IF(AND($J$6="On",OR(Attendance!$GB8>0,Attendance!$GF8>0)),MEDIAN(1,I67+(N($AB67)-0.5)*$K$6,20),I67)) | U67: =IF(J67="","",IF(AND($J$6="On",OR(Attendance!$GB8>0,Attendance!$GF8>0)),MEDIAN(1,J67+(N($AB67)-0.5)*$K$6,20),J67)) -> 4.7555556 | V67: =IF(K67="","",IF(AND($J$6="On",OR(Attendance!$GB8>0,Attendance!$GF8>0)),MEDIAN(1,K67+(N($AB67)-0.5)*$K$6,20),K67)) | W67: =IF(L67="","",IF(AND($J$6="On",OR(Attendance!$GB8>0,Attendance!$GF8>0)),MEDIAN(1,L67+(N($AB67)-0.5)*$K$6,20),L67)) | X67: =IF(M67="","",IF(AND($J$6="On",OR(Attendance!$GB8>0,Attendance!$GF8>0)),MEDIAN(1,M67+(N($AB67)-0.5)*$K$6,20),M67)) | Y67: =IF(N67="","",IF(AND($J$6="On",OR(Attendance!$GB8>0,Attendance!$GF8>0)),MEDIAN(1,N67+(N($AB67)-0.5)*$K$6,20),N67)) | ... AA67: =IF(P67="","",IF(AND($J$6="On",OR(Attendance!$GB8>0,Attendance!$GF8>0)),MEDIAN(1,P67+(N($AB67)-0.5)*$K$6,20),P67)) | AB67: =IF($C67="","",IFERROR(Attendance!$GN8,"")) -> 0 | AC67: =IF($C67="","",IFERROR('Player Grading'!$AL9,"")) -> 4.187963
B68: =IF($C68="","",Attendance!$C9) -> 5 | C68: =IF(Attendance!$D9="","",Attendance!$D9) -> Roisin Offenhausen | D68: =IF($C68="","",'Player Grading'!$D10) -> RW / ACM / ST | E68: =IF($C68="","",IF($E122="",IF(Attendance!$GP9="","Yes",Attendance!$GP9),IF($E122="Available","Yes","No"))) -> Yes | F68: =IF($C68="","",IF($E122="",Attendance!$GQ9&"",IF($E122="Available","",$E122&IF($F122="",""," - "&$F122)&IF($I122="",""," (back "&TEXT($I122,"d mmm")&")")))) | G68: {=IF($C68="","",IF(NOT(ISNUMBER(SEARCH(" GK "," "&SUBSTITUTE($D68,"/"," ")&" "))),"",IFERROR(SUMPRODUCT('Player Grading'!$E10:$AF10,$C$104:$AD$104)/SUMPRODUCT(($C$104:$AD$104)*('Player Grading'!$E10:$AF10<>"")),"")))} | H68: {=IF($C68="","",IF(NOT(ISNUMBER(SEARCH(" RB "," "&SUBSTITUTE($D68,"/"," ")&" "))),"",IFERROR(SUMPRODUCT('Player Grading'!$E10:$AF10,$C$105:$AD$105)/SUMPRODUCT(($C$105:$AD$105)*('Player Grading'!$E10:$AF10<>"")),"")))} | I68: {=IF($C68="","",IF(NOT(ISNUMBER(SEARCH(" CB "," "&SUBSTITUTE($D68,"/"," ")&" "))),"",IFERROR(SUMPRODUCT('Player Grading'!$E10:$AF10,$C$106:$AD$106)/SUMPRODUCT(($C$106:$AD$106)*('Player Grading'!$E10:$AF10<>"")),"")))} | J68: {=IF($C68="","",IF(NOT(ISNUMBER(SEARCH(" LB "," "&SUBSTITUTE($D68,"/"," ")&" "))),"",IFERROR(SUMPRODUCT('Player Grading'!$E10:$AF10,$C$107:$AD$107)/SUMPRODUCT(($C$107:$AD$107)*('Player Grading'!$E10:$AF10<>"")),"")))} | K68: {=IF($C68="","",IF(NOT(ISNUMBER(SEARCH(" DM "," "&SUBSTITUTE($D68,"/"," ")&" "))),"",IFERROR(SUMPRODUCT('Player Grading'!$E10:$AF10,$C$108:$AD$108)/SUMPRODUCT(($C$108:$AD$108)*('Player Grading'!$E10:$AF10<>"")),"")))} | L68: {=IF($C68="","",IF(NOT(ISNUMBER(SEARCH(" CM "," "&SUBSTITUTE($D68,"/"," ")&" "))),"",IFERROR(SUMPRODUCT('Player Grading'!$E10:$AF10,$C$109:$AD$109)/SUMPRODUCT(($C$109:$AD$109)*('Player Grading'!$E10:$AF10<>"")),"")))} | M68: {=IF($C68="","",IF(NOT(ISNUMBER(SEARCH(" ACM "," "&SUBSTITUTE($D68,"/"," ")&" "))),"",IFERROR(SUMPRODUCT('Player Grading'!$E10:$AF10,$C$110:$AD$110)/SUMPRODUCT(($C$110:$AD$110)*('Player Grading'!$E10:$AF10<>"")),"")))} -> 10.304348 | N68: {=IF($C68="","",IF(NOT(ISNUMBER(SEARCH(" RW "," "&SUBSTITUTE($D68,"/"," ")&" "))),"",IFERROR(SUMPRODUCT('Player Grading'!$E10:$AF10,$C$111:$AD$111)/SUMPRODUCT(($C$111:$AD$111)*('Player Grading'!$E10:$AF10<>"")),"")))} -> 10.466667 | O68: {=IF($C68="","",IF(NOT(ISNUMBER(SEARCH(" LW "," "&SUBSTITUTE($D68,"/"," ")&" "))),"",IFERROR(SUMPRODUCT('Player Grading'!$E10:$AF10,$C$112:$AD$112)/SUMPRODUCT(($C$112:$AD$112)*('Player Grading'!$E10:$AF10<>"")),"")))} | P68: {=IF($C68="","",IF(NOT(ISNUMBER(SEARCH(" ST "," "&SUBSTITUTE($D68,"/"," ")&" "))),"",IFERROR(SUMPRODUCT('Player Grading'!$E10:$AF10,$C$113:$AD$113)/SUMPRODUCT(($C$113:$AD$113)*('Player Grading'!$E10:$AF10<>"")),"")))} -> 9.58 | R68: =IF(G68="","",IF(AND($J$6="On",OR(Attendance!$GB9>0,Attendance!$GF9>0)),MEDIAN(1,G68+(N($AB68)-0.5)*$K$6,20),G68)) | S68: =IF(H68="","",IF(AND($J$6="On",OR(Attendance!$GB9>0,Attendance!$GF9>0)),MEDIAN(1,H68+(N($AB68)-0.5)*$K$6,20),H68)) | T68: =IF(I68="","",IF(AND($J$6="On",OR(Attendance!$GB9>0,Attendance!$GF9>0)),MEDIAN(1,I68+(N($AB68)-0.5)*$K$6,20),I68)) | U68: =IF(J68="","",IF(AND($J$6="On",OR(Attendance!$GB9>0,Attendance!$GF9>0)),MEDIAN(1,J68+(N($AB68)-0.5)*$K$6,20),J68)) | V68: =IF(K68="","",IF(AND($J$6="On",OR(Attendance!$GB9>0,Attendance!$GF9>0)),MEDIAN(1,K68+(N($AB68)-0.5)*$K$6,20),K68)) | W68: =IF(L68="","",IF(AND($J$6="On",OR(Attendance!$GB9>0,Attendance!$GF9>0)),MEDIAN(1,L68+(N($AB68)-0.5)*$K$6,20),L68)) | X68: =IF(M68="","",IF(AND($J$6="On",OR(Attendance!$GB9>0,Attendance!$GF9>0)),MEDIAN(1,M68+(N($AB68)-0.5)*$K$6,20),M68)) -> 10.304348 | Y68: =IF(N68="","",IF(AND($J$6="On",OR(Attendance!$GB9>0,Attendance!$GF9>0)),MEDIAN(1,N68+(N($AB68)-0.5)*$K$6,20),N68)) -> 10.466667 | ... AA68: =IF(P68="","",IF(AND($J$6="On",OR(Attendance!$GB9>0,Attendance!$GF9>0)),MEDIAN(1,P68+(N($AB68)-0.5)*$K$6,20),P68)) -> 9.58 | AB68: =IF($C68="","",IFERROR(Attendance!$GN9,"")) -> 0 | AC68: =IF($C68="","",IFERROR('Player Grading'!$AL10,"")) -> 9.7546296
B69: =IF($C69="","",Attendance!$C10) -> 6 | C69: =IF(Attendance!$D10="","",Attendance!$D10) -> Naomi Adewoyin | D69: =IF($C69="","",'Player Grading'!$D11) -> ACM | E69: =IF($C69="","",IF($E123="",IF(Attendance!$GP10="","Yes",Attendance!$GP10),IF($E123="Available","Yes","No"))) -> Yes | F69: =IF($C69="","",IF($E123="",Attendance!$GQ10&"",IF($E123="Available","",$E123&IF($F123="",""," - "&$F123)&IF($I123="",""," (back "&TEXT($I123,"d mmm")&")")))) | G69: {=IF($C69="","",IF(NOT(ISNUMBER(SEARCH(" GK "," "&SUBSTITUTE($D69,"/"," ")&" "))),"",IFERROR(SUMPRODUCT('Player Grading'!$E11:$AF11,$C$104:$AD$104)/SUMPRODUCT(($C$104:$AD$104)*('Player Grading'!$E11:$AF11<>"")),"")))} | H69: {=IF($C69="","",IF(NOT(ISNUMBER(SEARCH(" RB "," "&SUBSTITUTE($D69,"/"," ")&" "))),"",IFERROR(SUMPRODUCT('Player Grading'!$E11:$AF11,$C$105:$AD$105)/SUMPRODUCT(($C$105:$AD$105)*('Player Grading'!$E11:$AF11<>"")),"")))} | I69: {=IF($C69="","",IF(NOT(ISNUMBER(SEARCH(" CB "," "&SUBSTITUTE($D69,"/"," ")&" "))),"",IFERROR(SUMPRODUCT('Player Grading'!$E11:$AF11,$C$106:$AD$106)/SUMPRODUCT(($C$106:$AD$106)*('Player Grading'!$E11:$AF11<>"")),"")))} | J69: {=IF($C69="","",IF(NOT(ISNUMBER(SEARCH(" LB "," "&SUBSTITUTE($D69,"/"," ")&" "))),"",IFERROR(SUMPRODUCT('Player Grading'!$E11:$AF11,$C$107:$AD$107)/SUMPRODUCT(($C$107:$AD$107)*('Player Grading'!$E11:$AF11<>"")),"")))} | K69: {=IF($C69="","",IF(NOT(ISNUMBER(SEARCH(" DM "," "&SUBSTITUTE($D69,"/"," ")&" "))),"",IFERROR(SUMPRODUCT('Player Grading'!$E11:$AF11,$C$108:$AD$108)/SUMPRODUCT(($C$108:$AD$108)*('Player Grading'!$E11:$AF11<>"")),"")))} | L69: {=IF($C69="","",IF(NOT(ISNUMBER(SEARCH(" CM "," "&SUBSTITUTE($D69,"/"," ")&" "))),"",IFERROR(SUMPRODUCT('Player Grading'!$E11:$AF11,$C$109:$AD$109)/SUMPRODUCT(($C$109:$AD$109)*('Player Grading'!$E11:$AF11<>"")),"")))} | M69: {=IF($C69="","",IF(NOT(ISNUMBER(SEARCH(" ACM "," "&SUBSTITUTE($D69,"/"," ")&" "))),"",IFERROR(SUMPRODUCT('Player Grading'!$E11:$AF11,$C$110:$AD$110)/SUMPRODUCT(($C$110:$AD$110)*('Player Grading'!$E11:$AF11<>"")),"")))} -> 9.8913043 | N69: {=IF($C69="","",IF(NOT(ISNUMBER(SEARCH(" RW "," "&SUBSTITUTE($D69,"/"," ")&" "))),"",IFERROR(SUMPRODUCT('Player Grading'!$E11:$AF11,$C$111:$AD$111)/SUMPRODUCT(($C$111:$AD$111)*('Player Grading'!$E11:$AF11<>"")),"")))} | O69: {=IF($C69="","",IF(NOT(ISNUMBER(SEARCH(" LW "," "&SUBSTITUTE($D69,"/"," ")&" "))),"",IFERROR(SUMPRODUCT('Player Grading'!$E11:$AF11,$C$112:$AD$112)/SUMPRODUCT(($C$112:$AD$112)*('Player Grading'!$E11:$AF11<>"")),"")))} | P69: {=IF($C69="","",IF(NOT(ISNUMBER(SEARCH(" ST "," "&SUBSTITUTE($D69,"/"," ")&" "))),"",IFERROR(SUMPRODUCT('Player Grading'!$E11:$AF11,$C$113:$AD$113)/SUMPRODUCT(($C$113:$AD$113)*('Player Grading'!$E11:$AF11<>"")),"")))} | R69: =IF(G69="","",IF(AND($J$6="On",OR(Attendance!$GB10>0,Attendance!$GF10>0)),MEDIAN(1,G69+(N($AB69)-0.5)*$K$6,20),G69)) | S69: =IF(H69="","",IF(AND($J$6="On",OR(Attendance!$GB10>0,Attendance!$GF10>0)),MEDIAN(1,H69+(N($AB69)-0.5)*$K$6,20),H69)) | T69: =IF(I69="","",IF(AND($J$6="On",OR(Attendance!$GB10>0,Attendance!$GF10>0)),MEDIAN(1,I69+(N($AB69)-0.5)*$K$6,20),I69)) | U69: =IF(J69="","",IF(AND($J$6="On",OR(Attendance!$GB10>0,Attendance!$GF10>0)),MEDIAN(1,J69+(N($AB69)-0.5)*$K$6,20),J69)) | V69: =IF(K69="","",IF(AND($J$6="On",OR(Attendance!$GB10>0,Attendance!$GF10>0)),MEDIAN(1,K69+(N($AB69)-0.5)*$K$6,20),K69)) | W69: =IF(L69="","",IF(AND($J$6="On",OR(Attendance!$GB10>0,Attendance!$GF10>0)),MEDIAN(1,L69+(N($AB69)-0.5)*$K$6,20),L69)) | X69: =IF(M69="","",IF(AND($J$6="On",OR(Attendance!$GB10>0,Attendance!$GF10>0)),MEDIAN(1,M69+(N($AB69)-0.5)*$K$6,20),M69)) -> 9.8913043 | Y69: =IF(N69="","",IF(AND($J$6="On",OR(Attendance!$GB10>0,Attendance!$GF10>0)),MEDIAN(1,N69+(N($AB69)-0.5)*$K$6,20),N69)) | ... AA69: =IF(P69="","",IF(AND($J$6="On",OR(Attendance!$GB10>0,Attendance!$GF10>0)),MEDIAN(1,P69+(N($AB69)-0.5)*$K$6,20),P69)) | AB69: =IF($C69="","",IFERROR(Attendance!$GN10,"")) -> 0 | AC69: =IF($C69="","",IFERROR('Player Grading'!$AL11,"")) -> 9.5509259
B70: =IF($C70="","",Attendance!$C11) -> 7 | C70: =IF(Attendance!$D11="","",Attendance!$D11) -> Amber Kilalee | D70: =IF($C70="","",'Player Grading'!$D12) -> LW / ST | E70: =IF($C70="","",IF($E124="",IF(Attendance!$GP11="","Yes",Attendance!$GP11),IF($E124="Available","Yes","No"))) -> Yes | F70: =IF($C70="","",IF($E124="",Attendance!$GQ11&"",IF($E124="Available","",$E124&IF($F124="",""," - "&$F124)&IF($I124="",""," (back "&TEXT($I124,"d mmm")&")")))) | G70: {=IF($C70="","",IF(NOT(ISNUMBER(SEARCH(" GK "," "&SUBSTITUTE($D70,"/"," ")&" "))),"",IFERROR(SUMPRODUCT('Player Grading'!$E12:$AF12,$C$104:$AD$104)/SUMPRODUCT(($C$104:$AD$104)*('Player Grading'!$E12:$AF12<>"")),"")))} | H70: {=IF($C70="","",IF(NOT(ISNUMBER(SEARCH(" RB "," "&SUBSTITUTE($D70,"/"," ")&" "))),"",IFERROR(SUMPRODUCT('Player Grading'!$E12:$AF12,$C$105:$AD$105)/SUMPRODUCT(($C$105:$AD$105)*('Player Grading'!$E12:$AF12<>"")),"")))} | I70: {=IF($C70="","",IF(NOT(ISNUMBER(SEARCH(" CB "," "&SUBSTITUTE($D70,"/"," ")&" "))),"",IFERROR(SUMPRODUCT('Player Grading'!$E12:$AF12,$C$106:$AD$106)/SUMPRODUCT(($C$106:$AD$106)*('Player Grading'!$E12:$AF12<>"")),"")))} | J70: {=IF($C70="","",IF(NOT(ISNUMBER(SEARCH(" LB "," "&SUBSTITUTE($D70,"/"," ")&" "))),"",IFERROR(SUMPRODUCT('Player Grading'!$E12:$AF12,$C$107:$AD$107)/SUMPRODUCT(($C$107:$AD$107)*('Player Grading'!$E12:$AF12<>"")),"")))} | K70: {=IF($C70="","",IF(NOT(ISNUMBER(SEARCH(" DM "," "&SUBSTITUTE($D70,"/"," ")&" "))),"",IFERROR(SUMPRODUCT('Player Grading'!$E12:$AF12,$C$108:$AD$108)/SUMPRODUCT(($C$108:$AD$108)*('Player Grading'!$E12:$AF12<>"")),"")))} | L70: {=IF($C70="","",IF(NOT(ISNUMBER(SEARCH(" CM "," "&SUBSTITUTE($D70,"/"," ")&" "))),"",IFERROR(SUMPRODUCT('Player Grading'!$E12:$AF12,$C$109:$AD$109)/SUMPRODUCT(($C$109:$AD$109)*('Player Grading'!$E12:$AF12<>"")),"")))} | M70: {=IF($C70="","",IF(NOT(ISNUMBER(SEARCH(" ACM "," "&SUBSTITUTE($D70,"/"," ")&" "))),"",IFERROR(SUMPRODUCT('Player Grading'!$E12:$AF12,$C$110:$AD$110)/SUMPRODUCT(($C$110:$AD$110)*('Player Grading'!$E12:$AF12<>"")),"")))} | N70: {=IF($C70="","",IF(NOT(ISNUMBER(SEARCH(" RW "," "&SUBSTITUTE($D70,"/"," ")&" "))),"",IFERROR(SUMPRODUCT('Player Grading'!$E12:$AF12,$C$111:$AD$111)/SUMPRODUCT(($C$111:$AD$111)*('Player Grading'!$E12:$AF12<>"")),"")))} | O70: {=IF($C70="","",IF(NOT(ISNUMBER(SEARCH(" LW "," "&SUBSTITUTE($D70,"/"," ")&" "))),"",IFERROR(SUMPRODUCT('Player Grading'!$E12:$AF12,$C$112:$AD$112)/SUMPRODUCT(($C$112:$AD$112)*('Player Grading'!$E12:$AF12<>"")),"")))} -> 9.2222222 | P70: {=IF($C70="","",IF(NOT(ISNUMBER(SEARCH(" ST "," "&SUBSTITUTE($D70,"/"," ")&" "))),"",IFERROR(SUMPRODUCT('Player Grading'!$E12:$AF12,$C$113:$AD$113)/SUMPRODUCT(($C$113:$AD$113)*('Player Grading'!$E12:$AF12<>"")),"")))} -> 8.96 | R70: =IF(G70="","",IF(AND($J$6="On",OR(Attendance!$GB11>0,Attendance!$GF11>0)),MEDIAN(1,G70+(N($AB70)-0.5)*$K$6,20),G70)) | S70: =IF(H70="","",IF(AND($J$6="On",OR(Attendance!$GB11>0,Attendance!$GF11>0)),MEDIAN(1,H70+(N($AB70)-0.5)*$K$6,20),H70)) | T70: =IF(I70="","",IF(AND($J$6="On",OR(Attendance!$GB11>0,Attendance!$GF11>0)),MEDIAN(1,I70+(N($AB70)-0.5)*$K$6,20),I70)) | U70: =IF(J70="","",IF(AND($J$6="On",OR(Attendance!$GB11>0,Attendance!$GF11>0)),MEDIAN(1,J70+(N($AB70)-0.5)*$K$6,20),J70)) | V70: =IF(K70="","",IF(AND($J$6="On",OR(Attendance!$GB11>0,Attendance!$GF11>0)),MEDIAN(1,K70+(N($AB70)-0.5)*$K$6,20),K70)) | W70: =IF(L70="","",IF(AND($J$6="On",OR(Attendance!$GB11>0,Attendance!$GF11>0)),MEDIAN(1,L70+(N($AB70)-0.5)*$K$6,20),L70)) | X70: =IF(M70="","",IF(AND($J$6="On",OR(Attendance!$GB11>0,Attendance!$GF11>0)),MEDIAN(1,M70+(N($AB70)-0.5)*$K$6,20),M70)) | Y70: =IF(N70="","",IF(AND($J$6="On",OR(Attendance!$GB11>0,Attendance!$GF11>0)),MEDIAN(1,N70+(N($AB70)-0.5)*$K$6,20),N70)) | ... AA70: =IF(P70="","",IF(AND($J$6="On",OR(Attendance!$GB11>0,Attendance!$GF11>0)),MEDIAN(1,P70+(N($AB70)-0.5)*$K$6,20),P70)) -> 8.96 | AB70: =IF($C70="","",IFERROR(Attendance!$GN11,"")) -> 0 | AC70: =IF($C70="","",IFERROR('Player Grading'!$AL12,"")) -> 8.7805556
B71: =IF($C71="","",Attendance!$C12) -> 8 | C71: =IF(Attendance!$D12="","",Attendance!$D12) -> Shauna Kavanagh | D71: =IF($C71="","",'Player Grading'!$D13) -> ST / RW | E71: =IF($C71="","",IF($E125="",IF(Attendance!$GP12="","Yes",Attendance!$GP12),IF($E125="Available","Yes","No"))) -> Yes | F71: =IF($C71="","",IF($E125="",Attendance!$GQ12&"",IF($E125="Available","",$E125&IF($F125="",""," - "&$F125)&IF($I125="",""," (back "&TEXT($I125,"d mmm")&")")))) | G71: {=IF($C71="","",IF(NOT(ISNUMBER(SEARCH(" GK "," "&SUBSTITUTE($D71,"/"," ")&" "))),"",IFERROR(SUMPRODUCT('Player Grading'!$E13:$AF13,$C$104:$AD$104)/SUMPRODUCT(($C$104:$AD$104)*('Player Grading'!$E13:$AF13<>"")),"")))} | H71: {=IF($C71="","",IF(NOT(ISNUMBER(SEARCH(" RB "," "&SUBSTITUTE($D71,"/"," ")&" "))),"",IFERROR(SUMPRODUCT('Player Grading'!$E13:$AF13,$C$105:$AD$105)/SUMPRODUCT(($C$105:$AD$105)*('Player Grading'!$E13:$AF13<>"")),"")))} | I71: {=IF($C71="","",IF(NOT(ISNUMBER(SEARCH(" CB "," "&SUBSTITUTE($D71,"/"," ")&" "))),"",IFERROR(SUMPRODUCT('Player Grading'!$E13:$AF13,$C$106:$AD$106)/SUMPRODUCT(($C$106:$AD$106)*('Player Grading'!$E13:$AF13<>"")),"")))} | J71: {=IF($C71="","",IF(NOT(ISNUMBER(SEARCH(" LB "," "&SUBSTITUTE($D71,"/"," ")&" "))),"",IFERROR(SUMPRODUCT('Player Grading'!$E13:$AF13,$C$107:$AD$107)/SUMPRODUCT(($C$107:$AD$107)*('Player Grading'!$E13:$AF13<>"")),"")))} | K71: {=IF($C71="","",IF(NOT(ISNUMBER(SEARCH(" DM "," "&SUBSTITUTE($D71,"/"," ")&" "))),"",IFERROR(SUMPRODUCT('Player Grading'!$E13:$AF13,$C$108:$AD$108)/SUMPRODUCT(($C$108:$AD$108)*('Player Grading'!$E13:$AF13<>"")),"")))} | L71: {=IF($C71="","",IF(NOT(ISNUMBER(SEARCH(" CM "," "&SUBSTITUTE($D71,"/"," ")&" "))),"",IFERROR(SUMPRODUCT('Player Grading'!$E13:$AF13,$C$109:$AD$109)/SUMPRODUCT(($C$109:$AD$109)*('Player Grading'!$E13:$AF13<>"")),"")))} | M71: {=IF($C71="","",IF(NOT(ISNUMBER(SEARCH(" ACM "," "&SUBSTITUTE($D71,"/"," ")&" "))),"",IFERROR(SUMPRODUCT('Player Grading'!$E13:$AF13,$C$110:$AD$110)/SUMPRODUCT(($C$110:$AD$110)*('Player Grading'!$E13:$AF13<>"")),"")))} | N71: {=IF($C71="","",IF(NOT(ISNUMBER(SEARCH(" RW "," "&SUBSTITUTE($D71,"/"," ")&" "))),"",IFERROR(SUMPRODUCT('Player Grading'!$E13:$AF13,$C$111:$AD$111)/SUMPRODUCT(($C$111:$AD$111)*('Player Grading'!$E13:$AF13<>"")),"")))} -> 8.4 | O71: {=IF($C71="","",IF(NOT(ISNUMBER(SEARCH(" LW "," "&SUBSTITUTE($D71,"/"," ")&" "))),"",IFERROR(SUMPRODUCT('Player Grading'!$E13:$AF13,$C$112:$AD$112)/SUMPRODUCT(($C$112:$AD$112)*('Player Grading'!$E13:$AF13<>"")),"")))} | P71: {=IF($C71="","",IF(NOT(ISNUMBER(SEARCH(" ST "," "&SUBSTITUTE($D71,"/"," ")&" "))),"",IFERROR(SUMPRODUCT('Player Grading'!$E13:$AF13,$C$113:$AD$113)/SUMPRODUCT(($C$113:$AD$113)*('Player Grading'!$E13:$AF13<>"")),"")))} -> 8.14 | R71: =IF(G71="","",IF(AND($J$6="On",OR(Attendance!$GB12>0,Attendance!$GF12>0)),MEDIAN(1,G71+(N($AB71)-0.5)*$K$6,20),G71)) | S71: =IF(H71="","",IF(AND($J$6="On",OR(Attendance!$GB12>0,Attendance!$GF12>0)),MEDIAN(1,H71+(N($AB71)-0.5)*$K$6,20),H71)) | T71: =IF(I71="","",IF(AND($J$6="On",OR(Attendance!$GB12>0,Attendance!$GF12>0)),MEDIAN(1,I71+(N($AB71)-0.5)*$K$6,20),I71)) | U71: =IF(J71="","",IF(AND($J$6="On",OR(Attendance!$GB12>0,Attendance!$GF12>0)),MEDIAN(1,J71+(N($AB71)-0.5)*$K$6,20),J71)) | V71: =IF(K71="","",IF(AND($J$6="On",OR(Attendance!$GB12>0,Attendance!$GF12>0)),MEDIAN(1,K71+(N($AB71)-0.5)*$K$6,20),K71)) | W71: =IF(L71="","",IF(AND($J$6="On",OR(Attendance!$GB12>0,Attendance!$GF12>0)),MEDIAN(1,L71+(N($AB71)-0.5)*$K$6,20),L71)) | X71: =IF(M71="","",IF(AND($J$6="On",OR(Attendance!$GB12>0,Attendance!$GF12>0)),MEDIAN(1,M71+(N($AB71)-0.5)*$K$6,20),M71)) | Y71: =IF(N71="","",IF(AND($J$6="On",OR(Attendance!$GB12>0,Attendance!$GF12>0)),MEDIAN(1,N71+(N($AB71)-0.5)*$K$6,20),N71)) -> 8.4 | ... AA71: =IF(P71="","",IF(AND($J$6="On",OR(Attendance!$GB12>0,Attendance!$GF12>0)),MEDIAN(1,P71+(N($AB71)-0.5)*$K$6,20),P71)) -> 8.14 | AB71: =IF($C71="","",IFERROR(Attendance!$GN12,"")) -> 0 | AC71: =IF($C71="","",IFERROR('Player Grading'!$AL13,"")) -> 7.9342593
B72: =IF($C72="","",Attendance!$C13) -> 9 | C72: =IF(Attendance!$D13="","",Attendance!$D13) -> Tara Brannigan | D72: =IF($C72="","",'Player Grading'!$D14) -> DM / CM | E72: =IF($C72="","",IF($E126="",IF(Attendance!$GP13="","Yes",Attendance!$GP13),IF($E126="Available","Yes","No"))) -> No | F72: =IF($C72="","",IF($E126="",Attendance!$GQ13&"",IF($E126="Available","",$E126&IF($F126="",""," - "&$F126)&IF($I126="",""," (back "&TEXT($I126,"d mmm")&")")))) -> Absent | G72: {=IF($C72="","",IF(NOT(ISNUMBER(SEARCH(" GK "," "&SUBSTITUTE($D72,"/"," ")&" "))),"",IFERROR(SUMPRODUCT('Player Grading'!$E14:$AF14,$C$104:$AD$104)/SUMPRODUCT(($C$104:$AD$104)*('Player Grading'!$E14:$AF14<>"")),"")))} | H72: {=IF($C72="","",IF(NOT(ISNUMBER(SEARCH(" RB "," "&SUBSTITUTE($D72,"/"," ")&" "))),"",IFERROR(SUMPRODUCT('Player Grading'!$E14:$AF14,$C$105:$AD$105)/SUMPRODUCT(($C$105:$AD$105)*('Player Grading'!$E14:$AF14<>"")),"")))} | I72: {=IF($C72="","",IF(NOT(ISNUMBER(SEARCH(" CB "," "&SUBSTITUTE($D72,"/"," ")&" "))),"",IFERROR(SUMPRODUCT('Player Grading'!$E14:$AF14,$C$106:$AD$106)/SUMPRODUCT(($C$106:$AD$106)*('Player Grading'!$E14:$AF14<>"")),"")))} | J72: {=IF($C72="","",IF(NOT(ISNUMBER(SEARCH(" LB "," "&SUBSTITUTE($D72,"/"," ")&" "))),"",IFERROR(SUMPRODUCT('Player Grading'!$E14:$AF14,$C$107:$AD$107)/SUMPRODUCT(($C$107:$AD$107)*('Player Grading'!$E14:$AF14<>"")),"")))} | K72: {=IF($C72="","",IF(NOT(ISNUMBER(SEARCH(" DM "," "&SUBSTITUTE($D72,"/"," ")&" "))),"",IFERROR(SUMPRODUCT('Player Grading'!$E14:$AF14,$C$108:$AD$108)/SUMPRODUCT(($C$108:$AD$108)*('Player Grading'!$E14:$AF14<>"")),"")))} -> 11.755556 | L72: {=IF($C72="","",IF(NOT(ISNUMBER(SEARCH(" CM "," "&SUBSTITUTE($D72,"/"," ")&" "))),"",IFERROR(SUMPRODUCT('Player Grading'!$E14:$AF14,$C$109:$AD$109)/SUMPRODUCT(($C$109:$AD$109)*('Player Grading'!$E14:$AF14<>"")),"")))} -> 10.857143 | M72: {=IF($C72="","",IF(NOT(ISNUMBER(SEARCH(" ACM "," "&SUBSTITUTE($D72,"/"," ")&" "))),"",IFERROR(SUMPRODUCT('Player Grading'!$E14:$AF14,$C$110:$AD$110)/SUMPRODUCT(($C$110:$AD$110)*('Player Grading'!$E14:$AF14<>"")),"")))} | N72: {=IF($C72="","",IF(NOT(ISNUMBER(SEARCH(" RW "," "&SUBSTITUTE($D72,"/"," ")&" "))),"",IFERROR(SUMPRODUCT('Player Grading'!$E14:$AF14,$C$111:$AD$111)/SUMPRODUCT(($C$111:$AD$111)*('Player Grading'!$E14:$AF14<>"")),"")))} | O72: {=IF($C72="","",IF(NOT(ISNUMBER(SEARCH(" LW "," "&SUBSTITUTE($D72,"/"," ")&" "))),"",IFERROR(SUMPRODUCT('Player Grading'!$E14:$AF14,$C$112:$AD$112)/SUMPRODUCT(($C$112:$AD$112)*('Player Grading'!$E14:$AF14<>"")),"")))} | P72: {=IF($C72="","",IF(NOT(ISNUMBER(SEARCH(" ST "," "&SUBSTITUTE($D72,"/"," ")&" "))),"",IFERROR(SUMPRODUCT('Player Grading'!$E14:$AF14,$C$113:$AD$113)/SUMPRODUCT(($C$113:$AD$113)*('Player Grading'!$E14:$AF14<>"")),"")))} | R72: =IF(G72="","",IF(AND($J$6="On",OR(Attendance!$GB13>0,Attendance!$GF13>0)),MEDIAN(1,G72+(N($AB72)-0.5)*$K$6,20),G72)) | S72: =IF(H72="","",IF(AND($J$6="On",OR(Attendance!$GB13>0,Attendance!$GF13>0)),MEDIAN(1,H72+(N($AB72)-0.5)*$K$6,20),H72)) | T72: =IF(I72="","",IF(AND($J$6="On",OR(Attendance!$GB13>0,Attendance!$GF13>0)),MEDIAN(1,I72+(N($AB72)-0.5)*$K$6,20),I72)) | U72: =IF(J72="","",IF(AND($J$6="On",OR(Attendance!$GB13>0,Attendance!$GF13>0)),MEDIAN(1,J72+(N($AB72)-0.5)*$K$6,20),J72)) | V72: =IF(K72="","",IF(AND($J$6="On",OR(Attendance!$GB13>0,Attendance!$GF13>0)),MEDIAN(1,K72+(N($AB72)-0.5)*$K$6,20),K72)) -> 11.755556 | W72: =IF(L72="","",IF(AND($J$6="On",OR(Attendance!$GB13>0,Attendance!$GF13>0)),MEDIAN(1,L72+(N($AB72)-0.5)*$K$6,20),L72)) -> 10.857143 | X72: =IF(M72="","",IF(AND($J$6="On",OR(Attendance!$GB13>0,Attendance!$GF13>0)),MEDIAN(1,M72+(N($AB72)-0.5)*$K$6,20),M72)) | Y72: =IF(N72="","",IF(AND($J$6="On",OR(Attendance!$GB13>0,Attendance!$GF13>0)),MEDIAN(1,N72+(N($AB72)-0.5)*$K$6,20),N72)) | ... AA72: =IF(P72="","",IF(AND($J$6="On",OR(Attendance!$GB13>0,Attendance!$GF13>0)),MEDIAN(1,P72+(N($AB72)-0.5)*$K$6,20),P72)) | AB72: =IF($C72="","",IFERROR(Attendance!$GN13,"")) -> 0 | AC72: =IF($C72="","",IFERROR('Player Grading'!$AL14,"")) -> 10.669444
B73: =IF($C73="","",Attendance!$C14) -> 10 | C73: =IF(Attendance!$D14="","",Attendance!$D14) -> Semilore Adesanya | D73: =IF($C73="","",'Player Grading'!$D15) -> CB / CM | E73: =IF($C73="","",IF($E127="",IF(Attendance!$GP14="","Yes",Attendance!$GP14),IF($E127="Available","Yes","No"))) -> Yes | F73: =IF($C73="","",IF($E127="",Attendance!$GQ14&"",IF($E127="Available","",$E127&IF($F127="",""," - "&$F127)&IF($I127="",""," (back "&TEXT($I127,"d mmm")&")")))) | G73: {=IF($C73="","",IF(NOT(ISNUMBER(SEARCH(" GK "," "&SUBSTITUTE($D73,"/"," ")&" "))),"",IFERROR(SUMPRODUCT('Player Grading'!$E15:$AF15,$C$104:$AD$104)/SUMPRODUCT(($C$104:$AD$104)*('Player Grading'!$E15:$AF15<>"")),"")))} | H73: {=IF($C73="","",IF(NOT(ISNUMBER(SEARCH(" RB "," "&SUBSTITUTE($D73,"/"," ")&" "))),"",IFERROR(SUMPRODUCT('Player Grading'!$E15:$AF15,$C$105:$AD$105)/SUMPRODUCT(($C$105:$AD$105)*('Player Grading'!$E15:$AF15<>"")),"")))} | I73: {=IF($C73="","",IF(NOT(ISNUMBER(SEARCH(" CB "," "&SUBSTITUTE($D73,"/"," ")&" "))),"",IFERROR(SUMPRODUCT('Player Grading'!$E15:$AF15,$C$106:$AD$106)/SUMPRODUCT(($C$106:$AD$106)*('Player Grading'!$E15:$AF15<>"")),"")))} -> 12.195122 | J73: {=IF($C73="","",IF(NOT(ISNUMBER(SEARCH(" LB "," "&SUBSTITUTE($D73,"/"," ")&" "))),"",IFERROR(SUMPRODUCT('Player Grading'!$E15:$AF15,$C$107:$AD$107)/SUMPRODUCT(($C$107:$AD$107)*('Player Grading'!$E15:$AF15<>"")),"")))} | K73: {=IF($C73="","",IF(NOT(ISNUMBER(SEARCH(" DM "," "&SUBSTITUTE($D73,"/"," ")&" "))),"",IFERROR(SUMPRODUCT('Player Grading'!$E15:$AF15,$C$108:$AD$108)/SUMPRODUCT(($C$108:$AD$108)*('Player Grading'!$E15:$AF15<>"")),"")))} | L73: {=IF($C73="","",IF(NOT(ISNUMBER(SEARCH(" CM "," "&SUBSTITUTE($D73,"/"," ")&" "))),"",IFERROR(SUMPRODUCT('Player Grading'!$E15:$AF15,$C$109:$AD$109)/SUMPRODUCT(($C$109:$AD$109)*('Player Grading'!$E15:$AF15<>"")),"")))} -> 10.693878 | M73: {=IF($C73="","",IF(NOT(ISNUMBER(SEARCH(" ACM "," "&SUBSTITUTE($D73,"/"," ")&" "))),"",IFERROR(SUMPRODUCT('Player Grading'!$E15:$AF15,$C$110:$AD$110)/SUMPRODUCT(($C$110:$AD$110)*('Player Grading'!$E15:$AF15<>"")),"")))} | N73: {=IF($C73="","",IF(NOT(ISNUMBER(SEARCH(" RW "," "&SUBSTITUTE($D73,"/"," ")&" "))),"",IFERROR(SUMPRODUCT('Player Grading'!$E15:$AF15,$C$111:$AD$111)/SUMPRODUCT(($C$111:$AD$111)*('Player Grading'!$E15:$AF15<>"")),"")))} | O73: {=IF($C73="","",IF(NOT(ISNUMBER(SEARCH(" LW "," "&SUBSTITUTE($D73,"/"," ")&" "))),"",IFERROR(SUMPRODUCT('Player Grading'!$E15:$AF15,$C$112:$AD$112)/SUMPRODUCT(($C$112:$AD$112)*('Player Grading'!$E15:$AF15<>"")),"")))} | P73: {=IF($C73="","",IF(NOT(ISNUMBER(SEARCH(" ST "," "&SUBSTITUTE($D73,"/"," ")&" "))),"",IFERROR(SUMPRODUCT('Player Grading'!$E15:$AF15,$C$113:$AD$113)/SUMPRODUCT(($C$113:$AD$113)*('Player Grading'!$E15:$AF15<>"")),"")))} | R73: =IF(G73="","",IF(AND($J$6="On",OR(Attendance!$GB14>0,Attendance!$GF14>0)),MEDIAN(1,G73+(N($AB73)-0.5)*$K$6,20),G73)) | S73: =IF(H73="","",IF(AND($J$6="On",OR(Attendance!$GB14>0,Attendance!$GF14>0)),MEDIAN(1,H73+(N($AB73)-0.5)*$K$6,20),H73)) | T73: =IF(I73="","",IF(AND($J$6="On",OR(Attendance!$GB14>0,Attendance!$GF14>0)),MEDIAN(1,I73+(N($AB73)-0.5)*$K$6,20),I73)) -> 12.195122 | U73: =IF(J73="","",IF(AND($J$6="On",OR(Attendance!$GB14>0,Attendance!$GF14>0)),MEDIAN(1,J73+(N($AB73)-0.5)*$K$6,20),J73)) | V73: =IF(K73="","",IF(AND($J$6="On",OR(Attendance!$GB14>0,Attendance!$GF14>0)),MEDIAN(1,K73+(N($AB73)-0.5)*$K$6,20),K73)) | W73: =IF(L73="","",IF(AND($J$6="On",OR(Attendance!$GB14>0,Attendance!$GF14>0)),MEDIAN(1,L73+(N($AB73)-0.5)*$K$6,20),L73)) -> 10.693878 | X73: =IF(M73="","",IF(AND($J$6="On",OR(Attendance!$GB14>0,Attendance!$GF14>0)),MEDIAN(1,M73+(N($AB73)-0.5)*$K$6,20),M73)) | Y73: =IF(N73="","",IF(AND($J$6="On",OR(Attendance!$GB14>0,Attendance!$GF14>0)),MEDIAN(1,N73+(N($AB73)-0.5)*$K$6,20),N73)) | ... AA73: =IF(P73="","",IF(AND($J$6="On",OR(Attendance!$GB14>0,Attendance!$GF14>0)),MEDIAN(1,P73+(N($AB73)-0.5)*$K$6,20),P73)) | AB73: =IF($C73="","",IFERROR(Attendance!$GN14,"")) -> 0 | AC73: =IF($C73="","",IFERROR('Player Grading'!$AL15,"")) -> 10.478704
B74: =IF($C74="","",Attendance!$C15) -> 11 | C74: =IF(Attendance!$D15="","",Attendance!$D15) -> Hannah Fleming | D74: =IF($C74="","",'Player Grading'!$D16) -> LB / LW | E74: =IF($C74="","",IF($E128="",IF(Attendance!$GP15="","Yes",Attendance!$GP15),IF($E128="Available","Yes","No"))) -> Yes | F74: =IF($C74="","",IF($E128="",Attendance!$GQ15&"",IF($E128="Available","",$E128&IF($F128="",""," - "&$F128)&IF($I128="",""," (back "&TEXT($I128,"d mmm")&")")))) | G74: {=IF($C74="","",IF(NOT(ISNUMBER(SEARCH(" GK "," "&SUBSTITUTE($D74,"/"," ")&" "))),"",IFERROR(SUMPRODUCT('Player Grading'!$E16:$AF16,$C$104:$AD$104)/SUMPRODUCT(($C$104:$AD$104)*('Player Grading'!$E16:$AF16<>"")),"")))} | H74: {=IF($C74="","",IF(NOT(ISNUMBER(SEARCH(" RB "," "&SUBSTITUTE($D74,"/"," ")&" "))),"",IFERROR(SUMPRODUCT('Player Grading'!$E16:$AF16,$C$105:$AD$105)/SUMPRODUCT(($C$105:$AD$105)*('Player Grading'!$E16:$AF16<>"")),"")))} | I74: {=IF($C74="","",IF(NOT(ISNUMBER(SEARCH(" CB "," "&SUBSTITUTE($D74,"/"," ")&" "))),"",IFERROR(SUMPRODUCT('Player Grading'!$E16:$AF16,$C$106:$AD$106)/SUMPRODUCT(($C$106:$AD$106)*('Player Grading'!$E16:$AF16<>"")),"")))} | J74: {=IF($C74="","",IF(NOT(ISNUMBER(SEARCH(" LB "," "&SUBSTITUTE($D74,"/"," ")&" "))),"",IFERROR(SUMPRODUCT('Player Grading'!$E16:$AF16,$C$107:$AD$107)/SUMPRODUCT(($C$107:$AD$107)*('Player Grading'!$E16:$AF16<>"")),"")))} -> 10.488889 | K74: {=IF($C74="","",IF(NOT(ISNUMBER(SEARCH(" DM "," "&SUBSTITUTE($D74,"/"," ")&" "))),"",IFERROR(SUMPRODUCT('Player Grading'!$E16:$AF16,$C$108:$AD$108)/SUMPRODUCT(($C$108:$AD$108)*('Player Grading'!$E16:$AF16<>"")),"")))} | L74: {=IF($C74="","",IF(NOT(ISNUMBER(SEARCH(" CM "," "&SUBSTITUTE($D74,"/"," ")&" "))),"",IFERROR(SUMPRODUCT('Player Grading'!$E16:$AF16,$C$109:$AD$109)/SUMPRODUCT(($C$109:$AD$109)*('Player Grading'!$E16:$AF16<>"")),"")))} | M74: {=IF($C74="","",IF(NOT(ISNUMBER(SEARCH(" ACM "," "&SUBSTITUTE($D74,"/"," ")&" "))),"",IFERROR(SUMPRODUCT('Player Grading'!$E16:$AF16,$C$110:$AD$110)/SUMPRODUCT(($C$110:$AD$110)*('Player Grading'!$E16:$AF16<>"")),"")))} | N74: {=IF($C74="","",IF(NOT(ISNUMBER(SEARCH(" RW "," "&SUBSTITUTE($D74,"/"," ")&" "))),"",IFERROR(SUMPRODUCT('Player Grading'!$E16:$AF16,$C$111:$AD$111)/SUMPRODUCT(($C$111:$AD$111)*('Player Grading'!$E16:$AF16<>"")),"")))} | O74: {=IF($C74="","",IF(NOT(ISNUMBER(SEARCH(" LW "," "&SUBSTITUTE($D74,"/"," ")&" "))),"",IFERROR(SUMPRODUCT('Player Grading'!$E16:$AF16,$C$112:$AD$112)/SUMPRODUCT(($C$112:$AD$112)*('Player Grading'!$E16:$AF16<>"")),"")))} -> 10.333333 | P74: {=IF($C74="","",IF(NOT(ISNUMBER(SEARCH(" ST "," "&SUBSTITUTE($D74,"/"," ")&" "))),"",IFERROR(SUMPRODUCT('Player Grading'!$E16:$AF16,$C$113:$AD$113)/SUMPRODUCT(($C$113:$AD$113)*('Player Grading'!$E16:$AF16<>"")),"")))} | R74: =IF(G74="","",IF(AND($J$6="On",OR(Attendance!$GB15>0,Attendance!$GF15>0)),MEDIAN(1,G74+(N($AB74)-0.5)*$K$6,20),G74)) | S74: =IF(H74="","",IF(AND($J$6="On",OR(Attendance!$GB15>0,Attendance!$GF15>0)),MEDIAN(1,H74+(N($AB74)-0.5)*$K$6,20),H74)) | T74: =IF(I74="","",IF(AND($J$6="On",OR(Attendance!$GB15>0,Attendance!$GF15>0)),MEDIAN(1,I74+(N($AB74)-0.5)*$K$6,20),I74)) | U74: =IF(J74="","",IF(AND($J$6="On",OR(Attendance!$GB15>0,Attendance!$GF15>0)),MEDIAN(1,J74+(N($AB74)-0.5)*$K$6,20),J74)) -> 10.488889 | V74: =IF(K74="","",IF(AND($J$6="On",OR(Attendance!$GB15>0,Attendance!$GF15>0)),MEDIAN(1,K74+(N($AB74)-0.5)*$K$6,20),K74)) | W74: =IF(L74="","",IF(AND($J$6="On",OR(Attendance!$GB15>0,Attendance!$GF15>0)),MEDIAN(1,L74+(N($AB74)-0.5)*$K$6,20),L74)) | X74: =IF(M74="","",IF(AND($J$6="On",OR(Attendance!$GB15>0,Attendance!$GF15>0)),MEDIAN(1,M74+(N($AB74)-0.5)*$K$6,20),M74)) | Y74: =IF(N74="","",IF(AND($J$6="On",OR(Attendance!$GB15>0,Attendance!$GF15>0)),MEDIAN(1,N74+(N($AB74)-0.5)*$K$6,20),N74)) | ... AA74: =IF(P74="","",IF(AND($J$6="On",OR(Attendance!$GB15>0,Attendance!$GF15>0)),MEDIAN(1,P74+(N($AB74)-0.5)*$K$6,20),P74)) | AB74: =IF($C74="","",IFERROR(Attendance!$GN15,"")) -> 0 | AC74: =IF($C74="","",IFERROR('Player Grading'!$AL16,"")) -> 10.1
B75: =IF($C75="","",Attendance!$C16) -> 12 | C75: =IF(Attendance!$D16="","",Attendance!$D16) -> Emma Kelly | D75: =IF($C75="","",'Player Grading'!$D17) -> CB | E75: =IF($C75="","",IF($E129="",IF(Attendance!$GP16="","Yes",Attendance!$GP16),IF($E129="Available","Yes","No"))) -> Yes | F75: =IF($C75="","",IF($E129="",Attendance!$GQ16&"",IF($E129="Available","",$E129&IF($F129="",""," - "&$F129)&IF($I129="",""," (back "&TEXT($I129,"d mmm")&")")))) | G75: {=IF($C75="","",IF(NOT(ISNUMBER(SEARCH(" GK "," "&SUBSTITUTE($D75,"/"," ")&" "))),"",IFERROR(SUMPRODUCT('Player Grading'!$E17:$AF17,$C$104:$AD$104)/SUMPRODUCT(($C$104:$AD$104)*('Player Grading'!$E17:$AF17<>"")),"")))} | H75: {=IF($C75="","",IF(NOT(ISNUMBER(SEARCH(" RB "," "&SUBSTITUTE($D75,"/"," ")&" "))),"",IFERROR(SUMPRODUCT('Player Grading'!$E17:$AF17,$C$105:$AD$105)/SUMPRODUCT(($C$105:$AD$105)*('Player Grading'!$E17:$AF17<>"")),"")))} | I75: {=IF($C75="","",IF(NOT(ISNUMBER(SEARCH(" CB "," "&SUBSTITUTE($D75,"/"," ")&" "))),"",IFERROR(SUMPRODUCT('Player Grading'!$E17:$AF17,$C$106:$AD$106)/SUMPRODUCT(($C$106:$AD$106)*('Player Grading'!$E17:$AF17<>"")),"")))} -> 12.780488 | J75: {=IF($C75="","",IF(NOT(ISNUMBER(SEARCH(" LB "," "&SUBSTITUTE($D75,"/"," ")&" "))),"",IFERROR(SUMPRODUCT('Player Grading'!$E17:$AF17,$C$107:$AD$107)/SUMPRODUCT(($C$107:$AD$107)*('Player Grading'!$E17:$AF17<>"")),"")))} | K75: {=IF($C75="","",IF(NOT(ISNUMBER(SEARCH(" DM "," "&SUBSTITUTE($D75,"/"," ")&" "))),"",IFERROR(SUMPRODUCT('Player Grading'!$E17:$AF17,$C$108:$AD$108)/SUMPRODUCT(($C$108:$AD$108)*('Player Grading'!$E17:$AF17<>"")),"")))} | L75: {=IF($C75="","",IF(NOT(ISNUMBER(SEARCH(" CM "," "&SUBSTITUTE($D75,"/"," ")&" "))),"",IFERROR(SUMPRODUCT('Player Grading'!$E17:$AF17,$C$109:$AD$109)/SUMPRODUCT(($C$109:$AD$109)*('Player Grading'!$E17:$AF17<>"")),"")))} | M75: {=IF($C75="","",IF(NOT(ISNUMBER(SEARCH(" ACM "," "&SUBSTITUTE($D75,"/"," ")&" "))),"",IFERROR(SUMPRODUCT('Player Grading'!$E17:$AF17,$C$110:$AD$110)/SUMPRODUCT(($C$110:$AD$110)*('Player Grading'!$E17:$AF17<>"")),"")))} | N75: {=IF($C75="","",IF(NOT(ISNUMBER(SEARCH(" RW "," "&SUBSTITUTE($D75,"/"," ")&" "))),"",IFERROR(SUMPRODUCT('Player Grading'!$E17:$AF17,$C$111:$AD$111)/SUMPRODUCT(($C$111:$AD$111)*('Player Grading'!$E17:$AF17<>"")),"")))} | O75: {=IF($C75="","",IF(NOT(ISNUMBER(SEARCH(" LW "," "&SUBSTITUTE($D75,"/"," ")&" "))),"",IFERROR(SUMPRODUCT('Player Grading'!$E17:$AF17,$C$112:$AD$112)/SUMPRODUCT(($C$112:$AD$112)*('Player Grading'!$E17:$AF17<>"")),"")))} | P75: {=IF($C75="","",IF(NOT(ISNUMBER(SEARCH(" ST "," "&SUBSTITUTE($D75,"/"," ")&" "))),"",IFERROR(SUMPRODUCT('Player Grading'!$E17:$AF17,$C$113:$AD$113)/SUMPRODUCT(($C$113:$AD$113)*('Player Grading'!$E17:$AF17<>"")),"")))} | R75: =IF(G75="","",IF(AND($J$6="On",OR(Attendance!$GB16>0,Attendance!$GF16>0)),MEDIAN(1,G75+(N($AB75)-0.5)*$K$6,20),G75)) | S75: =IF(H75="","",IF(AND($J$6="On",OR(Attendance!$GB16>0,Attendance!$GF16>0)),MEDIAN(1,H75+(N($AB75)-0.5)*$K$6,20),H75)) | T75: =IF(I75="","",IF(AND($J$6="On",OR(Attendance!$GB16>0,Attendance!$GF16>0)),MEDIAN(1,I75+(N($AB75)-0.5)*$K$6,20),I75)) -> 12.780488 | U75: =IF(J75="","",IF(AND($J$6="On",OR(Attendance!$GB16>0,Attendance!$GF16>0)),MEDIAN(1,J75+(N($AB75)-0.5)*$K$6,20),J75)) | V75: =IF(K75="","",IF(AND($J$6="On",OR(Attendance!$GB16>0,Attendance!$GF16>0)),MEDIAN(1,K75+(N($AB75)-0.5)*$K$6,20),K75)) | W75: =IF(L75="","",IF(AND($J$6="On",OR(Attendance!$GB16>0,Attendance!$GF16>0)),MEDIAN(1,L75+(N($AB75)-0.5)*$K$6,20),L75)) | X75: =IF(M75="","",IF(AND($J$6="On",OR(Attendance!$GB16>0,Attendance!$GF16>0)),MEDIAN(1,M75+(N($AB75)-0.5)*$K$6,20),M75)) | Y75: =IF(N75="","",IF(AND($J$6="On",OR(Attendance!$GB16>0,Attendance!$GF16>0)),MEDIAN(1,N75+(N($AB75)-0.5)*$K$6,20),N75)) | ... AA75: =IF(P75="","",IF(AND($J$6="On",OR(Attendance!$GB16>0,Attendance!$GF16>0)),MEDIAN(1,P75+(N($AB75)-0.5)*$K$6,20),P75)) | AB75: =IF($C75="","",IFERROR(Attendance!$GN16,"")) -> 0 | AC75: =IF($C75="","",IFERROR('Player Grading'!$AL17,"")) -> 11.184259
... B83: =IF($C83="","",Attendance!$C24) | C83: =IF(Attendance!$D24="","",Attendance!$D24) | D83: =IF($C83="","",'Player Grading'!$D25) | E83: =IF($C83="","",IF($E137="",IF(Attendance!$GP24="","Yes",Attendance!$GP24),IF($E137="Available","Yes","No"))) | F83: =IF($C83="","",IF($E137="",Attendance!$GQ24&"",IF($E137="Available","",$E137&IF($F137="",""," - "&$F137)&IF($I137="",""," (back "&TEXT($I137,"d mmm")&")")))) | G83: {=IF($C83="","",IF(NOT(ISNUMBER(SEARCH(" GK "," "&SUBSTITUTE($D83,"/"," ")&" "))),"",IFERROR(SUMPRODUCT('Player Grading'!$E25:$AF25,$C$104:$AD$104)/SUMPRODUCT(($C$104:$AD$104)*('Player Grading'!$E25:$AF25<>"")),"")))} | H83: {=IF($C83="","",IF(NOT(ISNUMBER(SEARCH(" RB "," "&SUBSTITUTE($D83,"/"," ")&" "))),"",IFERROR(SUMPRODUCT('Player Grading'!$E25:$AF25,$C$105:$AD$105)/SUMPRODUCT(($C$105:$AD$105)*('Player Grading'!$E25:$AF25<>"")),"")))} | I83: {=IF($C83="","",IF(NOT(ISNUMBER(SEARCH(" CB "," "&SUBSTITUTE($D83,"/"," ")&" "))),"",IFERROR(SUMPRODUCT('Player Grading'!$E25:$AF25,$C$106:$AD$106)/SUMPRODUCT(($C$106:$AD$106)*('Player Grading'!$E25:$AF25<>"")),"")))} | J83: {=IF($C83="","",IF(NOT(ISNUMBER(SEARCH(" LB "," "&SUBSTITUTE($D83,"/"," ")&" "))),"",IFERROR(SUMPRODUCT('Player Grading'!$E25:$AF25,$C$107:$AD$107)/SUMPRODUCT(($C$107:$AD$107)*('Player Grading'!$E25:$AF25<>"")),"")))} | K83: {=IF($C83="","",IF(NOT(ISNUMBER(SEARCH(" DM "," "&SUBSTITUTE($D83,"/"," ")&" "))),"",IFERROR(SUMPRODUCT('Player Grading'!$E25:$AF25,$C$108:$AD$108)/SUMPRODUCT(($C$108:$AD$108)*('Player Grading'!$E25:$AF25<>"")),"")))} | L83: {=IF($C83="","",IF(NOT(ISNUMBER(SEARCH(" CM "," "&SUBSTITUTE($D83,"/"," ")&" "))),"",IFERROR(SUMPRODUCT('Player Grading'!$E25:$AF25,$C$109:$AD$109)/SUMPRODUCT(($C$109:$AD$109)*('Player Grading'!$E25:$AF25<>"")),"")))} | M83: {=IF($C83="","",IF(NOT(ISNUMBER(SEARCH(" ACM "," "&SUBSTITUTE($D83,"/"," ")&" "))),"",IFERROR(SUMPRODUCT('Player Grading'!$E25:$AF25,$C$110:$AD$110)/SUMPRODUCT(($C$110:$AD$110)*('Player Grading'!$E25:$AF25<>"")),"")))} | N83: {=IF($C83="","",IF(NOT(ISNUMBER(SEARCH(" RW "," "&SUBSTITUTE($D83,"/"," ")&" "))),"",IFERROR(SUMPRODUCT('Player Grading'!$E25:$AF25,$C$111:$AD$111)/SUMPRODUCT(($C$111:$AD$111)*('Player Grading'!$E25:$AF25<>"")),"")))} | O83: {=IF($C83="","",IF(NOT(ISNUMBER(SEARCH(" LW "," "&SUBSTITUTE($D83,"/"," ")&" "))),"",IFERROR(SUMPRODUCT('Player Grading'!$E25:$AF25,$C$112:$AD$112)/SUMPRODUCT(($C$112:$AD$112)*('Player Grading'!$E25:$AF25<>"")),"")))} | P83: {=IF($C83="","",IF(NOT(ISNUMBER(SEARCH(" ST "," "&SUBSTITUTE($D83,"/"," ")&" "))),"",IFERROR(SUMPRODUCT('Player Grading'!$E25:$AF25,$C$113:$AD$113)/SUMPRODUCT(($C$113:$AD$113)*('Player Grading'!$E25:$AF25<>"")),"")))} | R83: =IF(G83="","",IF(AND($J$6="On",OR(Attendance!$GB24>0,Attendance!$GF24>0)),MEDIAN(1,G83+(N($AB83)-0.5)*$K$6,20),G83)) | S83: =IF(H83="","",IF(AND($J$6="On",OR(Attendance!$GB24>0,Attendance!$GF24>0)),MEDIAN(1,H83+(N($AB83)-0.5)*$K$6,20),H83)) | T83: =IF(I83="","",IF(AND($J$6="On",OR(Attendance!$GB24>0,Attendance!$GF24>0)),MEDIAN(1,I83+(N($AB83)-0.5)*$K$6,20),I83)) | U83: =IF(J83="","",IF(AND($J$6="On",OR(Attendance!$GB24>0,Attendance!$GF24>0)),MEDIAN(1,J83+(N($AB83)-0.5)*$K$6,20),J83)) | V83: =IF(K83="","",IF(AND($J$6="On",OR(Attendance!$GB24>0,Attendance!$GF24>0)),MEDIAN(1,K83+(N($AB83)-0.5)*$K$6,20),K83)) | W83: =IF(L83="","",IF(AND($J$6="On",OR(Attendance!$GB24>0,Attendance!$GF24>0)),MEDIAN(1,L83+(N($AB83)-0.5)*$K$6,20),L83)) | X83: =IF(M83="","",IF(AND($J$6="On",OR(Attendance!$GB24>0,Attendance!$GF24>0)),MEDIAN(1,M83+(N($AB83)-0.5)*$K$6,20),M83)) | Y83: =IF(N83="","",IF(AND($J$6="On",OR(Attendance!$GB24>0,Attendance!$GF24>0)),MEDIAN(1,N83+(N($AB83)-0.5)*$K$6,20),N83)) | ... AA83: =IF(P83="","",IF(AND($J$6="On",OR(Attendance!$GB24>0,Attendance!$GF24>0)),MEDIAN(1,P83+(N($AB83)-0.5)*$K$6,20),P83)) | AB83: =IF($C83="","",IFERROR(Attendance!$GN24,"")) | AC83: =IF($C83="","",IFERROR('Player Grading'!$AL25,""))
B86: SELECTION ENGINE — eligibility scores (auto; do not edit)
B87: Slot | C87: =IF($C64="","",$C64) -> Aoife Kennan | D87: =IF($C65="","",$C65) -> Stella McEvoy | E87: =IF($C66="","",$C66) -> Zara Power | F87: =IF($C67="","",$C67) -> Heidi Cerubini Dunne | G87: =IF($C68="","",$C68) -> Roisin Offenhausen | H87: =IF($C69="","",$C69) -> Naomi Adewoyin | I87: =IF($C70="","",$C70) -> Amber Kilalee | J87: =IF($C71="","",$C71) -> Shauna Kavanagh | K87: =IF($C72="","",$C72) -> Tara Brannigan | L87: =IF($C73="","",$C73) -> Semilore Adesanya | M87: =IF($C74="","",$C74) -> Hannah Fleming | N87: =IF($C75="","",$C75) -> Emma Kelly | O87: =IF($C76="","",$C76) -> Roma Memon | P87: =IF($C77="","",$C77) -> Emma Dromgoole | Q87: =IF($C78="","",$C78) -> Elsie Morrison | R87: =IF($C79="","",$C79) -> Zara Freeman | S87: =IF($C80="","",$C80) -> Marianna | T87: =IF($C81="","",$C81) | U87: =IF($C82="","",$C82) | V87: =IF($C83="","",$C83)
B88: 1 GK | C88: =IF(OR($C64="",R64="",$E64<>"Yes",COUNTIF($H$25:$H$35,$C64)>0),"",R64) -> 5.8409091 | D88: =IF(OR($C65="",R65="",$E65<>"Yes",COUNTIF($H$25:$H$35,$C65)>0),"",R65) | E88: =IF(OR($C66="",R66="",$E66<>"Yes",COUNTIF($H$25:$H$35,$C66)>0),"",R66) | F88: =IF(OR($C67="",R67="",$E67<>"Yes",COUNTIF($H$25:$H$35,$C67)>0),"",R67) | G88: =IF(OR($C68="",R68="",$E68<>"Yes",COUNTIF($H$25:$H$35,$C68)>0),"",R68) | H88: =IF(OR($C69="",R69="",$E69<>"Yes",COUNTIF($H$25:$H$35,$C69)>0),"",R69) | I88: =IF(OR($C70="",R70="",$E70<>"Yes",COUNTIF($H$25:$H$35,$C70)>0),"",R70) | J88: =IF(OR($C71="",R71="",$E71<>"Yes",COUNTIF($H$25:$H$35,$C71)>0),"",R71) | K88: =IF(OR($C72="",R72="",$E72<>"Yes",COUNTIF($H$25:$H$35,$C72)>0),"",R72) | L88: =IF(OR($C73="",R73="",$E73<>"Yes",COUNTIF($H$25:$H$35,$C73)>0),"",R73) | M88: =IF(OR($C74="",R74="",$E74<>"Yes",COUNTIF($H$25:$H$35,$C74)>0),"",R74) | N88: =IF(OR($C75="",R75="",$E75<>"Yes",COUNTIF($H$25:$H$35,$C75)>0),"",R75) | O88: =IF(OR($C76="",R76="",$E76<>"Yes",COUNTIF($H$25:$H$35,$C76)>0),"",R76) | P88: =IF(OR($C77="",R77="",$E77<>"Yes",COUNTIF($H$25:$H$35,$C77)>0),"",R77) | Q88: =IF(OR($C78="",R78="",$E78<>"Yes",COUNTIF($H$25:$H$35,$C78)>0),"",R78) -> 9.9090909 | R88: =IF(OR($C79="",R79="",$E79<>"Yes",COUNTIF($H$25:$H$35,$C79)>0),"",R79) | S88: =IF(OR($C80="",R80="",$E80<>"Yes",COUNTIF($H$25:$H$35,$C80)>0),"",R80) | T88: =IF(OR($C81="",R81="",$E81<>"Yes",COUNTIF($H$25:$H$35,$C81)>0),"",R81) | U88: =IF(OR($C82="",R82="",$E82<>"Yes",COUNTIF($H$25:$H$35,$C82)>0),"",R82) | V88: =IF(OR($C83="",R83="",$E83<>"Yes",COUNTIF($H$25:$H$35,$C83)>0),"",R83)
B89: 2 RB | C89: =IF(OR($C64="",S64="",$E64<>"Yes",COUNTIF($H$25:$H$35,$C64)>0,COUNTIF($D$25:$D$25,$C64)>0),"",S64) | D89: =IF(OR($C65="",S65="",$E65<>"Yes",COUNTIF($H$25:$H$35,$C65)>0,COUNTIF($D$25:$D$25,$C65)>0),"",S65) -> 9.3777778 | E89: =IF(OR($C66="",S66="",$E66<>"Yes",COUNTIF($H$25:$H$35,$C66)>0,COUNTIF($D$25:$D$25,$C66)>0),"",S66) | F89: =IF(OR($C67="",S67="",$E67<>"Yes",COUNTIF($H$25:$H$35,$C67)>0,COUNTIF($D$25:$D$25,$C67)>0),"",S67) -> 4.7555556 | G89: =IF(OR($C68="",S68="",$E68<>"Yes",COUNTIF($H$25:$H$35,$C68)>0,COUNTIF($D$25:$D$25,$C68)>0),"",S68) | H89: =IF(OR($C69="",S69="",$E69<>"Yes",COUNTIF($H$25:$H$35,$C69)>0,COUNTIF($D$25:$D$25,$C69)>0),"",S69) | I89: =IF(OR($C70="",S70="",$E70<>"Yes",COUNTIF($H$25:$H$35,$C70)>0,COUNTIF($D$25:$D$25,$C70)>0),"",S70) | J89: =IF(OR($C71="",S71="",$E71<>"Yes",COUNTIF($H$25:$H$35,$C71)>0,COUNTIF($D$25:$D$25,$C71)>0),"",S71) | K89: =IF(OR($C72="",S72="",$E72<>"Yes",COUNTIF($H$25:$H$35,$C72)>0,COUNTIF($D$25:$D$25,$C72)>0),"",S72) | L89: =IF(OR($C73="",S73="",$E73<>"Yes",COUNTIF($H$25:$H$35,$C73)>0,COUNTIF($D$25:$D$25,$C73)>0),"",S73) | M89: =IF(OR($C74="",S74="",$E74<>"Yes",COUNTIF($H$25:$H$35,$C74)>0,COUNTIF($D$25:$D$25,$C74)>0),"",S74) | N89: =IF(OR($C75="",S75="",$E75<>"Yes",COUNTIF($H$25:$H$35,$C75)>0,COUNTIF($D$25:$D$25,$C75)>0),"",S75) | O89: =IF(OR($C76="",S76="",$E76<>"Yes",COUNTIF($H$25:$H$35,$C76)>0,COUNTIF($D$25:$D$25,$C76)>0),"",S76) | P89: =IF(OR($C77="",S77="",$E77<>"Yes",COUNTIF($H$25:$H$35,$C77)>0,COUNTIF($D$25:$D$25,$C77)>0),"",S77) | Q89: =IF(OR($C78="",S78="",$E78<>"Yes",COUNTIF($H$25:$H$35,$C78)>0,COUNTIF($D$25:$D$25,$C78)>0),"",S78) | R89: =IF(OR($C79="",S79="",$E79<>"Yes",COUNTIF($H$25:$H$35,$C79)>0,COUNTIF($D$25:$D$25,$C79)>0),"",S79) | S89: =IF(OR($C80="",S80="",$E80<>"Yes",COUNTIF($H$25:$H$35,$C80)>0,COUNTIF($D$25:$D$25,$C80)>0),"",S80) -> 9.7777778 | T89: =IF(OR($C81="",S81="",$E81<>"Yes",COUNTIF($H$25:$H$35,$C81)>0,COUNTIF($D$25:$D$25,$C81)>0),"",S81) | U89: =IF(OR($C82="",S82="",$E82<>"Yes",COUNTIF($H$25:$H$35,$C82)>0,COUNTIF($D$25:$D$25,$C82)>0),"",S82) | V89: =IF(OR($C83="",S83="",$E83<>"Yes",COUNTIF($H$25:$H$35,$C83)>0,COUNTIF($D$25:$D$25,$C83)>0),"",S83)
B90: 3 CB | C90: =IF(OR($C64="",T64="",$E64<>"Yes",COUNTIF($H$25:$H$35,$C64)>0,COUNTIF($D$25:$D$26,$C64)>0),"",T64) | D90: =IF(OR($C65="",T65="",$E65<>"Yes",COUNTIF($H$25:$H$35,$C65)>0,COUNTIF($D$25:$D$26,$C65)>0),"",T65) | E90: =IF(OR($C66="",T66="",$E66<>"Yes",COUNTIF($H$25:$H$35,$C66)>0,COUNTIF($D$25:$D$26,$C66)>0),"",T66) | F90: =IF(OR($C67="",T67="",$E67<>"Yes",COUNTIF($H$25:$H$35,$C67)>0,COUNTIF($D$25:$D$26,$C67)>0),"",T67) | G90: =IF(OR($C68="",T68="",$E68<>"Yes",COUNTIF($H$25:$H$35,$C68)>0,COUNTIF($D$25:$D$26,$C68)>0),"",T68) | H90: =IF(OR($C69="",T69="",$E69<>"Yes",COUNTIF($H$25:$H$35,$C69)>0,COUNTIF($D$25:$D$26,$C69)>0),"",T69) | I90: =IF(OR($C70="",T70="",$E70<>"Yes",COUNTIF($H$25:$H$35,$C70)>0,COUNTIF($D$25:$D$26,$C70)>0),"",T70) | J90: =IF(OR($C71="",T71="",$E71<>"Yes",COUNTIF($H$25:$H$35,$C71)>0,COUNTIF($D$25:$D$26,$C71)>0),"",T71) | K90: =IF(OR($C72="",T72="",$E72<>"Yes",COUNTIF($H$25:$H$35,$C72)>0,COUNTIF($D$25:$D$26,$C72)>0),"",T72) | L90: =IF(OR($C73="",T73="",$E73<>"Yes",COUNTIF($H$25:$H$35,$C73)>0,COUNTIF($D$25:$D$26,$C73)>0),"",T73) -> 12.195122 | M90: =IF(OR($C74="",T74="",$E74<>"Yes",COUNTIF($H$25:$H$35,$C74)>0,COUNTIF($D$25:$D$26,$C74)>0),"",T74) | N90: =IF(OR($C75="",T75="",$E75<>"Yes",COUNTIF($H$25:$H$35,$C75)>0,COUNTIF($D$25:$D$26,$C75)>0),"",T75) -> 12.780488 | O90: =IF(OR($C76="",T76="",$E76<>"Yes",COUNTIF($H$25:$H$35,$C76)>0,COUNTIF($D$25:$D$26,$C76)>0),"",T76) | P90: =IF(OR($C77="",T77="",$E77<>"Yes",COUNTIF($H$25:$H$35,$C77)>0,COUNTIF($D$25:$D$26,$C77)>0),"",T77) | Q90: =IF(OR($C78="",T78="",$E78<>"Yes",COUNTIF($H$25:$H$35,$C78)>0,COUNTIF($D$25:$D$26,$C78)>0),"",T78) | R90: =IF(OR($C79="",T79="",$E79<>"Yes",COUNTIF($H$25:$H$35,$C79)>0,COUNTIF($D$25:$D$26,$C79)>0),"",T79) | S90: =IF(OR($C80="",T80="",$E80<>"Yes",COUNTIF($H$25:$H$35,$C80)>0,COUNTIF($D$25:$D$26,$C80)>0),"",T80) | T90: =IF(OR($C81="",T81="",$E81<>"Yes",COUNTIF($H$25:$H$35,$C81)>0,COUNTIF($D$25:$D$26,$C81)>0),"",T81) | U90: =IF(OR($C82="",T82="",$E82<>"Yes",COUNTIF($H$25:$H$35,$C82)>0,COUNTIF($D$25:$D$26,$C82)>0),"",T82) | V90: =IF(OR($C83="",T83="",$E83<>"Yes",COUNTIF($H$25:$H$35,$C83)>0,COUNTIF($D$25:$D$26,$C83)>0),"",T83)
